{"type":"FeatureCollection","attribution":"© OpenStreetMap contributors","license":"https://opendatacommons.org/licenses/odbl/1-0/","attributionURL":"https://www.openstreetmap.org/copyright","features":[{"type":"Feature","id":"osm-relation-2295810-part-0","properties":{"kind":"water","name":"Dragonfly Lake"},"geometry":{"type":"Polygon","coordinates":[[[103.8625888,1.2826482],[103.8626173,1.2827834],[103.862683,1.2829466],[103.8627782,1.2830865],[103.8629053,1.2832085],[103.8630396,1.2832966],[103.8631654,1.2833658],[103.8634129,1.2834671],[103.8635678,1.2835108],[103.8635558,1.2835494],[103.8637953,1.2835788],[103.8637979,1.2836133],[103.8637392,1.2836274],[103.8637701,1.2837154],[103.8636639,1.2837818],[103.8636977,1.2838162],[103.8634534,1.2839467],[103.8630957,1.2842089],[103.8630215,1.2842779],[103.8629421,1.2843948],[103.8629016,1.2845239],[103.8629026,1.2847071],[103.8629344,1.2851835],[103.8629382,1.285373],[103.8629342,1.285682],[103.8628225,1.2857221],[103.8628193,1.2852917],[103.8628005,1.2848546],[103.8627768,1.2845758],[103.8627097,1.2845836],[103.8626698,1.2842169],[103.8625749,1.2836323],[103.8624471,1.2830236],[103.8623597,1.2826453],[103.8623192,1.2825131],[103.8620475,1.2817866],[103.8618367,1.28128],[103.8615627,1.2806966],[103.8611746,1.279994],[103.8605142,1.2788944],[103.8597574,1.2777191],[103.8598229,1.2776768],[103.8599129,1.2777247],[103.8599283,1.2777141],[103.8599463,1.2775243],[103.8600483,1.2774586],[103.8600883,1.2775226],[103.8600206,1.2775671],[103.8599987,1.2777551],[103.8600864,1.2779192],[103.860112,1.2782125],[103.8601766,1.2782783],[103.8603871,1.2784128],[103.8604367,1.2785131],[103.8604707,1.2787729],[103.8604988,1.2788116],[103.8605513,1.2788358],[103.8605609,1.2788753],[103.8607402,1.2789645],[103.8609288,1.2790637],[103.8609714,1.2791221],[103.8609809,1.2792187],[103.860973,1.2794935],[103.8610273,1.2796237],[103.8611755,1.2798006],[103.8613473,1.2799158],[103.8614925,1.2799435],[103.8615638,1.2799024],[103.861579,1.2798552],[103.861564,1.2797438],[103.8615815,1.2796139],[103.8616502,1.2794112],[103.8616959,1.2794352],[103.8616414,1.2796189],[103.8616415,1.2796208],[103.8616512,1.2797791],[103.8617056,1.279867],[103.8617074,1.2798699],[103.8618047,1.2799371],[103.8619297,1.2799624],[103.8619168,1.2800131],[103.8617793,1.2799804],[103.8616754,1.2799719],[103.8615881,1.2799787],[103.8615307,1.2799917],[103.8615025,1.2800667],[103.861503,1.2800689],[103.8615699,1.2803838],[103.8616644,1.2806112],[103.8617982,1.2808199],[103.8619311,1.2809921],[103.8620927,1.2811225],[103.8621663,1.2811158],[103.8622172,1.281022],[103.862251,1.2807559],[103.8623571,1.2807407],[103.862334,1.2811668],[103.8623882,1.2815048],[103.8625085,1.2816934],[103.862633,1.2817852],[103.8627677,1.2818642],[103.86277,1.2819136],[103.8629615,1.2819824],[103.8630636,1.2820053],[103.8631665,1.2820029],[103.8631199,1.2821258],[103.8629474,1.2820695],[103.8627414,1.2820334],[103.8625842,1.2820321],[103.8625646,1.2822866],[103.8625645,1.2824773],[103.8625742,1.2825865],[103.8625888,1.2826482]],[[103.8622573,1.2816258],[103.8623137,1.2816285],[103.8623348,1.2816104],[103.8623459,1.2815937],[103.862332,1.2815378],[103.8622962,1.2814864],[103.8622652,1.2814798],[103.8622399,1.2814864],[103.8622109,1.2815148],[103.8621894,1.2815529],[103.8621883,1.2815792],[103.8621983,1.281603],[103.8622573,1.2816258]],[[103.8628449,1.2833966],[103.8627842,1.2833918],[103.8627464,1.2834184],[103.8627391,1.2834636],[103.8627518,1.2835203],[103.8627802,1.2836263],[103.8628232,1.2837124],[103.8628832,1.2837402],[103.8629404,1.2837136],[103.8629717,1.2836678],[103.8630168,1.2835985],[103.8630119,1.2835364],[103.8629095,1.2834394],[103.8628449,1.2833966]]]}},{"type":"Feature","id":"osm-relation-2298319-part-0","properties":{"kind":"building","name":"The Shoppes at Marina Bay Sands"},"geometry":{"type":"Polygon","coordinates":[[[103.8604823,1.2857379],[103.8605567,1.2857684],[103.860626,1.2860253],[103.8605261,1.2860692],[103.8604246,1.2861041],[103.8603012,1.2861276],[103.8603108,1.2861763],[103.8602934,1.2861888],[103.8600224,1.286217],[103.8600154,1.2861903],[103.8599958,1.2861241],[103.8599734,1.2860673],[103.8598634,1.2860283],[103.8597746,1.2859898],[103.8596784,1.2859344],[103.8595955,1.2858566],[103.8595214,1.2857906],[103.8594456,1.2857027],[103.8593899,1.2856154],[103.8593405,1.2855184],[103.8593049,1.2854133],[103.8592207,1.285126],[103.8591868,1.2850899],[103.8591569,1.2850152],[103.8591592,1.2849578],[103.8591444,1.2849086],[103.8591311,1.2849075],[103.8590984,1.2848421],[103.8590549,1.2847499],[103.8589782,1.2845831],[103.8589183,1.2844561],[103.8588168,1.2842408],[103.8587387,1.2842839],[103.8583616,1.2836008],[103.8584338,1.283561],[103.8581894,1.2832237],[103.8580073,1.2829849],[103.8579169,1.2828664],[103.857458,1.2823297],[103.8571588,1.282092],[103.8574096,1.2818233],[103.8577683,1.282178],[103.8581184,1.2825722],[103.8584657,1.2830213],[103.8587703,1.2834755],[103.8592006,1.2828215],[103.8594361,1.2830678],[103.8589379,1.2838767],[103.8592915,1.2845887],[103.8594046,1.284858],[103.8602673,1.2841583],[103.8603489,1.2842146],[103.8603276,1.2843133],[103.8594569,1.2850353],[103.8594954,1.2852001],[103.8596189,1.2854642],[103.8597099,1.2855958],[103.8597684,1.2856583],[103.8598382,1.2857005],[103.8599251,1.2857565],[103.8600299,1.2857996],[103.8601436,1.2858126],[103.8602264,1.285811],[103.8603247,1.2857955],[103.8604076,1.2857704],[103.8604823,1.2857379]],[[103.8586904,1.2840248],[103.8586986,1.2840251],[103.8587069,1.2840248],[103.8587152,1.2840237],[103.8587234,1.284022],[103.8587314,1.2840196],[103.8587392,1.2840165],[103.8587467,1.2840128],[103.8587538,1.2840085],[103.8587606,1.2840036],[103.8587669,1.2839981],[103.8587728,1.2839922],[103.8587782,1.2839857],[103.8587829,1.2839789],[103.8587871,1.2839717],[103.8587907,1.2839641],[103.8587937,1.2839563],[103.858796,1.2839482],[103.8587976,1.28394],[103.8587985,1.2839317],[103.8587987,1.2839234],[103.8587982,1.283915],[103.8587971,1.2839068],[103.8587952,1.2838986],[103.8587927,1.2838906],[103.8587895,1.2838829],[103.8587857,1.2838755],[103.8587812,1.2838684],[103.8587762,1.2838617],[103.8587707,1.2838554],[103.8587646,1.2838497],[103.8587581,1.2838444],[103.8587512,1.2838397],[103.8587439,1.2838356],[103.8587363,1.2838321],[103.8587285,1.2838293],[103.8587204,1.2838271],[103.8587122,1.2838257],[103.8587038,1.2838249],[103.8586955,1.2838248],[103.8586873,1.2838253],[103.8586792,1.2838266],[103.8586712,1.2838285],[103.8586634,1.2838311],[103.8586558,1.2838342],[103.8586486,1.283838],[103.8586416,1.2838424],[103.858635,1.2838473],[103.8586289,1.2838528],[103.8586232,1.2838587],[103.8586181,1.2838651],[103.8586134,1.2838719],[103.8586094,1.283879],[103.8586059,1.2838864],[103.8586031,1.2838941],[103.8586009,1.2839021],[103.8585993,1.2839101],[103.8585985,1.2839183],[103.8585983,1.2839265],[103.8585987,1.2839347],[103.8585998,1.2839428],[103.8586016,1.2839508],[103.8586041,1.2839586],[103.8586072,1.2839662],[103.8586108,1.2839736],[103.8586151,1.2839806],[103.85862,1.2839872],[103.8586253,1.2839934],[103.8586312,1.2839992],[103.8586375,1.2840044],[103.8586442,1.2840092],[103.8586513,1.2840133],[103.8586587,1.2840169],[103.8586663,1.2840198],[103.8586742,1.2840221],[103.8586822,1.2840238],[103.8586904,1.2840248]]]}},{"type":"Feature","id":"osm-relation-2301116-part-0","properties":{"kind":"building","name":"METT Singapore"},"geometry":{"type":"Polygon","coordinates":[[[103.8452351,1.2960951],[103.8448045,1.2957633],[103.8448932,1.2956482],[103.8453254,1.2959813],[103.845364,1.2959312],[103.8451003,1.2957265],[103.8452192,1.2955732],[103.8454847,1.2957791],[103.8455335,1.2957163],[103.8456477,1.2958048],[103.8455989,1.2958676],[103.8458613,1.296071],[103.845766,1.2961938],[103.8459469,1.2963331],[103.8458864,1.2964117],[103.8458121,1.2963537],[103.8457237,1.2964683],[103.8455957,1.2963871],[103.8453512,1.2961812],[103.8453342,1.2962032],[103.8452198,1.296115],[103.8452351,1.2960951]],[[103.8457424,1.2962243],[103.8454785,1.2960195],[103.8454412,1.2960679],[103.8457034,1.29627],[103.8457424,1.2962243]]]}},{"type":"Feature","id":"osm-relation-2304417-part-0","properties":{"kind":"building","name":"Hong Lim Complex"},"geometry":{"type":"Polygon","coordinates":[[[103.8453999,1.2851899],[103.8453867,1.2851679],[103.8453236,1.2850628],[103.8452474,1.2851085],[103.8450104,1.2847135],[103.8449003,1.2845299],[103.8452793,1.2843026],[103.8453732,1.2844592],[103.8455783,1.2843362],[103.8455901,1.284356],[103.8457109,1.2842835],[103.8456096,1.2841146],[103.8458899,1.2839465],[103.8459743,1.2840871],[103.8461442,1.2839852],[103.8464788,1.284543],[103.8458334,1.28493],[103.8454821,1.2851406],[103.8453999,1.2851899]],[[103.8458885,1.2848349],[103.8460008,1.2847686],[103.8458394,1.284495],[103.8457537,1.2845462],[103.8458651,1.284735],[103.8458384,1.28475],[103.8458885,1.2848349]],[[103.8456928,1.2844429],[103.8457186,1.2844848],[103.8458027,1.2844337],[103.8457251,1.2843073],[103.8456129,1.2843761],[103.8456648,1.2844606],[103.8456928,1.2844429]]]}},{"type":"Feature","id":"osm-relation-3413595-part-0","properties":{"kind":"building","name":"National Design Centre"},"geometry":{"type":"Polygon","coordinates":[[[103.8535685,1.2983055],[103.8536101,1.2983585],[103.8536284,1.2983444],[103.8537607,1.2985027],[103.8537507,1.2985924],[103.8537277,1.2986091],[103.8537358,1.2986195],[103.8533424,1.2989365],[103.8533349,1.2989265],[103.8531948,1.2990436],[103.8531632,1.2990407],[103.8530642,1.2989139],[103.8530817,1.2988999],[103.8530646,1.2988801],[103.8531244,1.2988313],[103.853045,1.2987337],[103.8530868,1.2986982],[103.853126,1.2987439],[103.8533573,1.2985504],[103.8533483,1.298539],[103.8535194,1.2983954],[103.8534957,1.298365],[103.8535685,1.2983055]],[[103.8534875,1.2987121],[103.8536651,1.2985677],[103.8535907,1.2984763],[103.8534131,1.2986207],[103.8534875,1.2987121]]]}},{"type":"Feature","id":"osm-relation-3413596-part-0","properties":{"kind":"building","name":"Raffles Arcade"},"geometry":{"type":"Polygon","coordinates":[[[103.8538209,1.295522],[103.8541103,1.2953157],[103.8543251,1.2956167],[103.8542553,1.2956664],[103.8543677,1.2958256],[103.8544294,1.2957812],[103.8543553,1.2956801],[103.8544853,1.2955849],[103.8547318,1.2959211],[103.8546018,1.2960164],[103.854518,1.2959021],[103.854431,1.2959647],[103.8544598,1.2960076],[103.854363,1.2960783],[103.8543335,1.2960348],[103.8542222,1.2961149],[103.8543197,1.2962506],[103.8542296,1.2963152],[103.8541365,1.2963016],[103.853916,1.2959961],[103.853932,1.2959006],[103.853945,1.2958913],[103.8539023,1.2958265],[103.8538657,1.2958536],[103.8538388,1.2958734],[103.8537229,1.2957166],[103.8537435,1.2957014],[103.853789,1.2956678],[103.853742,1.2956018],[103.8537337,1.2956048],[103.8536317,1.2955928],[103.8533312,1.2951751],[103.8533505,1.2950771],[103.8535032,1.2949615],[103.8536132,1.2951084],[103.8535514,1.2951542],[103.8538209,1.295522]],[[103.8541066,1.2957736],[103.8540271,1.295831],[103.854141,1.2959886],[103.8542206,1.2959312],[103.8541066,1.2957736]]]}},{"type":"Feature","id":"osm-relation-3447411-part-0","properties":{"kind":"building","name":"Robertson Quay Hotel"},"geometry":{"type":"Polygon","coordinates":[[[103.8418472,1.2911985],[103.8418762,1.2910914],[103.8418521,1.2910914],[103.8418239,1.2910405],[103.841836,1.2909828],[103.8418884,1.2909498],[103.8419433,1.2909654],[103.8419755,1.2910203],[103.8419661,1.2910405],[103.8420785,1.2910497],[103.8421791,1.2912419],[103.8419432,1.2913752],[103.8418614,1.2912246],[103.8418472,1.2911985]],[[103.8418797,1.290997],[103.8418728,1.2910022],[103.8418654,1.2910124],[103.8418619,1.2910244],[103.8418628,1.2910369],[103.8418679,1.2910483],[103.8418766,1.2910574],[103.8418879,1.2910629],[103.8418984,1.2910643],[103.8419107,1.2910619],[103.8419214,1.2910555],[103.8419293,1.2910457],[103.8419334,1.2910339],[103.8419317,1.2910157],[103.8419254,1.2910049],[103.8419158,1.2909969],[103.841904,1.2909927],[103.8418914,1.2909927],[103.8418797,1.290997]]]}},{"type":"Feature","id":"osm-relation-3899820-part-0","properties":{"kind":"building","name":"Victoria Theatre and Concert Hall"},"geometry":{"type":"Polygon","coordinates":[[[103.851593,1.2887558],[103.8515615,1.2887099],[103.8515207,1.2887378],[103.8514199,1.2885907],[103.8514664,1.2885589],[103.8514287,1.2885039],[103.8514424,1.2884945],[103.8513983,1.2884304],[103.8513788,1.2884438],[103.8513518,1.2884045],[103.8513087,1.2884341],[103.8512137,1.2882957],[103.8512652,1.2882603],[103.8512332,1.2882138],[103.8515244,1.2880139],[103.8515087,1.287991],[103.8515755,1.2879452],[103.8516182,1.2880074],[103.8516682,1.2879731],[103.8517471,1.2880881],[103.8516949,1.2881239],[103.851833,1.2883251],[103.8518886,1.288287],[103.851968,1.2884029],[103.8519143,1.2884397],[103.8519566,1.2885014],[103.8518924,1.2885454],[103.8518597,1.2884978],[103.8516471,1.2886434],[103.8516822,1.2886946],[103.851593,1.2887558]],[[103.851642,1.2882599],[103.8515409,1.2883289],[103.8515873,1.2883967],[103.8516884,1.2883277],[103.851642,1.2882599]]]}},{"type":"Feature","id":"osm-relation-5901695-outline-0","properties":{"kind":"building","name":"Pan Pacific"},"geometry":{"type":"Polygon","coordinates":[[[103.8587941,1.2925681],[103.8587612,1.2927037],[103.8584798,1.2926354],[103.8585142,1.2924937],[103.858332,1.2921751],[103.8583828,1.292146],[103.8584616,1.2921001],[103.8583234,1.2918752],[103.858692,1.2916645],[103.8589372,1.2920772],[103.8590796,1.2923294],[103.8590893,1.2923465],[103.8591048,1.2923741],[103.859033,1.2924169],[103.8587941,1.2925681]]]}},{"type":"Feature","id":"osm-relation-6730642-part-0","properties":{"kind":"building","name":"The Adelphi"},"geometry":{"type":"Polygon","coordinates":[[[103.8510431,1.2916066],[103.8507165,1.2910306],[103.8512803,1.2906948],[103.8516038,1.2912647],[103.8515823,1.291317],[103.8514849,1.2913695],[103.8510739,1.2915912],[103.8510431,1.2916066]],[[103.8511354,1.2912373],[103.851336,1.2911179],[103.8512412,1.2909588],[103.8510406,1.2910782],[103.8511354,1.2912373]]]}},{"type":"Feature","id":"osm-relation-6955290-part-0","properties":{"kind":"building","name":"Old Hill Street Police Station"},"geometry":{"type":"Polygon","coordinates":[[[103.8486457,1.2909766],[103.8482517,1.2911866],[103.8482405,1.2911656],[103.8482248,1.291174],[103.8480252,1.2907998],[103.8480134,1.2908061],[103.8479888,1.2908192],[103.8479395,1.2907269],[103.8479652,1.2907132],[103.8479916,1.2906992],[103.8478695,1.2904703],[103.8474723,1.2906821],[103.8474194,1.290583],[103.8479344,1.2903084],[103.8480237,1.2903382],[103.8480263,1.2903287],[103.8482667,1.2903936],[103.8482631,1.290407],[103.8483544,1.2904304],[103.848536,1.290771],[103.8486457,1.2909766]],[[103.8480829,1.2906442],[103.848274,1.2905283],[103.8481205,1.290484],[103.8479769,1.2904425],[103.8480829,1.2906442]]]}},{"type":"Feature","id":"osm-relation-8409861-part-0","properties":{"kind":"building","name":"House of Tan Yeok Nee"},"geometry":{"type":"Polygon","coordinates":[[[103.8435037,1.2986406],[103.8434393,1.2988402],[103.8434165,1.2988361],[103.8434165,1.298867],[103.8433897,1.2988911],[103.8433428,1.2988697],[103.8429632,1.2987544],[103.842978,1.2986954],[103.843324,1.2987973],[103.8433293,1.2987704],[103.8432154,1.2987369],[103.8432583,1.298567],[103.8435037,1.2986406]],[[103.8433489,1.2987144],[103.8433989,1.2987264],[103.8434164,1.298653],[103.8433665,1.2986411],[103.8433489,1.2987144]]]}},{"type":"Feature","id":"osm-relation-9542146-part-0","properties":{"kind":"water","name":"Marina Reservoir"},"geometry":{"type":"Polygon","coordinates":[[[103.8588177,1.2848136],[103.858821,1.2848399],[103.8588348,1.2849486],[103.8588953,1.2850938],[103.8589159,1.2852469],[103.8589344,1.2853889],[103.8589052,1.2855294],[103.8588697,1.2855994],[103.8587894,1.285704],[103.8587286,1.2858214],[103.8586984,1.2859602],[103.8586976,1.2860953],[103.8587111,1.2862193],[103.8587542,1.2863414],[103.8588228,1.2864745],[103.8589018,1.2865647],[103.8589979,1.2866577],[103.8591198,1.2867235],[103.8592333,1.2867761],[103.859376,1.2868043],[103.8594996,1.2868095],[103.8596336,1.2867827],[103.8598458,1.2867103],[103.8598588,1.2867495],[103.8601185,1.2866633],[103.8602167,1.2866307],[103.8602036,1.2865914],[103.8601903,1.2865485],[103.8603143,1.2865091],[103.8610949,1.2862683],[103.8618124,1.2861143],[103.8625958,1.2858602],[103.8628225,1.2857221],[103.8629342,1.285682],[103.8630531,1.2856525],[103.8639195,1.2854372],[103.8645649,1.2852769],[103.865187,1.2850419],[103.8657162,1.2847532],[103.8667858,1.2841395],[103.8670471,1.2840085],[103.8672977,1.2838398],[103.8676044,1.2836764],[103.867816,1.2835088],[103.8679152,1.2834259],[103.867989,1.2833971],[103.8680306,1.2834017],[103.868117,1.2833937],[103.8694759,1.2823499],[103.8693992,1.2822591],[103.8695277,1.2821687],[103.8696029,1.2822776],[103.8698669,1.2820236],[103.8704145,1.2815398],[103.870495,1.2816023],[103.8706214,1.2817004],[103.8713508,1.280649],[103.8713893,1.2806703],[103.8714275,1.2806169],[103.871482,1.2805408],[103.8723226,1.2811628],[103.8736834,1.2821706],[103.8737332,1.2822075],[103.8737022,1.2822366],[103.873603,1.2823271],[103.8735058,1.2824212],[103.8729352,1.2829574],[103.8727529,1.2831474],[103.8717621,1.2841802],[103.8713395,1.2846515],[103.8704432,1.2857577],[103.8696116,1.2869341],[103.8689478,1.2879925],[103.868307,1.2891188],[103.8677704,1.2902248],[103.867278,1.2913484],[103.8667489,1.2928366],[103.8665529,1.2934569],[103.8663913,1.2940862],[103.8663816,1.2941292],[103.8663055,1.2944658],[103.8661407,1.295193],[103.8660982,1.295382],[103.8660224,1.2958209],[103.8659811,1.296256],[103.8659631,1.2966983],[103.8659883,1.2971198],[103.866071,1.2975954],[103.8661214,1.2977848],[103.86618,1.2980054],[103.8662472,1.2981886],[103.8663713,1.298354],[103.8665525,1.2984925],[103.8667147,1.2985644],[103.866873,1.2985949],[103.8670357,1.2985958],[103.8672236,1.2985482],[103.867382,1.2984727],[103.8675279,1.2983465],[103.8675312,1.2980824],[103.8696497,1.2981043],[103.8699351,1.2981445],[103.8706419,1.2982567],[103.8718086,1.2986553],[103.8716919,1.2989242],[103.8713111,1.2989395],[103.8711609,1.2992586],[103.8721292,1.2992506],[103.8724993,1.2984461],[103.8732898,1.2985655],[103.8733231,1.2987398],[103.8729945,1.2989797],[103.872952,1.2989202],[103.8728262,1.2989188],[103.872782,1.299011],[103.8728509,1.2991147],[103.8729667,1.2991034],[103.8733456,1.29885],[103.8733603,1.2988402],[103.8736605,1.2993024],[103.8739393,1.2997318],[103.8734377,1.3000697],[103.8731668,1.3003164],[103.8725392,1.3011664],[103.8723257,1.3016725],[103.87218,1.302018],[103.8720133,1.3028068],[103.8719662,1.3034761],[103.8719541,1.3037213],[103.872036,1.3038842],[103.8720345,1.3040925],[103.8708457,1.3043389],[103.8702594,1.3042828],[103.8694798,1.3042081],[103.8692806,1.3045367],[103.8691467,1.3047269],[103.869026,1.3048985],[103.8689421,1.3050284],[103.8687907,1.3054135],[103.8688348,1.305429],[103.8688566,1.3053835],[103.8689429,1.3054936],[103.8693189,1.3061065],[103.8693678,1.3063172],[103.8694837,1.3063327],[103.8698808,1.3068031],[103.8700388,1.3068393],[103.8705459,1.3073955],[103.8706841,1.3078096],[103.8706916,1.3086213],[103.870581,1.3088167],[103.8704232,1.3096879],[103.870423,1.3098012],[103.8704479,1.3099265],[103.8704648,1.3099915],[103.870588,1.3101851],[103.8706889,1.310328],[103.8707873,1.3105315],[103.8707868,1.3105537],[103.8707833,1.3107289],[103.8707829,1.3107476],[103.870663,1.3108984],[103.8705804,1.3110489],[103.8699525,1.310737],[103.8699922,1.3106643],[103.8700057,1.3106006],[103.8700034,1.3105173],[103.8698287,1.3102845],[103.869787,1.3102289],[103.8695772,1.3099548],[103.8695793,1.3097763],[103.8697849,1.308466],[103.8696669,1.308408],[103.8695629,1.3080803],[103.8683858,1.3068544],[103.8680871,1.3063411],[103.8675273,1.3055097],[103.8672824,1.3053741],[103.8670776,1.3052991],[103.8669618,1.3053075],[103.8669043,1.3053512],[103.8669006,1.3054268],[103.8668842,1.3054819],[103.8667145,1.3055065],[103.8666368,1.3055399],[103.8665632,1.3055391],[103.8666357,1.3055014],[103.8666188,1.305464],[103.866424,1.3052904],[103.8662456,1.3051314],[103.866191,1.3050035],[103.8667859,1.3043183],[103.8672712,1.3041585],[103.86742,1.3041362],[103.867498,1.3041455],[103.8675598,1.304172],[103.8676015,1.3041985],[103.8676625,1.3042335],[103.8676172,1.3042632],[103.8675197,1.3042977],[103.8675346,1.3043404],[103.8676383,1.3043053],[103.8677264,1.3042464],[103.8680133,1.3038141],[103.8682793,1.3033852],[103.8682945,1.3027957],[103.8682366,1.3027947],[103.8682265,1.3032818],[103.8678584,1.3031691],[103.8676215,1.3030931],[103.8676607,1.3028956],[103.867669,1.3027223],[103.8676668,1.3025215],[103.8676454,1.3023493],[103.8676135,1.3022037],[103.8675428,1.3020068],[103.8675751,1.3018611],[103.8676718,1.3018127],[103.8676921,1.3017363],[103.8674693,1.3013413],[103.8674143,1.3013152],[103.8673676,1.3013472],[103.8670893,1.301283],[103.8668235,1.3009698],[103.8669396,1.3008597],[103.8668988,1.3008179],[103.8667835,1.3009284],[103.8665092,1.3006451],[103.8663004,1.300518],[103.8660692,1.3003214],[103.8657645,1.3001099],[103.865446,1.2998439],[103.8651804,1.2995814],[103.8649148,1.299319],[103.8647876,1.2991259],[103.8645596,1.2988056],[103.8644183,1.2985327],[103.8643548,1.2983468],[103.8642291,1.2979787],[103.8640964,1.2975803],[103.8640195,1.2968681],[103.8640193,1.2966808],[103.8640422,1.2965345],[103.8643428,1.2965193],[103.8643081,1.296157],[103.8641212,1.2962701],[103.8640994,1.2962359],[103.8642823,1.2961137],[103.8642048,1.2955886],[103.8642299,1.2954187],[103.8642864,1.295264],[103.8643316,1.2950237],[103.8643746,1.294795],[103.8644203,1.2943962],[103.8644541,1.2941503],[103.864519,1.293677],[103.8646137,1.2929873],[103.8646488,1.2926706],[103.8647751,1.2917252],[103.8650234,1.28987],[103.8649834,1.2892708],[103.8647352,1.2888154],[103.8642535,1.2884922],[103.863863,1.2884753],[103.862345,1.2885604],[103.8623248,1.2885615],[103.8619295,1.288573],[103.8612839,1.2885911],[103.8606376,1.2886376],[103.8603868,1.2886525],[103.8602423,1.2886601],[103.860214,1.2886276],[103.8602171,1.2885821],[103.8601838,1.2876903],[103.8587831,1.2876226],[103.8583076,1.2876479],[103.8579703,1.2878583],[103.8578515,1.2879963],[103.8576634,1.2882929],[103.8575597,1.2884988],[103.8575222,1.2885587],[103.8574911,1.2886233],[103.8574665,1.288682],[103.8573123,1.2887869],[103.8566902,1.2888177],[103.8565349,1.2888274],[103.8565231,1.2888281],[103.8565103,1.2888288],[103.8563122,1.2888395],[103.8562474,1.2887723],[103.8562663,1.2887361],[103.8562204,1.2887031],[103.85616,1.2886724],[103.8560935,1.2886546],[103.856026,1.2886509],[103.8559495,1.2886552],[103.8558744,1.2886811],[103.8558241,1.2887084],[103.855784,1.288739],[103.8557512,1.2887686],[103.8557762,1.2888033],[103.8557261,1.2888702],[103.8550051,1.288896],[103.8548006,1.2888798],[103.8547604,1.2888758],[103.8547302,1.2888728],[103.8546105,1.2888678],[103.8544744,1.2889058],[103.8544492,1.2889128],[103.854118,1.2868812],[103.8543984,1.2869816],[103.8544248,1.286991],[103.8544535,1.2870013],[103.8546729,1.2870799],[103.8548277,1.2869387],[103.8547581,1.286869],[103.8546183,1.2869928],[103.8545268,1.2869656],[103.8545575,1.2866778],[103.8546356,1.2866149],[103.8544918,1.2863227],[103.8544549,1.2863288],[103.8544643,1.2863633],[103.8544468,1.2863666],[103.8539466,1.2849604],[103.8538864,1.2849534],[103.8538628,1.2849507],[103.8538408,1.284948],[103.8536347,1.2849229],[103.8536299,1.2848545],[103.853591,1.2848525],[103.8535879,1.2847661],[103.8536907,1.2847596],[103.8536741,1.2846185],[103.853569,1.2846206],[103.8535662,1.28458],[103.8536075,1.284578],[103.853598,1.284399],[103.8535552,1.2843949],[103.8535525,1.2842877],[103.8534895,1.2842878],[103.8534929,1.2842675],[103.8535076,1.2842643],[103.8535033,1.2841739],[103.8537895,1.2841471],[103.8538208,1.2841442],[103.8538492,1.2841434],[103.8539482,1.2841405],[103.8539266,1.2837037],[103.8538266,1.2837115],[103.8538296,1.2837674],[103.8535473,1.2837808],[103.853524,1.2834441],[103.8538614,1.2834238],[103.8538556,1.2833683],[103.8538356,1.2829793],[103.8533703,1.2830032],[103.8533538,1.2826823],[103.853595,1.2826699],[103.8536094,1.2829503],[103.8538338,1.2829387],[103.8538065,1.2824068],[103.8531945,1.2824383],[103.8532077,1.2823747],[103.8532031,1.2821163],[103.8531587,1.2821279],[103.8531583,1.2821892],[103.8531145,1.2822076],[103.8530544,1.2821087],[103.8530292,1.2820949],[103.8530004,1.2821025],[103.8529476,1.282028],[103.8534294,1.2817335],[103.8537124,1.2821682],[103.8538905,1.2820514],[103.854568,1.2821855],[103.8547208,1.2815083],[103.8549003,1.2813944],[103.8546202,1.2809573],[103.8557724,1.2802155],[103.8558725,1.2802762],[103.8559502,1.2803497],[103.8560088,1.2804254],[103.8560347,1.280466],[103.8560425,1.2804951],[103.8560274,1.2805888],[103.8560535,1.2805924],[103.8560649,1.2805949],[103.856038,1.2807275],[103.8560485,1.2807294],[103.8560553,1.2806992],[103.8560645,1.2806784],[103.8560879,1.2806652],[103.8561201,1.2806717],[103.8561475,1.2806941],[103.8562013,1.280761],[103.856249,1.2808303],[103.8562941,1.2809124],[103.8563166,1.2809832],[103.8563259,1.2810487],[103.8564146,1.2811755],[103.8565525,1.2813943],[103.856646,1.2815348],[103.8567465,1.2816238],[103.8568366,1.2817283],[103.8568936,1.2818159],[103.8569227,1.2818677],[103.8569378,1.2819104],[103.8569434,1.2819528],[103.8569414,1.2819904],[103.8569281,1.2820273],[103.8569118,1.282051],[103.856886,1.2820763],[103.8568425,1.282091],[103.8568014,1.2820862],[103.8567637,1.2820667],[103.8567393,1.2820449],[103.856708,1.2820094],[103.8566854,1.2820259],[103.8568191,1.2822368],[103.8568091,1.2822432],[103.8567813,1.282261],[103.8568123,1.2823096],[103.8568404,1.2823079],[103.8568828,1.2823082],[103.8569183,1.2823165],[103.8569504,1.2823288],[103.8569881,1.2823526],[103.8570368,1.2823898],[103.8570981,1.2824488],[103.857136,1.2825013],[103.8571887,1.2825899],[103.8572426,1.2826648],[103.857334,1.2827545],[103.8575765,1.2829232],[103.8576433,1.2829921],[103.8576607,1.2830101],[103.8576768,1.2830341],[103.8580787,1.2836328],[103.8581145,1.2837955],[103.8581263,1.283992],[103.8581781,1.2841531],[103.858232,1.2842636],[103.8583049,1.2843805],[103.858375,1.2844739],[103.8586403,1.2846925],[103.8588045,1.2848046],[103.8588177,1.2848136]]]}},{"type":"Feature","id":"osm-relation-9569901-part-0","properties":{"kind":"water","name":"Singapore River"},"geometry":{"type":"Polygon","coordinates":[[[103.8354601,1.2903943],[103.8355306,1.2902563],[103.8356016,1.2901744],[103.8356191,1.2901542],[103.8357269,1.2900652],[103.8359114,1.2899621],[103.8362075,1.2898563],[103.836243,1.2898397],[103.8363665,1.2897822],[103.8365378,1.2897467],[103.8367151,1.2896718],[103.8370623,1.2894503],[103.8374163,1.2893792],[103.8378652,1.2892918],[103.8381043,1.289209],[103.8382631,1.2891534],[103.8385036,1.2891188],[103.8386818,1.2891147],[103.8388731,1.2891242],[103.8390129,1.2891516],[103.8392363,1.2892266],[103.8393772,1.2892937],[103.8396068,1.2894196],[103.8397837,1.2895529],[103.8399243,1.2896772],[103.8401479,1.2899621],[103.8402719,1.290176],[103.8403482,1.2902641],[103.8404266,1.2903286],[103.8405468,1.2903927],[103.8406308,1.2904226],[103.8407445,1.2904361],[103.8417488,1.2904937],[103.8424903,1.2904973],[103.8426278,1.2904996],[103.8427677,1.290538],[103.843279,1.2906784],[103.8433783,1.2907549],[103.843566,1.2908715],[103.8437136,1.2908849],[103.84378,1.2908725],[103.8438805,1.2908648],[103.8441139,1.2907187],[103.8441347,1.2905484],[103.8441092,1.2903017],[103.8441038,1.2901207],[103.8441241,1.2900185],[103.8441879,1.2898058],[103.8442605,1.2896608],[103.8444331,1.2893667],[103.8446011,1.2892007],[103.8449588,1.2889999],[103.8451609,1.2889454],[103.8453115,1.2890457],[103.8454899,1.2891118],[103.8457571,1.2892118],[103.8460784,1.2893459],[103.8465453,1.2895682],[103.8467002,1.2896497],[103.846909,1.2897187],[103.8470801,1.2897341],[103.8472743,1.2897116],[103.8475092,1.2896526],[103.8475607,1.2896912],[103.8476406,1.2896671],[103.848095,1.2895196],[103.8485156,1.2893308],[103.8488847,1.289156],[103.8493069,1.2888436],[103.8494966,1.2880636],[103.8494429,1.2876215],[103.8494587,1.2873296],[103.8494951,1.2871234],[103.8496227,1.2867806],[103.8497871,1.2864805],[103.8502884,1.2859178],[103.850605,1.2858193],[103.8514222,1.2856895],[103.851421,1.2857149],[103.8516508,1.2857529],[103.851934,1.2859049],[103.8519424,1.2858855],[103.8522959,1.2860834],[103.8522903,1.2861062],[103.8524573,1.2862023],[103.8524137,1.2862729],[103.8524393,1.2862941],[103.8524869,1.2863276],[103.8525167,1.2863444],[103.8525875,1.2864112],[103.8525975,1.2864204],[103.8525863,1.2864365],[103.8525781,1.2864484],[103.8528158,1.2867944],[103.8529841,1.2869469],[103.853267,1.2872105],[103.8532197,1.2872805],[103.8532504,1.2873364],[103.8532378,1.2874098],[103.8533352,1.2874435],[103.8534471,1.2874519],[103.8536097,1.2876321],[103.8536535,1.2876557],[103.8536942,1.2876191],[103.8535854,1.2874181],[103.8535615,1.287295],[103.8537623,1.2871412],[103.854118,1.2868812],[103.8544492,1.2889128],[103.85437,1.2889292],[103.8542872,1.2889468],[103.854171,1.2889715],[103.8540527,1.2889756],[103.8537054,1.2889155],[103.8537101,1.2888882],[103.8536763,1.2888824],[103.8536862,1.2888254],[103.8535894,1.2888088],[103.8536006,1.288744],[103.8535724,1.2887392],[103.8535784,1.2887041],[103.8535528,1.2886997],[103.8535603,1.2886559],[103.853492,1.2886442],[103.853502,1.2885858],[103.8534793,1.2885819],[103.8534862,1.2885417],[103.8534653,1.2885381],[103.8534731,1.2884922],[103.8533479,1.2884707],[103.8529755,1.2877794],[103.8529762,1.2876676],[103.8528827,1.2875279],[103.8522676,1.2868083],[103.8521901,1.2867553],[103.8519573,1.2866125],[103.8517973,1.2865537],[103.8516536,1.2865598],[103.8514705,1.2866053],[103.8513353,1.2867458],[103.8512617,1.2868478],[103.8509495,1.2872805],[103.8508556,1.2873919],[103.8506048,1.2876893],[103.8504026,1.287929],[103.8504305,1.2879499],[103.8503778,1.2880158],[103.8500263,1.2885131],[103.8497212,1.2888756],[103.8497103,1.2889868],[103.8496136,1.289114],[103.8493829,1.2892582],[103.8490216,1.2894841],[103.8489977,1.289441],[103.8486362,1.2896652],[103.848648,1.2896864],[103.8486587,1.2897057],[103.8485769,1.2897577],[103.8484524,1.2898367],[103.8477618,1.290062],[103.8473609,1.2901277],[103.8472159,1.2901306],[103.8470709,1.2901335],[103.8466456,1.290145],[103.8464345,1.2901019],[103.8462498,1.2900738],[103.8462158,1.2900437],[103.8461818,1.2900135],[103.8461138,1.2899532],[103.845995,1.2898574],[103.8457364,1.2896793],[103.8456733,1.28965],[103.8453501,1.2895001],[103.8452395,1.2894707],[103.8452293,1.2894408],[103.8450268,1.2894361],[103.8449667,1.2894731],[103.8449066,1.28951],[103.8448455,1.2895778],[103.8447863,1.2897308],[103.8447428,1.2898609],[103.8447161,1.2899383],[103.8446617,1.2901368],[103.8446456,1.2903486],[103.8446557,1.2905058],[103.844659,1.2905564],[103.8444994,1.2906744],[103.8442339,1.2909613],[103.844016,1.2911826],[103.8438557,1.2912778],[103.8437662,1.2912745],[103.8436675,1.2912663],[103.8435741,1.2912576],[103.8434051,1.2912027],[103.8433126,1.2911531],[103.8431945,1.2910874],[103.8429576,1.2910404],[103.8428025,1.2909967],[103.8427583,1.2909971],[103.8423528,1.2909233],[103.8421537,1.2908489],[103.8418749,1.2908239],[103.841752,1.2908168],[103.8416067,1.2908261],[103.8411289,1.2909081],[103.8410296,1.2909122],[103.840956,1.2909126],[103.8408912,1.2908995],[103.8408954,1.2908874],[103.8409,1.290874],[103.8408296,1.2908488],[103.8407689,1.2908262],[103.8407637,1.2908415],[103.8407591,1.290855],[103.840285,1.2906809],[103.8399625,1.2905194],[103.8398697,1.2904294],[103.8397504,1.2902291],[103.8395448,1.2899239],[103.8393516,1.2896874],[103.8391987,1.2895839],[103.8390407,1.2895149],[103.8388887,1.2894711],[103.8387331,1.2894481],[103.8384957,1.2894433],[103.8382368,1.2895152],[103.8380008,1.2895862],[103.8374861,1.2897238],[103.8372118,1.2898407],[103.8366951,1.2900948],[103.836377,1.2901539],[103.8362092,1.2901879],[103.8359079,1.2903237],[103.8358304,1.2903974],[103.8357909,1.2904747],[103.8358314,1.290686],[103.8359803,1.2911552],[103.8360652,1.2914594],[103.8360113,1.2917831],[103.8358567,1.2923297],[103.8356947,1.292558],[103.8354962,1.2926704],[103.8352786,1.2926871],[103.8344512,1.2925986],[103.8341158,1.2925298],[103.8338512,1.2924873],[103.8336478,1.2924633],[103.8334994,1.2924512],[103.8335387,1.2923797],[103.8335759,1.2923121],[103.833724,1.2922667],[103.8343746,1.2923476],[103.8351327,1.2923667],[103.8352308,1.2923977],[103.8353982,1.2924001],[103.8354915,1.2923236],[103.8355776,1.2922184],[103.835773,1.2917022],[103.835737,1.2913919],[103.8356225,1.2911094],[103.8354492,1.2906186],[103.8354363,1.290534],[103.8354601,1.2903943]]]}},{"type":"Feature","id":"osm-relation-9573321-part-0","properties":{"kind":"building","name":"The Cannery"},"geometry":{"type":"Polygon","coordinates":[[[103.8456591,1.2902621],[103.8460482,1.2900917],[103.8461439,1.2901909],[103.8460269,1.2906426],[103.8461976,1.2909968],[103.8461911,1.291041],[103.8460029,1.2911594],[103.8458349,1.2910956],[103.8455808,1.2904329],[103.8456591,1.2902621]]]}},{"type":"Feature","id":"osm-relation-9646496-part-0","properties":{"kind":"water","name":""},"geometry":{"type":"Polygon","coordinates":[[[103.8547428,1.2927678],[103.8545778,1.2928724],[103.8546194,1.2929313],[103.8545416,1.2929796],[103.8544918,1.2928977],[103.8545188,1.2928563],[103.8545175,1.292804],[103.8547079,1.2926833],[103.8547535,1.2927088],[103.8548085,1.2927088],[103.8548554,1.2927839],[103.8547803,1.2928335],[103.8547428,1.2927678]]]}},{"type":"Feature","id":"osm-relation-9976848-part-0","properties":{"kind":"park","name":"Esplanade Park"},"geometry":{"type":"Polygon","coordinates":[[[103.854171,1.2889715],[103.8543752,1.2899397],[103.8545432,1.2906736],[103.8545778,1.2908676],[103.8546302,1.2910094],[103.8547107,1.2912303],[103.8547813,1.2914066],[103.8545705,1.291645],[103.8543675,1.2918521],[103.8542795,1.2917675],[103.8541734,1.2914941],[103.8540897,1.2913542],[103.8538308,1.2908219],[103.8528894,1.288796],[103.8526797,1.2885313],[103.8525702,1.288351],[103.8524778,1.2882168],[103.8524567,1.2881004],[103.8524812,1.287959],[103.8525022,1.2878673],[103.8525802,1.2877424],[103.8526368,1.2876895],[103.8527968,1.2875218],[103.8528169,1.2875473],[103.8528229,1.2875549],[103.8528827,1.2875279],[103.8529762,1.2876676],[103.8529755,1.2877794],[103.8533479,1.2884707],[103.8533406,1.2885082],[103.8533368,1.2885277],[103.8533552,1.2885313],[103.8533927,1.2885386],[103.853385,1.2885782],[103.8533797,1.2886053],[103.8534054,1.2886103],[103.8534662,1.2886221],[103.8534537,1.2886864],[103.853451,1.2887001],[103.853464,1.2887026],[103.8535399,1.2887174],[103.8535243,1.2887976],[103.8535226,1.2888062],[103.8535307,1.2888078],[103.8535799,1.2888173],[103.8535697,1.2888693],[103.853566,1.2888883],[103.853584,1.2888918],[103.8537054,1.2889155],[103.8540527,1.2889756],[103.854171,1.2889715]]]}},{"type":"Feature","id":"osm-relation-10231144-part-0","properties":{"kind":"park","name":"Gardens by the Bay"},"geometry":{"type":"Polygon","coordinates":[[[103.861577,1.2840478],[103.8613132,1.2828422],[103.8607027,1.281419],[103.8599706,1.280106],[103.8597981,1.2798276],[103.8602512,1.2796073],[103.8604059,1.2796395],[103.8605173,1.2796472],[103.8605386,1.2796427],[103.8605655,1.2796029],[103.8605704,1.2795892],[103.8605474,1.2794462],[103.860591,1.2794221],[103.8603081,1.2789546],[103.8593932,1.2775503],[103.8595584,1.27745],[103.8618241,1.2760139],[103.861963,1.2759258],[103.863027,1.2775866],[103.8639092,1.2789668],[103.864277,1.2794674],[103.8646685,1.2798633],[103.8650962,1.2801831],[103.8655809,1.2804302],[103.8660344,1.2806068],[103.8661631,1.2806306],[103.8664208,1.2806783],[103.8667997,1.2807196],[103.8671763,1.2807204],[103.8675551,1.280677],[103.8680312,1.2805629],[103.8688069,1.2802528],[103.8696727,1.2797928],[103.8698334,1.2798562],[103.8698683,1.27987],[103.870023,1.2800808],[103.8702044,1.280185],[103.8703085,1.2802154],[103.8704158,1.2802161],[103.869214,1.2808782],[103.8698669,1.2820236],[103.8696029,1.2822776],[103.8695277,1.2821687],[103.8693992,1.2822591],[103.8694759,1.2823499],[103.868117,1.2833937],[103.8680306,1.2834017],[103.867989,1.2833971],[103.8679152,1.2834259],[103.867816,1.2835088],[103.8676044,1.2836764],[103.8672977,1.2838398],[103.8670471,1.2840085],[103.8667858,1.2841395],[103.8657162,1.2847532],[103.865187,1.2850419],[103.8645649,1.2852769],[103.8639195,1.2854372],[103.8630531,1.2856525],[103.8629342,1.285682],[103.8628225,1.2857221],[103.8625958,1.2858602],[103.8617656,1.286094],[103.861702,1.2851328],[103.8617085,1.2847323],[103.861577,1.2840478]]]}},{"type":"Feature","id":"osm-relation-10247957-part-0","properties":{"kind":"park","name":"Gardens by the Bay East"},"geometry":{"type":"Polygon","coordinates":[[[103.8766799,1.2813368],[103.875886,1.2824327],[103.8758522,1.282476],[103.8756403,1.2823378],[103.874409,1.283493],[103.8735343,1.284283],[103.8723645,1.2856712],[103.8702368,1.2888244],[103.8692353,1.2911723],[103.8686392,1.293412],[103.8684715,1.2933785],[103.86838,1.2934863],[103.8683515,1.2935554],[103.8681868,1.294497],[103.8681237,1.2945336],[103.8680293,1.2950442],[103.8679436,1.295516],[103.866922,1.2952049],[103.8662909,1.2952068],[103.8662039,1.2952069],[103.8661407,1.295193],[103.8663055,1.2944658],[103.8663816,1.2941292],[103.8663913,1.2940862],[103.8665529,1.2934569],[103.8667489,1.2928366],[103.867278,1.2913484],[103.8677704,1.2902248],[103.868307,1.2891188],[103.8689478,1.2879925],[103.8696116,1.2869341],[103.8704432,1.2857577],[103.8713395,1.2846515],[103.8717621,1.2841802],[103.8727529,1.2831474],[103.8729352,1.2829574],[103.8735058,1.2824212],[103.873603,1.2823271],[103.8737022,1.2822366],[103.8737332,1.2822075],[103.873801,1.2821532],[103.8739951,1.2819975],[103.8744265,1.2816511],[103.874923,1.2812525],[103.8757276,1.280717],[103.8758917,1.2807729],[103.8766799,1.2813368]]]}},{"type":"Feature","id":"osm-relation-12633419-outline-0","properties":{"kind":"building","name":"Marina Bay Sands Theatres"},"geometry":{"type":"Polygon","coordinates":[[[103.8604823,1.2857379],[103.8604076,1.2857704],[103.8603247,1.2857955],[103.8602264,1.285811],[103.8601436,1.2858126],[103.8600299,1.2857996],[103.8599251,1.2857565],[103.8598382,1.2857005],[103.8597684,1.2856583],[103.8597099,1.2855958],[103.8596189,1.2854642],[103.8594954,1.2852001],[103.8594569,1.2850353],[103.8603276,1.2843133],[103.8605293,1.2848106],[103.8605495,1.2849614],[103.8606051,1.2853778],[103.8606066,1.2855868],[103.8604427,1.2855921],[103.8604484,1.2856319],[103.8605026,1.2856234],[103.8605497,1.2856924],[103.8604823,1.2857379]]]}},{"type":"Feature","id":"osm-relation-13262095-outline-0","properties":{"kind":"building","name":"The Fullerton Bay Hotel"},"geometry":{"type":"Polygon","coordinates":[[[103.8533703,1.2830032],[103.8538356,1.2829793],[103.8538556,1.2833683],[103.8534715,1.2833881],[103.8534889,1.2837255],[103.8534486,1.2837275],[103.8534208,1.283729],[103.853425,1.2838099],[103.8533112,1.2838157],[103.853304,1.2836752],[103.8533416,1.2836732],[103.8533309,1.2834635],[103.8533285,1.2834181],[103.8532949,1.2834198],[103.8532938,1.2833972],[103.8532738,1.2830082],[103.8533703,1.2830032]]]}},{"type":"Feature","id":"osm-relation-13262097-outline-0","properties":{"kind":"building","name":"Clifford Pier"},"geometry":{"type":"Polygon","coordinates":[[[103.85315,1.2840487],[103.8531404,1.2838613],[103.8531883,1.2838589],[103.8531971,1.2838584],[103.8532064,1.2838579],[103.8532045,1.2838212],[103.8533112,1.2838157],[103.853425,1.2838099],[103.8534528,1.2837762],[103.8539225,1.2837843],[103.8539352,1.2840316],[103.8538916,1.2839976],[103.8538759,1.2840347],[103.8538768,1.2840534],[103.8534267,1.2840765],[103.8533916,1.2840783],[103.8533963,1.2841695],[103.8533154,1.2841737],[103.8533102,1.2840741],[103.8532157,1.284079],[103.853214,1.2840454],[103.8532027,1.284046],[103.8531961,1.2840463],[103.85315,1.2840487]]]}},{"type":"Feature","id":"osm-relation-14107427-part-0","properties":{"kind":"building","name":"Canninghill Square"},"geometry":{"type":"Polygon","coordinates":[[[103.8443963,1.2911843],[103.8445264,1.2910921],[103.8445348,1.2910737],[103.8445338,1.2910566],[103.8445305,1.2910492],[103.8445184,1.2910251],[103.844515,1.291006],[103.8445194,1.2909819],[103.8445281,1.2909608],[103.8447115,1.2907918],[103.8447286,1.2907861],[103.8447474,1.2907881],[103.8447665,1.2907995],[103.844976,1.2910932],[103.8449764,1.2911116],[103.8449673,1.2911243],[103.8448413,1.2912128],[103.8448372,1.2912296],[103.8448409,1.291243],[103.8448818,1.2913003],[103.8448993,1.2913073],[103.8449177,1.291305],[103.845025,1.2912306],[103.8450525,1.2912276],[103.845078,1.2912366],[103.8450997,1.2912527],[103.8453114,1.2915488],[103.8453153,1.2915624],[103.8453187,1.2915802],[103.8453157,1.2915943],[103.8453106,1.2916043],[103.8450401,1.2917836],[103.844917,1.2918562],[103.8448957,1.2918592],[103.8448795,1.2918576],[103.8448473,1.2918482],[103.8448299,1.2918487],[103.8448158,1.2918532],[103.8447591,1.2918973],[103.8447534,1.2919127],[103.8447561,1.2919298],[103.8447682,1.2919657],[103.8447705,1.2919952],[103.8447665,1.2920203],[103.8447517,1.2920525],[103.8445655,1.2921988],[103.8445392,1.2922065],[103.8445191,1.2922062],[103.8444983,1.2922003],[103.844475,1.292187],[103.8443139,1.2919244],[103.8443065,1.2918969],[103.8443068,1.2918691],[103.8443155,1.291846],[103.8443343,1.2918202],[103.8443776,1.2917863],[103.8443843,1.2917716],[103.8443846,1.2917552],[103.8443802,1.2917451],[103.8443259,1.2916724],[103.8443129,1.2916653],[103.8442968,1.2916633],[103.8442877,1.2916667],[103.8442679,1.2916801],[103.8442468,1.2916828],[103.8442277,1.2916771],[103.8442009,1.2916469],[103.8440195,1.2913911],[103.8440181,1.2913821],[103.8440208,1.291371],[103.8440242,1.291363],[103.8442783,1.2911793],[103.8442978,1.2911669],[103.8443226,1.2911632],[103.8443511,1.2911696],[103.8443695,1.2911816],[103.8443839,1.2911843],[103.8443963,1.2911843]],[[103.8444275,1.2917149],[103.8444376,1.2917203],[103.8444507,1.2917193],[103.8444661,1.2917159],[103.8445288,1.2916707],[103.8445442,1.291667],[103.8445583,1.2916697],[103.8445717,1.2916777],[103.8446518,1.291789],[103.8446662,1.2917981],[103.8446817,1.2918004],[103.8446961,1.2917994],[103.844744,1.2917642],[103.8447474,1.2917481],[103.8447457,1.2917277],[103.8446522,1.2915983],[103.8446431,1.2915611],[103.8446451,1.2915286],[103.8446542,1.2915021],[103.8446679,1.2914773],[103.8448258,1.29136],[103.8448315,1.2913509],[103.8448352,1.2913378],[103.8448366,1.2913238],[103.8448124,1.2912835],[103.8448003,1.2912715],[103.8447809,1.2912638],[103.8447615,1.2912675],[103.8446904,1.2913177],[103.8446763,1.2913214],[103.8446636,1.2913228],[103.8446461,1.2913154],[103.8445486,1.291181],[103.8445315,1.2911679],[103.8445164,1.2911642],[103.8444969,1.2911692],[103.8444641,1.291193],[103.8444537,1.2912048],[103.8444493,1.2912229],[103.8444537,1.2912447],[103.8445633,1.2913985],[103.8445727,1.2914337],[103.844572,1.2914585],[103.844562,1.29149],[103.8445425,1.2915178],[103.8443963,1.2916234],[103.8443886,1.2916375],[103.8443866,1.2916519],[103.8443886,1.291669],[103.8444208,1.2917102],[103.8444275,1.2917149]]]}},{"type":"Feature","id":"osm-relation-14314416-outline-0","properties":{"kind":"building","name":"ArtScience Museum"},"geometry":{"type":"Polygon","coordinates":[[[103.8591557,1.2858276],[103.8591716,1.2857946],[103.8591932,1.2857525],[103.8592333,1.2856717],[103.8592471,1.2856468],[103.8593496,1.2856839],[103.8593494,1.2857063],[103.8593447,1.285798],[103.8593428,1.2858416],[103.8593884,1.2858132],[103.8594316,1.2857862],[103.8594892,1.2857502],[103.8595106,1.2857405],[103.8595409,1.2857816],[103.8595704,1.2858268],[103.8595547,1.285849],[103.8595215,1.2859043],[103.8594927,1.2859435],[103.8594598,1.2859831],[103.8595406,1.2859822],[103.8595892,1.2859817],[103.8596167,1.2859814],[103.8596207,1.2860253],[103.8596201,1.2860592],[103.8596201,1.2860917],[103.8595919,1.286096],[103.8595436,1.2861353],[103.8595057,1.2861544],[103.8594638,1.2861664],[103.8594846,1.2861782],[103.8595047,1.2861916],[103.8595212,1.2862013],[103.8595376,1.2862221],[103.8595111,1.2862687],[103.8594872,1.2862955],[103.8594756,1.2863085],[103.8594544,1.2862968],[103.8594202,1.2863213],[103.8593931,1.2863256],[103.8593595,1.2863203],[103.8593538,1.28633],[103.8593471,1.2863344],[103.8593401,1.286334],[103.859329,1.286326],[103.8593357,1.2863454],[103.8593736,1.2863994],[103.8592811,1.2864423],[103.8591949,1.2864594],[103.8592231,1.2864171],[103.8592274,1.2863793],[103.859216,1.2863588],[103.8591986,1.2863796],[103.8591869,1.2863813],[103.8591751,1.2863793],[103.8591607,1.2863615],[103.8591556,1.2863517],[103.8591466,1.2863344],[103.8591393,1.2863203],[103.8591168,1.2862693],[103.8591091,1.2862519],[103.8591166,1.2862891],[103.8591217,1.286314],[103.8591272,1.2863422],[103.859129,1.2863657],[103.8591326,1.286386],[103.8590201,1.2863532],[103.8590205,1.2863347],[103.8590204,1.2863146],[103.8590202,1.2862854],[103.8590034,1.2862869],[103.8589894,1.2862918],[103.8589741,1.2862961],[103.8589041,1.2862019],[103.8589172,1.2861871],[103.8589296,1.2861739],[103.8589415,1.2861584],[103.8589264,1.286151],[103.8589128,1.286143],[103.8588999,1.2861342],[103.8589002,1.2860213],[103.8589151,1.2860169],[103.8589294,1.2860146],[103.858948,1.2860118],[103.858937,1.2859965],[103.8589255,1.2859806],[103.858915,1.2859662],[103.8589834,1.2858658],[103.858999,1.2858726],[103.8590157,1.2858798],[103.8590341,1.2858877],[103.8590347,1.2858654],[103.8590352,1.28585],[103.8590356,1.2858345],[103.859138,1.2858041],[103.8591454,1.2858155],[103.8591557,1.2858276]]]}},{"type":"Feature","id":"osm-relation-14314416-outline-1","properties":{"kind":"building","name":"ArtScience Museum"},"geometry":{"type":"Polygon","coordinates":[[[103.8594916,1.2864798],[103.8594447,1.2864383],[103.8594051,1.2864175],[103.8593736,1.2863994],[103.8592811,1.2864423],[103.8591949,1.2864594],[103.8592231,1.2864171],[103.8592274,1.2863793],[103.859216,1.2863588],[103.8591872,1.2862251],[103.8592831,1.2861828],[103.8593233,1.286154],[103.8594872,1.2862955],[103.8595158,1.2863364],[103.8595641,1.2863833],[103.8595328,1.2864316],[103.8594916,1.2864798]]]}},{"type":"Feature","id":"osm-relation-16125339-part-0","properties":{"kind":"building","name":"People's Park Centre"},"geometry":{"type":"Polygon","coordinates":[[[103.8434239,1.2855398],[103.8434138,1.2855288],[103.84384,1.2851663],[103.844037,1.285382],[103.8444836,1.2858949],[103.8445729,1.2859975],[103.8444914,1.2860684],[103.8441198,1.2863919],[103.8435839,1.2857764],[103.8434643,1.2856424],[103.8434087,1.2855812],[103.8434394,1.2855539],[103.8434239,1.2855398]]]}},{"type":"Feature","id":"osm-relation-21057404-part-0","properties":{"kind":"building","name":"InterContinental Singapore"},"geometry":{"type":"Polygon","coordinates":[[[103.8547891,1.2987811],[103.8546382,1.2985851],[103.8544566,1.2983349],[103.8545657,1.2982438],[103.8547976,1.2980516],[103.8548465,1.2980106],[103.8549322,1.2979386],[103.8550416,1.2979502],[103.8553508,1.2983608],[103.8552782,1.2984047],[103.8551398,1.2985127],[103.8550788,1.2985565],[103.8550539,1.2985744],[103.8550233,1.2985965],[103.8548484,1.2987224],[103.8547891,1.2987811]],[[103.854767,1.2981486],[103.8548892,1.2983049],[103.8550578,1.2981731],[103.8549356,1.2980168],[103.8548823,1.2980585],[103.8548362,1.2980945],[103.854767,1.2981486]]]}},{"type":"Feature","id":"osm-relation-21584413-part-0","properties":{"kind":"building","name":"Asia Square"},"geometry":{"type":"Polygon","coordinates":[[[103.8510883,1.2795478],[103.851014,1.2795296],[103.8505857,1.2788238],[103.8502372,1.2782493],[103.8501975,1.2781839],[103.8502155,1.2781081],[103.8509478,1.2776345],[103.8510242,1.2776486],[103.8511522,1.2778483],[103.8513036,1.2780845],[103.8517317,1.2787527],[103.8518743,1.2789752],[103.8518582,1.2790528],[103.8518504,1.2790578],[103.8511607,1.2795013],[103.8510883,1.2795478]],[[103.8506958,1.2784918],[103.8508612,1.2783875],[103.8510197,1.2782875],[103.8511881,1.2781812],[103.8510984,1.2780391],[103.8510062,1.277893],[103.8509157,1.2777496],[103.8507473,1.2778559],[103.8505888,1.2779559],[103.8504234,1.2780602],[103.8505139,1.2782036],[103.8506062,1.2783497],[103.8506958,1.2784918]],[[103.8512407,1.2793773],[103.8514062,1.279273],[103.8515646,1.2791731],[103.8517331,1.279067],[103.851644,1.2789257],[103.8515508,1.2787778],[103.851461,1.2786354],[103.8512925,1.2787416],[103.8511341,1.2788415],[103.8509686,1.2789458],[103.8510584,1.2790882],[103.8511516,1.2792361],[103.8512407,1.2793773]]]}},{"type":"Feature","id":"osm-way-9588130","properties":{"kind":"road","name":"Unity Street"},"geometry":{"type":"LineString","coordinates":[[103.8428454,1.2916332],[103.8427647,1.2916745],[103.8425602,1.2917792]]}},{"type":"Feature","id":"osm-way-9590308","properties":{"kind":"road","name":"Merchant Loop"},"geometry":{"type":"LineString","coordinates":[[103.843357,1.2895812],[103.8434038,1.2896474],[103.8436463,1.2900095]]}},{"type":"Feature","id":"osm-way-9590561","properties":{"kind":"road","name":"Merchant Road"},"geometry":{"type":"LineString","coordinates":[[103.8421957,1.2901454],[103.8422427,1.2901217],[103.8423059,1.2900895],[103.8423963,1.2900359]]}},{"type":"Feature","id":"osm-way-16678058","properties":{"kind":"primaryRoad","name":"Prinsep Street"},"geometry":{"type":"LineString","coordinates":[[103.8483977,1.2976929],[103.8483528,1.2977854],[103.8483228,1.2978853],[103.8483085,1.2979841],[103.8483294,1.2981144],[103.8483605,1.2981693]]}},{"type":"Feature","id":"osm-way-16688065","properties":{"kind":"primaryRoad","name":"Nicoll Highway"},"geometry":{"type":"LineString","coordinates":[[103.8548655,1.2914505],[103.8549025,1.2915357],[103.8549246,1.2915866],[103.8550798,1.2918822],[103.8552936,1.2922894]]}},{"type":"Feature","id":"osm-way-16892550","properties":{"kind":"park","name":"Fort Canning Park"},"geometry":{"type":"Polygon","coordinates":[[[103.847848,1.290627],[103.848204,1.29128],[103.8486825,1.2910456],[103.8491209,1.2918401],[103.8485609,1.2921269],[103.8485698,1.2923569],[103.8486129,1.2924243],[103.8483309,1.2926046],[103.8477757,1.2939854],[103.8477545,1.2940477],[103.8476393,1.2944411],[103.8477021,1.2945501],[103.8479242,1.2946108],[103.8481671,1.2945513],[103.8482643,1.2951648],[103.8483983,1.2952696],[103.8490514,1.2957802],[103.8491762,1.2959958],[103.8493518,1.296121],[103.8495658,1.2963069],[103.8489863,1.2971313],[103.8488753,1.2972252],[103.848618,1.2972264],[103.8474153,1.2974783],[103.8468193,1.2974986],[103.8464572,1.2974674],[103.845602,1.2972754],[103.8453835,1.2971794],[103.8452298,1.2970938],[103.8448561,1.2968151],[103.8445759,1.2965472],[103.8443261,1.2962103],[103.8441,1.2957234],[103.844194,1.2949166],[103.8442238,1.2946274],[103.8442443,1.2943757],[103.8442544,1.2941929],[103.8442506,1.293936],[103.8442446,1.2938781],[103.844123,1.2935128],[103.8440027,1.2932982],[103.843861,1.293039],[103.8442002,1.2928313],[103.8446608,1.2924903],[103.8449355,1.2922753],[103.845816,1.2916219],[103.8473239,1.2905777],[103.8474151,1.2907503],[103.8474672,1.2908074],[103.8475446,1.2907701],[103.847848,1.290627]]]}},{"type":"Feature","id":"osm-way-16894437","properties":{"kind":"primaryRoad","name":"Central Expressway"},"geometry":{"type":"LineString","coordinates":[[103.8426297,1.3017089],[103.8427759,1.3015891],[103.843035,1.3013647],[103.8433032,1.301],[103.843432,1.3006461],[103.8435393,1.3000669],[103.8435715,1.2994984],[103.8435715,1.2991123],[103.8434856,1.29834],[103.843432,1.2977822],[103.8435285,1.2971708],[103.8438075,1.2966345],[103.8441294,1.2959373],[103.84432,1.2950602],[103.8443825,1.294363],[103.8443761,1.293835],[103.8442687,1.2934026],[103.844084,1.2929739],[103.8437109,1.2921725],[103.8433247,1.2914753]]}},{"type":"Feature","id":"osm-way-21560685","properties":{"kind":"road","name":"Beach Road"},"geometry":{"type":"LineString","coordinates":[[103.8546846,1.2940156],[103.8547025,1.2940608],[103.8547197,1.2941],[103.8547342,1.294131],[103.8547494,1.2941586],[103.8547666,1.2941889],[103.8549176,1.2944082]]}},{"type":"Feature","id":"osm-way-21567384","properties":{"kind":"primaryRoad","name":"Hill Street"},"geometry":{"type":"LineString","coordinates":[[103.8506392,1.2944574],[103.8505784,1.2943594],[103.8504251,1.2940855],[103.8501782,1.293633]]}},{"type":"Feature","id":"osm-way-21567394","properties":{"kind":"road","name":"High Street"},"geometry":{"type":"LineString","coordinates":[[103.848755,1.2909524],[103.8488503,1.2910042],[103.8488985,1.2910128],[103.8489707,1.2910001]]}},{"type":"Feature","id":"osm-way-21567397","properties":{"kind":"primaryRoad","name":"Hill Street"},"geometry":{"type":"LineString","coordinates":[[103.8481858,1.2901144],[103.8482584,1.2902039]]}},{"type":"Feature","id":"osm-way-21567400","properties":{"kind":"primaryRoad","name":"River Valley Road"},"geometry":{"type":"LineString","coordinates":[[103.8477176,1.2902135],[103.8473601,1.2903699],[103.8463754,1.2910267]]}},{"type":"Feature","id":"osm-way-21567404","properties":{"kind":"road","name":"North Boat Quay"},"geometry":{"type":"LineString","coordinates":[[103.8494791,1.2894129],[103.8494374,1.2894382]]}},{"type":"Feature","id":"osm-way-21573270","properties":{"kind":"road","name":"Parliament Place"},"geometry":{"type":"LineString","coordinates":[[103.8504264,1.2898695],[103.8505547,1.2897637],[103.8506924,1.289648]]}},{"type":"Feature","id":"osm-way-21573273","properties":{"kind":"road","name":"Coleman Street"},"geometry":{"type":"LineString","coordinates":[[103.8516767,1.2912995],[103.851706,1.2913115],[103.8517438,1.2913169],[103.8517816,1.2913137],[103.8518215,1.2913004],[103.8522897,1.2910368],[103.8523266,1.291029],[103.8523686,1.2910311],[103.8524169,1.2910386]]}},{"type":"Feature","id":"osm-way-21581785","properties":{"kind":"road","name":"Coleman Street"},"geometry":{"type":"LineString","coordinates":[[103.8492674,1.2926774],[103.8490502,1.2927846],[103.8489301,1.2928564]]}},{"type":"Feature","id":"osm-way-21581796","properties":{"kind":"primaryRoad","name":"Stamford Road"},"geometry":{"type":"LineString","coordinates":[[103.8550077,1.291324],[103.8548655,1.2914505]]}},{"type":"Feature","id":"osm-way-21581831","properties":{"kind":"road","name":"Supreme Court Lane"},"geometry":{"type":"LineString","coordinates":[[103.8515443,1.2910434],[103.8516723,1.2912919],[103.8516767,1.2912995]]}},{"type":"Feature","id":"osm-way-21581835","properties":{"kind":"road","name":"Parliament Place"},"geometry":{"type":"LineString","coordinates":[[103.8512374,1.2892436],[103.8512536,1.2892338],[103.8512854,1.2892183],[103.8513055,1.2892123],[103.8513257,1.289209],[103.8513518,1.2892115],[103.8513812,1.2892173],[103.8514083,1.2892287],[103.8514352,1.2892455],[103.8515745,1.2893739]]}},{"type":"Feature","id":"osm-way-21584500","properties":{"kind":"road","name":"Saint Andrew's Road"},"geometry":{"type":"LineString","coordinates":[[103.8517392,1.2896701],[103.8523289,1.2907304],[103.8524116,1.2908769],[103.8524294,1.2909086]]}},{"type":"Feature","id":"osm-way-21584507","properties":{"kind":"primaryRoad","name":""},"geometry":{"type":"LineString","coordinates":[[103.853252,1.2923897],[103.8532649,1.2925186],[103.8532528,1.2926004],[103.8532387,1.2926996],[103.8532044,1.2927674],[103.8531844,1.2928002],[103.8530891,1.2929424]]}},{"type":"Feature","id":"osm-way-21584516","properties":{"kind":"road","name":"Beach Road"},"geometry":{"type":"LineString","coordinates":[[103.853919,1.2927189],[103.8539343,1.2927314],[103.8539502,1.2927444],[103.8542384,1.2931912],[103.8542842,1.2932583]]}},{"type":"Feature","id":"osm-way-21665446","properties":{"kind":"primaryRoad","name":"Victoria Street"},"geometry":{"type":"LineString","coordinates":[[103.850537,1.2945195],[103.8506094,1.294611],[103.8510631,1.2951378],[103.8513344,1.2954281]]}},{"type":"Feature","id":"osm-way-21669603","properties":{"kind":"primaryRoad","name":"Bras Basah Road"},"geometry":{"type":"LineString","coordinates":[[103.8487115,1.2985833],[103.8487849,1.2985263],[103.849494,1.2979713],[103.8495178,1.297951]]}},{"type":"Feature","id":"osm-way-21673085","properties":{"kind":"primaryRoad","name":"Selegie Road"},"geometry":{"type":"LineString","coordinates":[[103.8495385,1.2996632],[103.8495441,1.299678],[103.849582,1.2997767]]}},{"type":"Feature","id":"osm-way-21677610","properties":{"kind":"road","name":"Bain Street"},"geometry":{"type":"LineString","coordinates":[[103.8532709,1.2976481],[103.853387,1.2975597]]}},{"type":"Feature","id":"osm-way-21677615","properties":{"kind":"road","name":"Seah Street"},"geometry":{"type":"LineString","coordinates":[[103.8557186,1.2954802],[103.8556574,1.2954489],[103.8556118,1.2954361],[103.8555488,1.2954254],[103.8555004,1.2954256]]}},{"type":"Feature","id":"osm-way-21677619","properties":{"kind":"road","name":"Liang Seah Street"},"geometry":{"type":"LineString","coordinates":[[103.8560434,1.298445],[103.8560737,1.298417],[103.8565163,1.2979181]]}},{"type":"Feature","id":"osm-way-21677624","properties":{"kind":"road","name":"Tan Quee Lan Street"},"geometry":{"type":"LineString","coordinates":[[103.8567571,1.2984537],[103.8566019,1.2986152],[103.8565246,1.2987023],[103.8563542,1.2988944],[103.8563288,1.2989218],[103.8563047,1.2989478],[103.8562702,1.298985],[103.8562295,1.299029],[103.8561628,1.299101],[103.8561106,1.2991556]]}},{"type":"Feature","id":"osm-way-21694885","properties":{"kind":"primaryRoad","name":"Rochor Road"},"geometry":{"type":"LineString","coordinates":[[103.8583693,1.2978965],[103.858052,1.2982279],[103.8580002,1.298285]]}},{"type":"Feature","id":"osm-way-21697558","properties":{"kind":"primaryRoad","name":"East Coast Parkway"},"geometry":{"type":"LineString","coordinates":[[103.8614049,1.2886734],[103.8613532,1.2901215],[103.8613273,1.2907029],[103.8613159,1.2911738],[103.8612866,1.2921261]]}},{"type":"Feature","id":"osm-way-21701074","properties":{"kind":"primaryRoad","name":"Raffles Boulevard"},"geometry":{"type":"LineString","coordinates":[[103.856514,1.2927809],[103.8568682,1.2925727]]}},{"type":"Feature","id":"osm-way-21701076","properties":{"kind":"road","name":"Temasek Avenue"},"geometry":{"type":"LineString","coordinates":[[103.8606524,1.2937867],[103.8606844,1.2937562],[103.8607259,1.2937071],[103.8607869,1.2936014],[103.8608285,1.2934982],[103.8608601,1.2933929],[103.8608853,1.2930274],[103.860903,1.2926215]]}},{"type":"Feature","id":"osm-way-21701078","properties":{"kind":"road","name":"Raffles Link"},"geometry":{"type":"LineString","coordinates":[[103.8557948,1.2906494],[103.855802,1.2907201],[103.8557908,1.2908212],[103.8557768,1.2909298],[103.8557902,1.2910344],[103.8558124,1.2911075]]}},{"type":"Feature","id":"osm-way-21701080","properties":{"kind":"road","name":"Temasek Boulevard"},"geometry":{"type":"LineString","coordinates":[[103.8572319,1.2923557],[103.8573318,1.2923828],[103.8573936,1.2924033],[103.8574398,1.2924234],[103.8574874,1.2924496],[103.8575247,1.292484],[103.8576639,1.2927167]]}},{"type":"Feature","id":"osm-way-21701084","properties":{"kind":"road","name":"Temasek Boulevard"},"geometry":{"type":"LineString","coordinates":[[103.8600916,1.2959897],[103.8599481,1.2960514],[103.8598515,1.2960649],[103.8597389,1.2960514],[103.8596801,1.2960033],[103.8596517,1.2959804],[103.8596109,1.2959128]]}},{"type":"Feature","id":"osm-way-21702431","properties":{"kind":"road","name":"Temasek Boulevard"},"geometry":{"type":"LineString","coordinates":[[103.8589781,1.2951475],[103.8590397,1.2951593],[103.8590786,1.295174],[103.8591051,1.2952083],[103.8591328,1.2952578],[103.8593513,1.2956483]]}},{"type":"Feature","id":"osm-way-21786030","properties":{"kind":"primaryRoad","name":"Ophir Road"},"geometry":{"type":"LineString","coordinates":[[103.8605414,1.2975288],[103.8606056,1.2972758],[103.8606571,1.2970643],[103.8606624,1.2969733],[103.8606585,1.2969027],[103.8606316,1.2966998],[103.860626,1.2965472],[103.8606625,1.2962789]]}},{"type":"Feature","id":"osm-way-21786033","properties":{"kind":"primaryRoad","name":""},"geometry":{"type":"LineString","coordinates":[[103.8626137,1.2921498],[103.8624705,1.2915615],[103.8622819,1.2910926],[103.8620776,1.29059],[103.8619303,1.2901126]]}},{"type":"Feature","id":"osm-way-21787118","properties":{"kind":"primaryRoad","name":""},"geometry":{"type":"LineString","coordinates":[[103.8611951,1.295461],[103.8612671,1.2954212],[103.8613517,1.295325],[103.8614262,1.2951925],[103.8615133,1.2950236],[103.8615922,1.2949252],[103.8617108,1.2948049]]}},{"type":"Feature","id":"osm-way-21805129","properties":{"kind":"primaryRoad","name":"Republic Boulevard"},"geometry":{"type":"LineString","coordinates":[[103.8628486,1.2915327],[103.8628898,1.2916159],[103.8629054,1.2916981],[103.8629088,1.2918067],[103.8628983,1.2919464],[103.8628904,1.292052],[103.8628207,1.2924838],[103.8627941,1.292604],[103.8627184,1.2928397],[103.8625264,1.2933616]]}},{"type":"Feature","id":"osm-way-21805134","properties":{"kind":"primaryRoad","name":"Republic Boulevard"},"geometry":{"type":"LineString","coordinates":[[103.8626858,1.2970349],[103.8626903,1.2971346]]}},{"type":"Feature","id":"osm-way-21815891","properties":{"kind":"primaryRoad","name":"Fort Canning Link"},"geometry":{"type":"LineString","coordinates":[[103.8497726,1.2949616],[103.8497064,1.2950049],[103.8495324,1.2951093],[103.8492811,1.2952632]]}},{"type":"Feature","id":"osm-way-21816861","properties":{"kind":"road","name":"Waterloo Street"},"geometry":{"type":"LineString","coordinates":[[103.8522895,1.299681],[103.852085,1.2994261]]}},{"type":"Feature","id":"osm-way-21940368","properties":{"kind":"primaryRoad","name":"Orchard Road"},"geometry":{"type":"LineString","coordinates":[[103.8489258,1.2972882],[103.8488639,1.2973425],[103.8487422,1.2974409]]}},{"type":"Feature","id":"osm-way-21940400","properties":{"kind":"primaryRoad","name":"Penang Road"},"geometry":{"type":"LineString","coordinates":[[103.8474326,1.2983148],[103.8473864,1.2983067],[103.847315,1.2982863],[103.8472539,1.2982572],[103.8472,1.2982179],[103.8470101,1.298026],[103.8469634,1.2979805],[103.846857,1.2979174],[103.8467533,1.2978736],[103.8466612,1.297858],[103.8465491,1.2978528],[103.8463648,1.2979067]]}},{"type":"Feature","id":"osm-way-21998973","properties":{"kind":"road","name":"North Bridge Road"},"geometry":{"type":"LineString","coordinates":[[103.8494264,1.289341],[103.8491042,1.2888394]]}},{"type":"Feature","id":"osm-way-21998983","properties":{"kind":"road","name":"South Bridge Road"},"geometry":{"type":"LineString","coordinates":[[103.8461028,1.2836322],[103.8460404,1.2835289],[103.8458729,1.2832513],[103.8458432,1.283202]]}},{"type":"Feature","id":"osm-way-21998987","properties":{"kind":"primaryRoad","name":"Esplanade Drive"},"geometry":{"type":"LineString","coordinates":[[103.8546839,1.2904014],[103.8546677,1.2903412],[103.8546242,1.2901772],[103.8546059,1.2901081],[103.8545929,1.2900434],[103.8545847,1.2900031],[103.8545152,1.289661],[103.8545091,1.2896309]]}},{"type":"Feature","id":"osm-way-22010716","properties":{"kind":"road","name":"Telok Ayer Street"},"geometry":{"type":"LineString","coordinates":[[103.8469227,1.2781253],[103.8469011,1.2781786],[103.846894,1.2782342],[103.8468858,1.2782949],[103.8468833,1.278352],[103.8468822,1.2783808]]}},{"type":"Feature","id":"osm-way-22012988","properties":{"kind":"road","name":"Tanjong Pagar Road"},"geometry":{"type":"LineString","coordinates":[[103.8438469,1.2794109],[103.8438777,1.2796604],[103.8439071,1.2798496]]}},{"type":"Feature","id":"osm-way-22019827","properties":{"kind":"road","name":"Cook Street"},"geometry":{"type":"LineString","coordinates":[[103.8444549,1.2787672],[103.8443409,1.2787875]]}},{"type":"Feature","id":"osm-way-22022182","properties":{"kind":"primaryRoad","name":"New Bridge Road"},"geometry":{"type":"LineString","coordinates":[[103.8483644,1.2900874],[103.8482911,1.2900039]]}},{"type":"Feature","id":"osm-way-22029890","properties":{"kind":"road","name":"Upper Circular Road"},"geometry":{"type":"LineString","coordinates":[[103.8479885,1.2889585],[103.8479424,1.2889969]]}},{"type":"Feature","id":"osm-way-22029896","properties":{"kind":"road","name":"Carpenter Street"},"geometry":{"type":"LineString","coordinates":[[103.8481989,1.2878724],[103.8483452,1.2877685],[103.8483623,1.2877564],[103.8483976,1.2877104],[103.8484256,1.2876297]]}},{"type":"Feature","id":"osm-way-22029899","properties":{"kind":"road","name":"Hongkong Street"},"geometry":{"type":"LineString","coordinates":[[103.8481665,1.2871674],[103.8481064,1.2871554],[103.848072,1.2871485],[103.8480202,1.2871615],[103.8478679,1.287251]]}},{"type":"Feature","id":"osm-way-22029908","properties":{"kind":"road","name":"North Canal Road"},"geometry":{"type":"LineString","coordinates":[[103.8459996,1.2874818],[103.8461528,1.2873755]]}},{"type":"Feature","id":"osm-way-22034471","properties":{"kind":"road","name":"South Canal Road"},"geometry":{"type":"LineString","coordinates":[[103.8494717,1.2855021],[103.8492581,1.2856171]]}},{"type":"Feature","id":"osm-way-22034474","properties":{"kind":"road","name":"Merchant Road"},"geometry":{"type":"LineString","coordinates":[[103.8455039,1.2876724],[103.8454161,1.2877252],[103.8453047,1.2877969],[103.8452674,1.2878257]]}},{"type":"Feature","id":"osm-way-22040874","properties":{"kind":"primaryRoad","name":"Upper Cross Street"},"geometry":{"type":"LineString","coordinates":[[103.8454578,1.2840158],[103.8452337,1.2841518],[103.8450583,1.2842621]]}},{"type":"Feature","id":"osm-way-22040882","properties":{"kind":"road","name":"Upper Hokien Street"},"geometry":{"type":"LineString","coordinates":[[103.8469116,1.28503],[103.846845,1.2850646],[103.8466875,1.2851464]]}},{"type":"Feature","id":"osm-way-22323516","properties":{"kind":"primaryRoad","name":"Raffles Quay"},"geometry":{"type":"LineString","coordinates":[[103.8515109,1.281451],[103.851143,1.280885],[103.8511072,1.2808299],[103.8510547,1.2807498]]}},{"type":"Feature","id":"osm-way-22674815","properties":{"kind":"primaryRoad","name":""},"geometry":{"type":"LineString","coordinates":[[103.8424909,1.2873862],[103.8425033,1.287409],[103.8425142,1.287498],[103.8424687,1.2875692]]}},{"type":"Feature","id":"osm-way-22674818","properties":{"kind":"primaryRoad","name":""},"geometry":{"type":"LineString","coordinates":[[103.8420978,1.2891213],[103.8417489,1.2885389],[103.8417207,1.288501],[103.8416892,1.2884343],[103.8416709,1.2883357],[103.8417282,1.2882442],[103.8419633,1.2880277]]}},{"type":"Feature","id":"osm-way-22676796","properties":{"kind":"road","name":"Fullerton Square"},"geometry":{"type":"LineString","coordinates":[[103.8530964,1.2850649],[103.8530946,1.2851129],[103.853087,1.285158],[103.8530661,1.2851994],[103.8530244,1.285237],[103.8529521,1.2852624],[103.8528663,1.2852927]]}},{"type":"Feature","id":"osm-way-22694034","properties":{"kind":"road","name":"Fort Canning Road"},"geometry":{"type":"LineString","coordinates":[[103.8489258,1.2972882],[103.8488464,1.2972567],[103.8487377,1.2972535],[103.8485532,1.2972734],[103.8483498,1.2973191]]}},{"type":"Feature","id":"osm-way-22718207","properties":{"kind":"road","name":"Keong Saik Road"},"geometry":{"type":"LineString","coordinates":[[103.8420582,1.2815187],[103.8419989,1.2814986],[103.8419784,1.2814953],[103.84196,1.2814974],[103.8418912,1.2815191]]}},{"type":"Feature","id":"osm-way-22718208","properties":{"kind":"road","name":"Smith Street"},"geometry":{"type":"LineString","coordinates":[[103.8435709,1.2826551],[103.84366,1.2826039],[103.8438703,1.2824825],[103.8438943,1.2824685]]}},{"type":"Feature","id":"osm-way-22917135","properties":{"kind":"road","name":"Lorong Telok"},"geometry":{"type":"LineString","coordinates":[[103.8484153,1.2862143],[103.8484292,1.286241],[103.8487883,1.2869324]]}},{"type":"Feature","id":"osm-way-22919331","properties":{"kind":"primaryRoad","name":"Fullerton Road"},"geometry":{"type":"LineString","coordinates":[[103.8538728,1.286314],[103.8538373,1.286137],[103.8537871,1.2859894],[103.8537139,1.2857465],[103.8536358,1.2855608],[103.8536002,1.2854763]]}},{"type":"Feature","id":"osm-way-22919332","properties":{"kind":"primaryRoad","name":"Collyer Quay"},"geometry":{"type":"LineString","coordinates":[[103.851216,1.2826664],[103.8514102,1.2826738],[103.8515274,1.2826695],[103.8515875,1.2826619],[103.8517499,1.2826224]]}},{"type":"Feature","id":"osm-way-22919803","properties":{"kind":"road","name":"Boat Quay"},"geometry":{"type":"LineString","coordinates":[[103.8490344,1.288961],[103.8492539,1.2887943],[103.8492634,1.2887759]]}},{"type":"Feature","id":"osm-way-22919804","properties":{"kind":"road","name":"Mosque Street"},"geometry":{"type":"LineString","coordinates":[[103.8453779,1.2834825],[103.8452923,1.2835351],[103.8450587,1.2836635]]}},{"type":"Feature","id":"osm-way-22919806","properties":{"kind":"road","name":"Temple Street"},"geometry":{"type":"LineString","coordinates":[[103.8441283,1.2828903],[103.8441535,1.282874],[103.8443458,1.282765]]}},{"type":"Feature","id":"osm-way-22919807","properties":{"kind":"road","name":"Trengganu Street"},"geometry":{"type":"LineString","coordinates":[[103.8444046,1.283374],[103.8443659,1.2833079]]}},{"type":"Feature","id":"osm-way-22919808","properties":{"kind":"road","name":"Teck Lim Road"},"geometry":{"type":"LineString","coordinates":[[103.842185,1.2798611],[103.8423793,1.2795899]]}},{"type":"Feature","id":"osm-way-22919811","properties":{"kind":"road","name":"Tan Tye Place"},"geometry":{"type":"LineString","coordinates":[[103.845122,1.2910244],[103.8450137,1.2908648],[103.844877,1.2907247],[103.8448635,1.2907106],[103.8448339,1.2907028]]}},{"type":"Feature","id":"osm-way-22919813","properties":{"kind":"road","name":"Clarke Street"},"geometry":{"type":"LineString","coordinates":[[103.8461015,1.2899977],[103.8460282,1.2900444],[103.845464,1.2903198]]}},{"type":"Feature","id":"osm-way-22919815","properties":{"kind":"road","name":"Read Street"},"geometry":{"type":"LineString","coordinates":[[103.8458981,1.2913463],[103.8458596,1.2912614],[103.845464,1.2903198],[103.8453424,1.2900271]]}},{"type":"Feature","id":"osm-way-22919822","properties":{"kind":"road","name":"Duxton Road"},"geometry":{"type":"LineString","coordinates":[[103.8432616,1.2797377],[103.8432688,1.2797101],[103.8432762,1.2796511],[103.8432867,1.2795757]]}},{"type":"Feature","id":"osm-way-22919823","properties":{"kind":"road","name":"Duxton Hill"},"geometry":{"type":"LineString","coordinates":[[103.8436948,1.2794247],[103.8435853,1.2794315]]}},{"type":"Feature","id":"osm-way-22919824","properties":{"kind":"road","name":"Craig Road"},"geometry":{"type":"LineString","coordinates":[[103.8419914,1.278365],[103.8421161,1.2781751]]}},{"type":"Feature","id":"osm-way-22919825","properties":{"kind":"road","name":"Boon Tat Street"},"geometry":{"type":"LineString","coordinates":[[103.8487257,1.2810597],[103.8489905,1.2809123],[103.8490524,1.2808779]]}},{"type":"Feature","id":"osm-way-22919826","properties":{"kind":"road","name":"Maxwell Link"},"geometry":{"type":"LineString","coordinates":[[103.8488653,1.2781116],[103.8484489,1.2774254],[103.8480845,1.2767819]]}},{"type":"Feature","id":"osm-way-22920148","properties":{"kind":"road","name":"Stanley Street"},"geometry":{"type":"LineString","coordinates":[[103.8476054,1.2795481],[103.8477402,1.2797699]]}},{"type":"Feature","id":"osm-way-22920149","properties":{"kind":"road","name":"McCallum Street"},"geometry":{"type":"LineString","coordinates":[[103.8491711,1.2785999],[103.848846,1.2787941],[103.8488095,1.2788159]]}},{"type":"Feature","id":"osm-way-22920809","properties":{"kind":"road","name":"Kadayanallur Street"},"geometry":{"type":"LineString","coordinates":[[103.845241,1.2801045],[103.8452327,1.280074],[103.8450731,1.2799569],[103.8449467,1.2798566],[103.844865,1.2797927],[103.8447871,1.2797238]]}},{"type":"Feature","id":"osm-way-22920810","properties":{"kind":"road","name":"Erskine Road"},"geometry":{"type":"LineString","coordinates":[[103.8449849,1.2812059],[103.8450537,1.2811407],[103.8451124,1.2810701]]}},{"type":"Feature","id":"osm-way-22920811","properties":{"kind":"road","name":"Club Street"},"geometry":{"type":"LineString","coordinates":[[103.845811,1.2819592],[103.8460336,1.2822828],[103.8460769,1.2823351]]}},{"type":"Feature","id":"osm-way-22920825","properties":{"kind":"road","name":""},"geometry":{"type":"LineString","coordinates":[[103.8529088,1.2854846],[103.8529089,1.2855321],[103.8528988,1.2855748],[103.8528772,1.2856186],[103.8528169,1.2857263]]}},{"type":"Feature","id":"osm-way-22920826","properties":{"kind":"road","name":"Circular Road"},"geometry":{"type":"LineString","coordinates":[[103.8495779,1.2856324],[103.8495675,1.2856011],[103.8495577,1.2855754],[103.8495435,1.2855498],[103.8495236,1.2855283],[103.8494992,1.2855121],[103.8494717,1.2855021]]}},{"type":"Feature","id":"osm-way-22921312","properties":{"kind":"primaryRoad","name":"Church Street"},"geometry":{"type":"LineString","coordinates":[[103.8487562,1.284544],[103.8491024,1.2843452],[103.8493234,1.284165]]}},{"type":"Feature","id":"osm-way-22921313","properties":{"kind":"road","name":"Market Street"},"geometry":{"type":"LineString","coordinates":[[103.8500058,1.2832447],[103.8500166,1.2832446],[103.8500943,1.283243],[103.8502394,1.2832399],[103.8502892,1.2832621],[103.8503233,1.2833165],[103.8503422,1.2837478],[103.8503439,1.2837862],[103.850368,1.2838162]]}},{"type":"Feature","id":"osm-way-22921314","properties":{"kind":"road","name":"Malacca Street"},"geometry":{"type":"LineString","coordinates":[[103.8512769,1.2836913],[103.8512394,1.2837196],[103.8509556,1.2837438]]}},{"type":"Feature","id":"osm-way-22921315","properties":{"kind":"road","name":"Market Street"},"geometry":{"type":"LineString","coordinates":[[103.8503588,1.2822924],[103.8503645,1.2822793],[103.8503703,1.2821405]]}},{"type":"Feature","id":"osm-way-22921316","properties":{"kind":"road","name":"Telok Ayer Street"},"geometry":{"type":"LineString","coordinates":[[103.8492667,1.2834194],[103.8492322,1.2833731],[103.8491752,1.2832965],[103.8490512,1.2830846]]}},{"type":"Feature","id":"osm-way-22921317","properties":{"kind":"road","name":"Phillip Street"},"geometry":{"type":"LineString","coordinates":[[103.8500516,1.2851826],[103.8499586,1.285145],[103.8499182,1.2850941],[103.8498972,1.2850336]]}},{"type":"Feature","id":"osm-way-22921959","properties":{"kind":"primaryRoad","name":"Shenton Way"},"geometry":{"type":"LineString","coordinates":[[103.8505593,1.2799487],[103.8502458,1.279421]]}},{"type":"Feature","id":"osm-way-22921960","properties":{"kind":"primaryRoad","name":"Finlayson Green"},"geometry":{"type":"LineString","coordinates":[[103.8507869,1.2826449],[103.8508287,1.2826181],[103.850907,1.2826135],[103.8513125,1.2825625]]}},{"type":"Feature","id":"osm-way-22922238","properties":{"kind":"road","name":"Amoy Street"},"geometry":{"type":"LineString","coordinates":[[103.8467538,1.2801641],[103.8468169,1.2803544],[103.8469639,1.2807071],[103.8470969,1.2809378]]}},{"type":"Feature","id":"osm-way-22930508","properties":{"kind":"road","name":"Tanjong Rhu View"},"geometry":{"type":"LineString","coordinates":[[103.8677465,1.2978573],[103.8689926,1.2978685],[103.8693389,1.2978665],[103.8696303,1.2978699],[103.869816,1.297893],[103.869903,1.29787],[103.8699424,1.2978402],[103.8699595,1.2978019],[103.869971,1.2977121]]}},{"type":"Feature","id":"osm-way-23036524","properties":{"kind":"primaryRoad","name":"Central Boulevard"},"geometry":{"type":"LineString","coordinates":[[103.8531601,1.2792144],[103.852815,1.2794566]]}},{"type":"Feature","id":"osm-way-23037303","properties":{"kind":"road","name":"Marina View Link"},"geometry":{"type":"LineString","coordinates":[[103.8527318,1.2801078],[103.8527328,1.2801537],[103.8527314,1.2801938],[103.8527288,1.2802172],[103.8527219,1.2802421],[103.8527108,1.2802648],[103.8526936,1.2802901],[103.8526722,1.2803167],[103.8526443,1.2803462]]}},{"type":"Feature","id":"osm-way-23125597","properties":{"kind":"road","name":"Peck Seah Street"},"geometry":{"type":"LineString","coordinates":[[103.8451824,1.2790447],[103.845252,1.2790962]]}},{"type":"Feature","id":"osm-way-23126205","properties":{"kind":"road","name":"Sago Street"},"geometry":{"type":"LineString","coordinates":[[103.8439839,1.2818506],[103.844497,1.2815577],[103.8446831,1.2814714],[103.8447214,1.2814519],[103.8447304,1.2814486],[103.8448186,1.2813961]]}},{"type":"Feature","id":"osm-way-23126207","properties":{"kind":"primaryRoad","name":"Upper Pickering Street"},"geometry":{"type":"LineString","coordinates":[[103.8456171,1.2863146],[103.8458944,1.2861586]]}},{"type":"Feature","id":"osm-way-23126208","properties":{"kind":"primaryRoad","name":"Upper Pickering Street"},"geometry":{"type":"LineString","coordinates":[[103.8452109,1.2865509],[103.8453734,1.2864503]]}},{"type":"Feature","id":"osm-way-23126209","properties":{"kind":"primaryRoad","name":"Pickering Street"},"geometry":{"type":"LineString","coordinates":[[103.8471684,1.2854539],[103.8472507,1.2854072],[103.8474714,1.2852828]]}},{"type":"Feature","id":"osm-way-23126210","properties":{"kind":"road","name":"Park Crescent"},"geometry":{"type":"LineString","coordinates":[[103.8423389,1.2834752],[103.8421827,1.2836041],[103.8421756,1.2836136],[103.8421723,1.2836216],[103.8421699,1.2836426]]}},{"type":"Feature","id":"osm-way-23132149","properties":{"kind":"road","name":"Bonham Street"},"geometry":{"type":"LineString","coordinates":[[103.8513781,1.2849516],[103.8513871,1.2850178]]}},{"type":"Feature","id":"osm-way-23132150","properties":{"kind":"road","name":"Flint Street"},"geometry":{"type":"LineString","coordinates":[[103.8523579,1.2859415],[103.8524976,1.2856306],[103.852501,1.2856061],[103.8524993,1.2855605],[103.8524646,1.2854169]]}},{"type":"Feature","id":"osm-way-23132204","properties":{"kind":"road","name":"Chulia Street"},"geometry":{"type":"LineString","coordinates":[[103.8506707,1.2850421],[103.850622,1.2850483],[103.8504594,1.2850692],[103.8504368,1.2850721]]}},{"type":"Feature","id":"osm-way-23132205","properties":{"kind":"road","name":"D'Almeida Street"},"geometry":{"type":"LineString","coordinates":[[103.8512613,1.2831983],[103.8512689,1.2832628],[103.8512813,1.2834317],[103.8512857,1.2834919]]}},{"type":"Feature","id":"osm-way-23132236","properties":{"kind":"road","name":"Marina View"},"geometry":{"type":"LineString","coordinates":[[103.853228,1.2808422],[103.8533777,1.281074],[103.8534153,1.2811278],[103.8534274,1.28114],[103.8534447,1.2811498],[103.8534647,1.2811573],[103.853488,1.2811622],[103.8535139,1.2811638],[103.8535344,1.2811627],[103.853587,1.2811517]]}},{"type":"Feature","id":"osm-way-23946437","properties":{"kind":"road","name":"Rhu Cross"},"geometry":{"type":"LineString","coordinates":[[103.8682099,1.2944812],[103.8682526,1.2945371],[103.8681884,1.2948797],[103.8681768,1.2949536],[103.8681297,1.2951894]]}},{"type":"Feature","id":"osm-way-28382649","properties":{"kind":"road","name":"Queen Street"},"geometry":{"type":"LineString","coordinates":[[103.851137,1.2967447],[103.8513415,1.2969898],[103.8513563,1.2970076],[103.8513697,1.2970237],[103.8514153,1.2970784]]}},{"type":"Feature","id":"osm-way-29377111","properties":{"kind":"road","name":"South Bridge Road"},"geometry":{"type":"LineString","coordinates":[[103.8491042,1.2888394],[103.8491024,1.2887479]]}},{"type":"Feature","id":"osm-way-29377116","properties":{"kind":"road","name":"Cavenagh Bridge"},"geometry":{"type":"LineString","coordinates":[[103.8522113,1.2868151],[103.8521847,1.2868849],[103.8521716,1.2869079]]}},{"type":"Feature","id":"osm-way-32342169","properties":{"kind":"building","name":"National Museum of Singapore"},"geometry":{"type":"Polygon","coordinates":[[[103.8479744,1.2970988],[103.8482436,1.2967733],[103.8482102,1.2967457],[103.8481518,1.2966974],[103.847963,1.2969304],[103.8478261,1.2968195],[103.8478832,1.296749],[103.8478522,1.2967239],[103.8477875,1.2966715],[103.8478748,1.2965637],[103.8479419,1.296618],[103.8479706,1.2966412],[103.8480087,1.2965941],[103.8481669,1.296399],[103.8482011,1.2964266],[103.8484021,1.2961802],[103.8483987,1.2961548],[103.8484059,1.2961128],[103.8484295,1.2960747],[103.8484697,1.2960471],[103.8485159,1.2960387],[103.8485578,1.2960479],[103.8485912,1.2960698],[103.8486177,1.2961079],[103.8486268,1.2961547],[103.8486207,1.2961896],[103.8486049,1.2962199],[103.8486451,1.2962531],[103.848664,1.2962688],[103.8489347,1.2959417],[103.8490358,1.2960253],[103.8489688,1.2961063],[103.8489592,1.2960984],[103.8487592,1.2963401],[103.8487699,1.296349],[103.8487007,1.2964326],[103.8486897,1.2964235],[103.8486002,1.2965315],[103.8485729,1.2965647],[103.8486465,1.2966257],[103.8486829,1.2965816],[103.8487171,1.2966099],[103.8487953,1.2965154],[103.8487863,1.296508],[103.8488572,1.2964223],[103.8489615,1.2965085],[103.8488896,1.2965954],[103.84888,1.2965873],[103.8488043,1.2966788],[103.8488362,1.2967051],[103.8488142,1.2967313],[103.8488602,1.2967695],[103.8488175,1.2968211],[103.8487754,1.2968718],[103.8487294,1.2968336],[103.8487085,1.2968585],[103.8486761,1.296832],[103.8485966,1.2969282],[103.8486065,1.2969364],[103.8485391,1.2970179],[103.8484346,1.2969315],[103.8485023,1.2968496],[103.8485124,1.296858],[103.8485916,1.2967622],[103.8485569,1.2967338],[103.848595,1.2966877],[103.8485202,1.2966259],[103.8483326,1.2968527],[103.848267,1.2969319],[103.8483174,1.2969736],[103.8482506,1.2970544],[103.848201,1.2970133],[103.8481363,1.2970916],[103.8481456,1.2970993],[103.8480763,1.2971831],[103.8479744,1.2970988]]]}},{"type":"Feature","id":"osm-way-32507072","properties":{"kind":"road","name":"Ann Siang Hill"},"geometry":{"type":"LineString","coordinates":[[103.8454968,1.2815006],[103.8453328,1.2815399],[103.8452993,1.281554]]}},{"type":"Feature","id":"osm-way-32507196","properties":{"kind":"road","name":"Pearl's Hill Road"},"geometry":{"type":"LineString","coordinates":[[103.8423274,1.2867052],[103.8422924,1.2867849],[103.8422589,1.2868443],[103.8421955,1.2869082],[103.8421416,1.2869338],[103.8420994,1.2869381],[103.8420158,1.2869408]]}},{"type":"Feature","id":"osm-way-34878595","properties":{"kind":"road","name":"Zubir Said Drive"},"geometry":{"type":"LineString","coordinates":[[103.8481915,1.2994291],[103.848177,1.2992533]]}},{"type":"Feature","id":"osm-way-34878596","properties":{"kind":"road","name":"Oldham Lane"},"geometry":{"type":"LineString","coordinates":[[103.846039,1.2999765],[103.8460228,1.2998844],[103.8459893,1.2998039],[103.8459882,1.2997417]]}},{"type":"Feature","id":"osm-way-34878597","properties":{"kind":"road","name":"Penang Lane"},"geometry":{"type":"LineString","coordinates":[[103.844592,1.2994879],[103.8447131,1.2993673],[103.8447413,1.2993169],[103.8447482,1.2992909]]}},{"type":"Feature","id":"osm-way-34878741","properties":{"kind":"road","name":"Buyong Road"},"geometry":{"type":"LineString","coordinates":[[103.8429945,1.2992651],[103.8429913,1.299282],[103.8428427,1.2994359],[103.8428297,1.2995006],[103.8429159,1.2998863],[103.8429204,1.2999064],[103.8429499,1.3000417]]}},{"type":"Feature","id":"osm-way-35037528","properties":{"kind":"primaryRoad","name":"Eu Tong Sen Street"},"geometry":{"type":"LineString","coordinates":[[103.8476025,1.2893849],[103.8479836,1.2898829]]}},{"type":"Feature","id":"osm-way-35037529","properties":{"kind":"primaryRoad","name":"Eu Tong Sen Street"},"geometry":{"type":"LineString","coordinates":[[103.8481263,1.2900514],[103.8481858,1.2901144]]}},{"type":"Feature","id":"osm-way-35037531","properties":{"kind":"primaryRoad","name":"New Bridge Road"},"geometry":{"type":"LineString","coordinates":[[103.8476781,1.2892162],[103.8475494,1.2890411]]}},{"type":"Feature","id":"osm-way-35037532","properties":{"kind":"primaryRoad","name":"New Bridge Road"},"geometry":{"type":"LineString","coordinates":[[103.8482911,1.2900039],[103.8478777,1.2894749]]}},{"type":"Feature","id":"osm-way-35037535","properties":{"kind":"primaryRoad","name":"Esplanade Drive"},"geometry":{"type":"LineString","coordinates":[[103.854266,1.2892613],[103.8543497,1.2896428],[103.8544479,1.2901268],[103.8545296,1.2904397],[103.8545522,1.2905179]]}},{"type":"Feature","id":"osm-way-35037536","properties":{"kind":"primaryRoad","name":"Esplanade Drive"},"geometry":{"type":"LineString","coordinates":[[103.85437,1.2889292],[103.8541517,1.2877946]]}},{"type":"Feature","id":"osm-way-35037537","properties":{"kind":"primaryRoad","name":"Esplanade Drive"},"geometry":{"type":"LineString","coordinates":[[103.8539338,1.2866643],[103.853923,1.286596],[103.8539139,1.2865299],[103.8538963,1.2864287]]}},{"type":"Feature","id":"osm-way-35037538","properties":{"kind":"primaryRoad","name":"Esplanade Drive"},"geometry":{"type":"LineString","coordinates":[[103.8537803,1.2867007],[103.854266,1.2892613]]}},{"type":"Feature","id":"osm-way-37555243","properties":{"kind":"road","name":"Purvis Street"},"geometry":{"type":"LineString","coordinates":[[103.8556068,1.2961643],[103.8555807,1.2961842]]}},{"type":"Feature","id":"osm-way-38533985","properties":{"kind":"primaryRoad","name":"Clemenceau Avenue"},"geometry":{"type":"LineString","coordinates":[[103.8423187,1.2906515],[103.842562,1.2910816]]}},{"type":"Feature","id":"osm-way-38533986","properties":{"kind":"primaryRoad","name":"Clemenceau Avenue"},"geometry":{"type":"LineString","coordinates":[[103.8428454,1.2916332],[103.8429538,1.291832],[103.8432417,1.2923027]]}},{"type":"Feature","id":"osm-way-39351290","properties":{"kind":"road","name":"Oxley Rise"},"geometry":{"type":"LineString","coordinates":[[103.8424634,1.2982959],[103.8424315,1.2983515],[103.8423542,1.2984826],[103.8422793,1.2985867],[103.8422354,1.2986271]]}},{"type":"Feature","id":"osm-way-39351291","properties":{"kind":"road","name":"Oxley Rise"},"geometry":{"type":"LineString","coordinates":[[103.8445561,1.2967037],[103.8444201,1.2965966],[103.8442904,1.296527],[103.8441556,1.2964822],[103.8440592,1.2964669],[103.8439556,1.2964593],[103.8438817,1.29646],[103.8438345,1.2964605],[103.8437401,1.2964783],[103.8436398,1.2965078],[103.8435536,1.2965464],[103.8434191,1.2966314],[103.8433536,1.2966844],[103.8433034,1.2967379]]}},{"type":"Feature","id":"osm-way-39351292","properties":{"kind":"primaryRoad","name":"Fort Canning Link"},"geometry":{"type":"LineString","coordinates":[[103.8464812,1.2976566],[103.8463387,1.2977657],[103.8462006,1.2978663],[103.8459222,1.2980223]]}},{"type":"Feature","id":"osm-way-39430859","properties":{"kind":"road","name":""},"geometry":{"type":"LineString","coordinates":[[103.8439553,1.2907744],[103.8440267,1.2908923],[103.8441245,1.2910634]]}},{"type":"Feature","id":"osm-way-39473982","properties":{"kind":"road","name":"Banda Street"},"geometry":{"type":"LineString","coordinates":[[103.843662,1.2812602],[103.8436001,1.2811542]]}},{"type":"Feature","id":"osm-way-39487263","properties":{"kind":"building","name":"Raffles City Shopping Centre"},"geometry":{"type":"Polygon","coordinates":[[[103.8541986,1.2941546],[103.8541112,1.2942287],[103.8540626,1.2942209],[103.8540411,1.294236],[103.8538983,1.2943444],[103.8536546,1.2945337],[103.8533946,1.294723],[103.8532973,1.2947762],[103.8531643,1.294778],[103.8530804,1.2947328],[103.8524711,1.2938841],[103.8524635,1.2938126],[103.8524779,1.2937302],[103.8525471,1.293644],[103.8530764,1.2932715],[103.8531345,1.2932306],[103.8531615,1.2932116],[103.8532132,1.2931056],[103.8533501,1.2930213],[103.8534739,1.2930198],[103.8535646,1.2930575],[103.8536494,1.2931428],[103.8536328,1.2931714],[103.8537478,1.2933452],[103.8540343,1.2937778],[103.854145,1.2937895],[103.8542128,1.2939081],[103.8542392,1.2940623],[103.8541986,1.2941546]]]}},{"type":"Feature","id":"osm-way-39961203","properties":{"kind":"primaryRoad","name":"East Coast Parkway"},"geometry":{"type":"LineString","coordinates":[[103.8614885,1.2884018],[103.8615167,1.289266],[103.8615414,1.2897153],[103.8616221,1.2906233]]}},{"type":"Feature","id":"osm-way-39961204","properties":{"kind":"primaryRoad","name":""},"geometry":{"type":"LineString","coordinates":[[103.8619303,1.2901126],[103.8618513,1.2897038],[103.8617911,1.289226],[103.8617644,1.2888899]]}},{"type":"Feature","id":"osm-way-39961207","properties":{"kind":"primaryRoad","name":"Sheares Avenue"},"geometry":{"type":"LineString","coordinates":[[103.8615643,1.2851283],[103.8615002,1.2843366],[103.8614415,1.2837877],[103.8613618,1.2834101],[103.8612488,1.2829781]]}},{"type":"Feature","id":"osm-way-41662337","properties":{"kind":"park","name":"Domain of the Istana"},"geometry":{"type":"Polygon","coordinates":[[[103.8442253,1.3097294],[103.843584,1.3091281],[103.8427988,1.3084967],[103.8420822,1.3079318],[103.8419163,1.307801],[103.8416965,1.3074713],[103.8414382,1.3070072],[103.8412633,1.3065296],[103.8412815,1.3060468],[103.8414329,1.3050732],[103.8414702,1.3045221],[103.8414491,1.304304],[103.8413909,1.3033958],[103.8414685,1.3030208],[103.841656,1.3028108],[103.842381,1.3023442],[103.8429218,1.3020181],[103.8434145,1.3016995],[103.8436183,1.3014675],[103.8436854,1.3012745],[103.8436747,1.301127],[103.8435459,1.301009],[103.843359,1.300963],[103.8433009,1.3006478],[103.8432123,1.300213],[103.8432165,1.3001767],[103.8432235,1.3001167],[103.843266,1.3000741],[103.8433616,1.3000401],[103.8435766,1.2999654],[103.8437861,1.2998936],[103.8438407,1.3000375],[103.8439148,1.3000109],[103.8439912,1.2999835],[103.8439423,1.29984],[103.8439912,1.2998221],[103.8442918,1.2997279],[103.8457799,1.3032194],[103.8454794,1.3036759],[103.8454062,1.3038876],[103.8453754,1.3039766],[103.8456321,1.3044749],[103.8459859,1.3052616],[103.8463514,1.3065562],[103.8463121,1.3069092],[103.8461168,1.3077936],[103.8455569,1.3086483],[103.8449099,1.3094494],[103.8442253,1.3097294]]]}},{"type":"Feature","id":"osm-way-41896555","properties":{"kind":"road","name":"Fort Canning Road"},"geometry":{"type":"LineString","coordinates":[[103.8460261,1.2974281],[103.8456466,1.2973418],[103.8455728,1.2973208],[103.8453879,1.2972469]]}},{"type":"Feature","id":"osm-way-43826730","properties":{"kind":"road","name":"Boon Tat Link"},"geometry":{"type":"LineString","coordinates":[[103.8501562,1.2801931],[103.8501041,1.2801072],[103.8495744,1.2792343]]}},{"type":"Feature","id":"osm-way-44414527","properties":{"kind":"road","name":"Hylam Street"},"geometry":{"type":"LineString","coordinates":[[103.8552086,1.298702],[103.8554589,1.2990358],[103.8556359,1.2992718],[103.8557456,1.2994139]]}},{"type":"Feature","id":"osm-way-44414529","properties":{"kind":"building","name":"Carlton Hotel Singapore"},"geometry":{"type":"Polygon","coordinates":[[[103.8521976,1.2960143],[103.8521851,1.2959975],[103.8521785,1.2959775],[103.8521784,1.2959566],[103.8521848,1.2959366],[103.8521971,1.2959196],[103.8522141,1.2959072],[103.8522341,1.2959008],[103.8522551,1.2959008],[103.852275,1.2959073],[103.8522502,1.2958759],[103.8523367,1.2958149],[103.8523966,1.2957717],[103.8526607,1.295597],[103.8527327,1.2956897],[103.8527676,1.2956631],[103.8527244,1.2956064],[103.8529261,1.2954527],[103.8529613,1.2954965],[103.8529716,1.2954625],[103.8529928,1.295434],[103.8530223,1.2954143],[103.8530568,1.2954057],[103.8530922,1.2954094],[103.8531242,1.2954247],[103.8531492,1.29545],[103.8531641,1.2954823],[103.8531672,1.2955177],[103.8531884,1.295499],[103.8533478,1.2956996],[103.8532766,1.2957561],[103.8532978,1.2957832],[103.8531823,1.2958737],[103.8529873,1.2960328],[103.8529782,1.2960187],[103.8527639,1.2961799],[103.8527374,1.2962037],[103.8527329,1.2962447],[103.8528781,1.2964627],[103.8529169,1.2965342],[103.8529216,1.2965604],[103.8529233,1.2965818],[103.8529155,1.2966064],[103.8529038,1.2966264],[103.8528919,1.2966403],[103.8528718,1.2966539],[103.852847,1.2966608],[103.8528223,1.2966628],[103.8527957,1.2966566],[103.8527741,1.2966411],[103.8521976,1.2960143]]]}},{"type":"Feature","id":"osm-way-44414530","properties":{"kind":"building","name":"Excelsior Hotel"},"geometry":{"type":"Polygon","coordinates":[[[103.8496573,1.2919231],[103.8497994,1.2918424],[103.8499737,1.2921491],[103.8498316,1.2922299],[103.8496573,1.2919231]]]}},{"type":"Feature","id":"osm-way-44414531","properties":{"kind":"building","name":"Bras Basah Complex"},"geometry":{"type":"Polygon","coordinates":[[[103.853107,1.2970133],[103.8530279,1.2969098],[103.8530876,1.2968617],[103.8530538,1.2968199],[103.8530235,1.2967824],[103.8531105,1.2967122],[103.8531532,1.2967651],[103.8534562,1.2965206],[103.8538116,1.2962338],[103.8542354,1.296767],[103.853437,1.2974166],[103.8531753,1.2970924],[103.853107,1.2970133]]]}},{"type":"Feature","id":"osm-way-44414532","properties":{"kind":"road","name":"Malabar Street"},"geometry":{"type":"LineString","coordinates":[[103.8543939,1.2982952],[103.8544231,1.2983378],[103.8544357,1.2983532]]}},{"type":"Feature","id":"osm-way-44414533","properties":{"kind":"road","name":"Malay Street"},"geometry":{"type":"LineString","coordinates":[[103.8546642,1.2991471],[103.8547288,1.2990995],[103.8547726,1.2990663]]}},{"type":"Feature","id":"osm-way-44414539","properties":{"kind":"building","name":"National Library"},"geometry":{"type":"Polygon","coordinates":[[[103.8536792,1.2975425],[103.8537087,1.2975196],[103.8543058,1.2970547],[103.8543447,1.2970244],[103.8543616,1.2970212],[103.8545659,1.2973022],[103.8546913,1.2974747],[103.8547914,1.2976124],[103.8548252,1.2977433],[103.8547986,1.2977842],[103.8547255,1.2978212],[103.8546974,1.2978236],[103.8546543,1.2977992],[103.854605,1.2977714],[103.8544556,1.2978774],[103.854261,1.2981284],[103.8542326,1.2982108],[103.8541623,1.2981866],[103.853988,1.2980605],[103.8539036,1.297822],[103.8538231,1.2977218],[103.8536792,1.2975425]]]}},{"type":"Feature","id":"osm-way-44414588","properties":{"kind":"building","name":"State Courts"},"geometry":{"type":"Polygon","coordinates":[[[103.8433415,1.287156],[103.8432878,1.2871399],[103.8432405,1.2871257],[103.8433075,1.2872484],[103.8433347,1.2872975],[103.8431195,1.2874165],[103.843094,1.2873704],[103.8430261,1.2872462],[103.8430131,1.2872894],[103.842997,1.2873432],[103.842679,1.287248],[103.8426955,1.2871927],[103.8427086,1.2871491],[103.8425882,1.2869306],[103.8425251,1.2869117],[103.8424671,1.2868944],[103.842558,1.2865908],[103.8426173,1.2866087],[103.8426835,1.2866288],[103.8426076,1.286492],[103.8425833,1.2864481],[103.8427984,1.286329],[103.8428257,1.2863778],[103.8428997,1.2865103],[103.8429158,1.2864558],[103.8429325,1.2863993],[103.8432517,1.2864948],[103.8432345,1.2865523],[103.8432155,1.2866157],[103.8433313,1.2868222],[103.8433809,1.286837],[103.8434323,1.2868524],[103.8433415,1.287156]]]}},{"type":"Feature","id":"osm-way-44414589","properties":{"kind":"building","name":"People's Park Complex"},"geometry":{"type":"Polygon","coordinates":[[[103.8424953,1.2834575],[103.8426541,1.2836579],[103.842733,1.2837531],[103.8430877,1.2841978],[103.8431936,1.2843306],[103.8431727,1.2843482],[103.8427976,1.2846523],[103.8426868,1.2847436],[103.8422981,1.2842741],[103.8420242,1.2844952],[103.8419814,1.2844357],[103.8419847,1.2843271],[103.8420413,1.2842771],[103.8419863,1.2842107],[103.8421449,1.2840795],[103.8419852,1.2838772],[103.8422865,1.2836293],[103.8424953,1.2834575]]]}},{"type":"Feature","id":"osm-way-44414593","properties":{"kind":"road","name":"New Market Road"},"geometry":{"type":"LineString","coordinates":[[103.8441655,1.2865472],[103.8443038,1.2867277]]}},{"type":"Feature","id":"osm-way-44414594","properties":{"kind":"building","name":"Havelock II"},"geometry":{"type":"Polygon","coordinates":[[[103.845136,1.2875248],[103.8446829,1.2870531],[103.8447196,1.287033],[103.8450115,1.2868732],[103.8450393,1.2868606],[103.8450547,1.286855],[103.8451175,1.2868355],[103.8451555,1.2868214],[103.8451836,1.2868164],[103.8452177,1.2868232],[103.8452559,1.286841],[103.8454962,1.2871194],[103.8456071,1.2872544],[103.845136,1.2875248]]]}},{"type":"Feature","id":"osm-way-44414597","properties":{"kind":"park","name":"Hong Lim Park"},"geometry":{"type":"Polygon","coordinates":[[[103.84681,1.2863944],[103.8466888,1.2861812],[103.8467203,1.2861609],[103.8468128,1.2861012],[103.8466454,1.2858292],[103.8471647,1.2855519],[103.8475277,1.2861602],[103.8471197,1.286402],[103.8471625,1.2864754],[103.8470176,1.2865474],[103.8470876,1.2866864],[103.8463037,1.2870635],[103.8459368,1.2866201],[103.8457573,1.2867467],[103.8456567,1.2866192],[103.8456373,1.286487],[103.8456579,1.2863916],[103.8461272,1.2861345],[103.8462252,1.286307],[103.8463126,1.2863721],[103.8464008,1.2864117],[103.846585,1.2864239],[103.8467341,1.2864154],[103.84681,1.2863944]]]}},{"type":"Feature","id":"osm-way-45070916","properties":{"kind":"building","name":"Riverside Point"},"geometry":{"type":"Polygon","coordinates":[[[103.8442636,1.2890604],[103.8447472,1.2886191],[103.8447604,1.2886329],[103.8448139,1.2886888],[103.8447954,1.2889251],[103.84451,1.2890862],[103.8443931,1.289213],[103.8443647,1.2891797],[103.8441931,1.2893778],[103.8442091,1.2893896],[103.8442161,1.2893951],[103.8440593,1.2896426],[103.8440224,1.2897045],[103.8439075,1.2899289],[103.8438366,1.2899449],[103.8436802,1.2896896],[103.8436195,1.2895906],[103.8436379,1.2895165],[103.8440211,1.2892499],[103.8440508,1.2892293],[103.8442636,1.2890604]]]}},{"type":"Feature","id":"osm-way-45070947","properties":{"kind":"building","name":"Traders Market"},"geometry":{"type":"Polygon","coordinates":[[[103.8463045,1.2909556],[103.8461692,1.2907409],[103.8461193,1.2905792],[103.8461866,1.290332],[103.8467247,1.290437],[103.8468357,1.2906101],[103.8463045,1.2909556]]]}},{"type":"Feature","id":"osm-way-45070962","properties":{"kind":"primaryRoad","name":""},"geometry":{"type":"LineString","coordinates":[[103.8452674,1.2878257],[103.8450667,1.2880397],[103.8448549,1.288217],[103.8441422,1.2888136],[103.8438524,1.2890453],[103.8436046,1.2892091]]}},{"type":"Feature","id":"osm-way-45070963","properties":{"kind":"primaryRoad","name":""},"geometry":{"type":"LineString","coordinates":[[103.8436046,1.2892091],[103.8429874,1.2895897],[103.8428222,1.2896611],[103.8426645,1.2896742],[103.8425568,1.2896297],[103.8424422,1.2895477],[103.8423462,1.289438],[103.8420379,1.2891269]]}},{"type":"Feature","id":"osm-way-45070970","properties":{"kind":"primaryRoad","name":"Central Expressway"},"geometry":{"type":"LineString","coordinates":[[103.8419633,1.2880277],[103.8420911,1.2879223],[103.842231,1.2878575],[103.8424572,1.2878232]]}},{"type":"Feature","id":"osm-way-45070973","properties":{"kind":"primaryRoad","name":"Central Expressway"},"geometry":{"type":"LineString","coordinates":[[103.8431525,1.2896017],[103.8432855,1.2895157],[103.8434486,1.2894104],[103.8439895,1.2890414],[103.8444923,1.288625],[103.8446778,1.2884593],[103.8448875,1.2883216]]}},{"type":"Feature","id":"osm-way-45098517","properties":{"kind":"building","name":"Afro Asia Building"},"geometry":{"type":"Polygon","coordinates":[[[103.8491243,1.2791861],[103.8489054,1.2788349],[103.8491127,1.2787058],[103.8491566,1.2786784],[103.8493755,1.2790296],[103.8491243,1.2791861]]]}},{"type":"Feature","id":"osm-way-45098518","properties":{"kind":"building","name":"SGX Centre"},"geometry":{"type":"Polygon","coordinates":[[[103.850148,1.2800674],[103.84926,1.278622],[103.849492,1.2784835],[103.8495566,1.2785887],[103.8503769,1.2799246],[103.850148,1.2800674]]]}},{"type":"Feature","id":"osm-way-45098520","properties":{"kind":"building","name":"Lau Pa Sat"},"geometry":{"type":"Polygon","coordinates":[[[103.85015,1.2806688],[103.8502188,1.2804212],[103.8504659,1.2802841],[103.8506867,1.2803714],[103.8508034,1.2805645],[103.850785,1.2806926],[103.8507689,1.2808049],[103.8506558,1.2808733],[103.8505444,1.2809406],[103.8503889,1.280907],[103.8502762,1.2808826],[103.8502091,1.2807689],[103.85015,1.2806688]]]}},{"type":"Feature","id":"osm-way-45098752","properties":{"kind":"building","name":"The Foundry"},"geometry":{"type":"Polygon","coordinates":[[[103.8449322,1.2906764],[103.8449154,1.2906431],[103.8452708,1.2904847],[103.8454814,1.2905681],[103.8457452,1.2911106],[103.8457114,1.2913513],[103.8457059,1.2913551],[103.8455898,1.291435],[103.8455772,1.2914437],[103.8454641,1.2914189],[103.8449322,1.2906764]]]}},{"type":"Feature","id":"osm-way-46503590","properties":{"kind":"building","name":"The Cathay"},"geometry":{"type":"Polygon","coordinates":[[[103.8479136,1.2999299],[103.8478617,1.2999216],[103.8473536,1.2998402],[103.8473785,1.2996846],[103.8473475,1.2996775],[103.8473403,1.2996579],[103.8472575,1.2994338],[103.8472464,1.2994077],[103.8473668,1.2993328],[103.8474562,1.2992925],[103.8475589,1.2992599],[103.8475643,1.2992264],[103.8476902,1.2991582],[103.8477408,1.2991315],[103.8477741,1.2991344],[103.8477792,1.2991193],[103.8478579,1.2991324],[103.8479846,1.2991561],[103.8480009,1.2991646],[103.8480146,1.2991829],[103.8480185,1.2992075],[103.8480098,1.299314],[103.8480509,1.2993336],[103.8480459,1.2993833],[103.8480783,1.2993834],[103.8480771,1.2994303],[103.8480831,1.2995681],[103.8480669,1.2996828],[103.8479136,1.2999299]]]}},{"type":"Feature","id":"osm-way-46521250","properties":{"kind":"building","name":"MacDonald House"},"geometry":{"type":"Polygon","coordinates":[[[103.8459152,1.299151],[103.8462906,1.2990274],[103.8463762,1.2992871],[103.8460007,1.2994107],[103.8459152,1.299151]]]}},{"type":"Feature","id":"osm-way-46522839","properties":{"kind":"building","name":"School of Economics & School of Computing and Information Systems (2)"},"geometry":{"type":"Polygon","coordinates":[[[103.8484824,1.2979834],[103.8484695,1.2979437],[103.8484725,1.2978867],[103.8485023,1.29784],[103.8485469,1.2978039],[103.8485703,1.2978306],[103.848581,1.2978246],[103.8485404,1.2977749],[103.8489981,1.2974031],[103.8490805,1.2975059],[103.8491128,1.2975612],[103.8491216,1.2975571],[103.84918,1.2976762],[103.8491603,1.2976967],[103.8491825,1.2977201],[103.849213,1.2976972],[103.8492677,1.2977308],[103.8493457,1.2978366],[103.8487199,1.2983546],[103.8486308,1.2982556],[103.8486067,1.2981939],[103.848656,1.2981501],[103.8486284,1.2981199],[103.8486048,1.2980629],[103.8485649,1.2980546],[103.8485306,1.2980408],[103.8485043,1.2980173],[103.8484824,1.2979834]]]}},{"type":"Feature","id":"osm-way-46522840","properties":{"kind":"building","name":"School of Computing and Information Systems 1"},"geometry":{"type":"Polygon","coordinates":[[[103.8495218,1.2976949],[103.8494406,1.2975964],[103.8494345,1.2975992],[103.8494064,1.2975347],[103.8493942,1.2975415],[103.8493346,1.2974234],[103.8493526,1.2974027],[103.8493346,1.2973786],[103.8493062,1.2974021],[103.8492457,1.2973619],[103.8492855,1.297331],[103.8492655,1.2972861],[103.8492646,1.2972125],[103.8493104,1.2971635],[103.8493276,1.2971679],[103.8493467,1.2971604],[103.8493656,1.2971654],[103.8493823,1.297158],[103.8494013,1.2971642],[103.8494188,1.2971576],[103.8494366,1.2971657],[103.8494555,1.2971625],[103.8494733,1.2971721],[103.849492,1.2971683],[103.8495081,1.2971796],[103.8495271,1.2971781],[103.8495389,1.297187],[103.8495601,1.2971997],[103.8495677,1.2972149],[103.8495606,1.2972438],[103.8495357,1.2972633],[103.8495452,1.2972813],[103.8495601,1.2972732],[103.8495895,1.2973074],[103.8495784,1.2973195],[103.8495901,1.2973319],[103.8497382,1.2972105],[103.8497582,1.2972347],[103.8497958,1.2972069],[103.8498899,1.2972272],[103.8498674,1.2972454],[103.8499476,1.2973456],[103.8495218,1.2976949]]]}},{"type":"Feature","id":"osm-way-46522841","properties":{"kind":"building","name":"Li Ka Shing Library"},"geometry":{"type":"Polygon","coordinates":[[[103.8500449,1.2966068],[103.8499688,1.2965547],[103.8499034,1.2965057],[103.8498289,1.2964243],[103.8497889,1.2963716],[103.8497623,1.2963248],[103.8497703,1.2962652],[103.8498223,1.2962309],[103.8498746,1.2962168],[103.8498491,1.2961865],[103.8499477,1.2961484],[103.8499692,1.2961746],[103.8499888,1.2961573],[103.8499785,1.296143],[103.8500673,1.2960221],[103.8502274,1.2958998],[103.8505327,1.2962964],[103.8503515,1.2964206],[103.8503073,1.2963716],[103.850285,1.296394],[103.8501849,1.29627],[103.8501216,1.2963285],[103.8501636,1.2963748],[103.8501865,1.2964201],[103.8502035,1.2964892],[103.8501988,1.2965909],[103.850164,1.2966224],[103.8501179,1.2966241],[103.8500449,1.2966068]]]}},{"type":"Feature","id":"osm-way-46522842","properties":{"kind":"building","name":"Hotel Rendezvous"},"geometry":{"type":"Polygon","coordinates":[[[103.8492244,1.2990417],[103.8492058,1.2990199],[103.8489346,1.2986782],[103.8489363,1.2986633],[103.8489503,1.2985373],[103.8491172,1.2983875],[103.8491696,1.2983438],[103.8492027,1.2983769],[103.8492519,1.2983372],[103.8495187,1.2981221],[103.8497246,1.2983573],[103.8497172,1.2983847],[103.8496217,1.2984607],[103.849536,1.2983506],[103.8494941,1.2983506],[103.8493645,1.2984617],[103.8493927,1.2985055],[103.8494112,1.2985562],[103.8494229,1.2986468],[103.8494843,1.2986604],[103.8494619,1.2987315],[103.8494172,1.298799],[103.8493654,1.2988514],[103.8493342,1.2988017],[103.8492458,1.2988662],[103.8493003,1.2989453],[103.8493193,1.2989634],[103.8492244,1.2990417]]]}},{"type":"Feature","id":"osm-way-46522843","properties":{"kind":"building","name":"GR.ID"},"geometry":{"type":"Polygon","coordinates":[[[103.8491474,1.3004698],[103.8491106,1.3004804],[103.8490914,1.3004305],[103.8489884,1.3001628],[103.8489745,1.3001109],[103.8489812,1.3000163],[103.8489935,1.2999683],[103.8490195,1.2999171],[103.8491519,1.2997689],[103.8493432,1.2997086],[103.8494206,1.299823],[103.8494697,1.2999313],[103.8496005,1.3003403],[103.8491474,1.3004698]]]}},{"type":"Feature","id":"osm-way-46522844","properties":{"kind":"building","name":"Singapore Shopping Centre"},"geometry":{"type":"Polygon","coordinates":[[[103.8439742,1.2984567],[103.8439266,1.2984083],[103.8439597,1.2978981],[103.8442162,1.2979122],[103.8443373,1.2983172],[103.8439742,1.2984567]]]}},{"type":"Feature","id":"osm-way-46522845","properties":{"kind":"building","name":"9 Penang Road"},"geometry":{"type":"Polygon","coordinates":[[[103.8446591,1.2981899],[103.8445761,1.2979206],[103.8445611,1.2978719],[103.8453636,1.297661],[103.8454262,1.297602],[103.8455299,1.297571],[103.8456813,1.2975224],[103.8457036,1.2975278],[103.8460339,1.2976086],[103.8460892,1.2977497],[103.8446591,1.2981899]]]}},{"type":"Feature","id":"osm-way-46522846","properties":{"kind":"building","name":"YWCA Fort Canning Lodge"},"geometry":{"type":"Polygon","coordinates":[[[103.8447958,1.2977224],[103.8447234,1.2977449],[103.8447017,1.2976643],[103.8447266,1.2976197],[103.8447223,1.2976041],[103.8447599,1.2973608],[103.8447462,1.2973467],[103.8447864,1.2973065],[103.8448635,1.297282],[103.8448753,1.2972619],[103.8450138,1.2972187],[103.8453155,1.2973615],[103.8453371,1.2974673],[103.8452869,1.297568],[103.8447958,1.2977224]]]}},{"type":"Feature","id":"osm-way-46522847","properties":{"kind":"building","name":"Haw Par Centre"},"geometry":{"type":"Polygon","coordinates":[[[103.8439483,1.2976097],[103.8439877,1.2969104],[103.844268,1.2969329],[103.8442319,1.2976253],[103.8439483,1.2976097]]]}},{"type":"Feature","id":"osm-way-46522848","properties":{"kind":"building","name":"Young Mens Christian Association"},"geometry":{"type":"Polygon","coordinates":[[[103.8483786,1.2974806],[103.8484019,1.2975098],[103.8483885,1.2975204],[103.8484094,1.2975466],[103.8484081,1.2975675],[103.8483869,1.2975843],[103.8483557,1.2975451],[103.8479953,1.2978316],[103.8479557,1.2977818],[103.8478037,1.2975906],[103.8478261,1.2975729],[103.8478527,1.2976063],[103.8479161,1.2975558],[103.8480014,1.297663],[103.8482806,1.2974412],[103.848321,1.2974921],[103.8483745,1.2974496],[103.8483912,1.2974705],[103.8483786,1.2974806]]]}},{"type":"Feature","id":"osm-way-46522850","properties":{"kind":"park","name":"Istana Park"},"geometry":{"type":"Polygon","coordinates":[[[103.8430339,1.2998716],[103.8430305,1.299852],[103.8429769,1.2995414],[103.8430027,1.2994366],[103.8431489,1.2993338],[103.8437796,1.2989505],[103.844439,1.2986578],[103.8446832,1.299235],[103.8446661,1.2992813],[103.844649,1.2993278],[103.8445636,1.2993992],[103.8441804,1.2994918],[103.8439894,1.2995545],[103.8430749,1.299858],[103.8430339,1.2998716]]]}},{"type":"Feature","id":"osm-way-46522851","properties":{"kind":"water","name":""},"geometry":{"type":"Polygon","coordinates":[[[103.8434772,1.2994451],[103.8434396,1.2993137],[103.8438232,1.299177],[103.8438634,1.2993057],[103.8434772,1.2994451]]]}},{"type":"Feature","id":"osm-way-46522852","properties":{"kind":"road","name":"Penang Lane"},"geometry":{"type":"LineString","coordinates":[[103.8439014,1.2968199],[103.8439434,1.2967583],[103.8439802,1.2967042],[103.8440528,1.2966555],[103.8441203,1.2966324],[103.8441984,1.2966384],[103.8442513,1.2966609],[103.8442961,1.2966935],[103.8443422,1.2967414],[103.8443469,1.2967474]]}},{"type":"Feature","id":"osm-way-46529040","properties":{"kind":"building","name":"Sunshine Plaza"},"geometry":{"type":"Polygon","coordinates":[[[103.8507779,1.3008001],[103.8504746,1.3003973],[103.8504719,1.3003245],[103.8509941,1.2998966],[103.851064,1.299912],[103.851389,1.3002818],[103.8514089,1.3003314],[103.8514111,1.3003821],[103.8513825,1.3004366],[103.8508435,1.3008106],[103.8507779,1.3008001]]]}},{"type":"Feature","id":"osm-way-46538124","properties":{"kind":"road","name":"Manila Street"},"geometry":{"type":"LineString","coordinates":[[103.8534859,1.2995394],[103.8535073,1.299522],[103.8537456,1.2993279]]}},{"type":"Feature","id":"osm-way-46538125","properties":{"kind":"road","name":"Cheng Yan Place"},"geometry":{"type":"LineString","coordinates":[[103.8548422,1.299727],[103.8548525,1.2997174],[103.8548743,1.2996955],[103.8549254,1.2996495]]}},{"type":"Feature","id":"osm-way-46594816","properties":{"kind":"building","name":"Mandarin Oriental Hotel"},"geometry":{"type":"Polygon","coordinates":[[[103.8584163,1.2902082],[103.8587561,1.2907836],[103.8586843,1.290826],[103.858627,1.2908596],[103.8585858,1.2908841],[103.8582095,1.2911115],[103.8579351,1.2906417],[103.8579174,1.2906117],[103.8578697,1.2905308],[103.8584163,1.2902082]]]}},{"type":"Feature","id":"osm-way-46594819","properties":{"kind":"building","name":"Singapore Recreation Club"},"geometry":{"type":"Polygon","coordinates":[[[103.8533667,1.2922374],[103.8533271,1.2921585],[103.8540702,1.2917849],[103.8540979,1.2918399],[103.85404,1.291869],[103.8541023,1.2919929],[103.8539741,1.2920574],[103.8539843,1.2920777],[103.8539296,1.2921052],[103.853955,1.2921558],[103.8538644,1.2922014],[103.8538932,1.2922655],[103.8538263,1.2922987],[103.8537963,1.2922356],[103.8537043,1.2922819],[103.8536817,1.2922371],[103.8536213,1.2922674],[103.8536098,1.2922445],[103.8534855,1.292307],[103.8534335,1.2922038],[103.8533667,1.2922374]]]}},{"type":"Feature","id":"osm-way-46594820","properties":{"kind":"building","name":"Singapore Cricket Club"},"geometry":{"type":"Polygon","coordinates":[[[103.8518616,1.2892456],[103.8518487,1.2892211],[103.8518344,1.2892298],[103.8517852,1.2891531],[103.8518091,1.2891379],[103.8517951,1.2891004],[103.851935,1.289024],[103.8519561,1.2890626],[103.8519724,1.2889973],[103.8519192,1.2889142],[103.8519832,1.2888819],[103.8519687,1.2888596],[103.8520037,1.2888408],[103.8519784,1.2887882],[103.8520282,1.2887615],[103.852054,1.288814],[103.8520954,1.2887918],[103.8521104,1.288807],[103.8521605,1.2887708],[103.8522081,1.2888594],[103.8522638,1.2888766],[103.8522408,1.2888414],[103.8523846,1.2887623],[103.8524046,1.2887968],[103.8524195,1.2887806],[103.85246,1.2888503],[103.8524401,1.2888613],[103.8524635,1.2888987],[103.8522649,1.2890124],[103.8521912,1.2889824],[103.8520842,1.2890469],[103.8520651,1.2891409],[103.8518616,1.2892456]]]}},{"type":"Feature","id":"osm-way-46594821","properties":{"kind":"building","name":"One Raffles Link"},"geometry":{"type":"Polygon","coordinates":[[[103.8560357,1.2927702],[103.8559407,1.2926181],[103.8554396,1.2917271],[103.8554526,1.2917199],[103.8554608,1.2917153],[103.8554452,1.2916876],[103.8554595,1.2916802],[103.8554556,1.291673],[103.8555424,1.291619],[103.8555117,1.2915653],[103.8558051,1.2913244],[103.8560397,1.292084],[103.85605,1.2921173],[103.8560576,1.2921417],[103.8561179,1.2923346],[103.8561968,1.2924663],[103.8563042,1.2926129],[103.8562196,1.2926625],[103.8562407,1.2927313],[103.8561872,1.2927473],[103.856159,1.292698],[103.8560357,1.2927702]]]}},{"type":"Feature","id":"osm-way-46594825","properties":{"kind":"building","name":"Supreme Court of Singapore"},"geometry":{"type":"Polygon","coordinates":[[[103.8506388,1.2910206],[103.8501762,1.2901977],[103.8507311,1.2897684],[103.8510946,1.2904284],[103.8512363,1.2906825],[103.8511556,1.2907299],[103.8507083,1.2909796],[103.8506388,1.2910206]]]}},{"type":"Feature","id":"osm-way-46594829","properties":{"kind":"building","name":"SMRT Headquarters"},"geometry":{"type":"Polygon","coordinates":[[[103.8520165,1.293938],[103.8520374,1.2939675],[103.8520718,1.2939878],[103.8521073,1.2939883],[103.8521451,1.2939753],[103.8522283,1.2941067],[103.8521298,1.2941698],[103.8521478,1.2941979],[103.8521156,1.2942166],[103.8520835,1.2941657],[103.8520164,1.2941925],[103.85207,1.2942703],[103.8520109,1.2943089],[103.8519574,1.2942354],[103.8517723,1.2943373],[103.8518286,1.2944204],[103.8517643,1.2944633],[103.8516556,1.2942794],[103.8515148,1.2943561],[103.8511822,1.2945411],[103.8511795,1.2945787],[103.8512198,1.2945867],[103.8512144,1.294643],[103.8511742,1.2946403],[103.8511742,1.2946859],[103.8512439,1.2947476],[103.8515953,1.2945545],[103.8516516,1.2946591],[103.8513682,1.294814],[103.8514181,1.2948983],[103.8512982,1.2949716],[103.8509576,1.2946265],[103.8509741,1.2945246],[103.8520165,1.293938]]]}},{"type":"Feature","id":"osm-way-46594830","properties":{"kind":"building","name":"Capitol Building"},"geometry":{"type":"Polygon","coordinates":[[[103.851224,1.2940368],[103.8511505,1.2938953],[103.8516471,1.293557],[103.8516743,1.293419],[103.8515497,1.2932],[103.8516619,1.293127],[103.8518417,1.293446],[103.8518328,1.2934637],[103.8518034,1.2935223],[103.8518081,1.2936],[103.8518101,1.293632],[103.851224,1.2940368]]]}},{"type":"Feature","id":"osm-way-46594831","properties":{"kind":"building","name":"Capitol Singapore"},"geometry":{"type":"Polygon","coordinates":[[[103.8509325,1.2934205],[103.8506577,1.2929973],[103.8512731,1.2926042],[103.8514263,1.2928708],[103.8513589,1.2929101],[103.851295,1.2929842],[103.8512867,1.2930423],[103.8513145,1.293113],[103.8513562,1.2931634],[103.8509325,1.2934205]]]}},{"type":"Feature","id":"osm-way-46594832","properties":{"kind":"building","name":"Peninsula Plaza"},"geometry":{"type":"Polygon","coordinates":[[[103.8507679,1.2927438],[103.850436,1.2921745],[103.8506011,1.2920801],[103.8506441,1.2920555],[103.8508993,1.2919096],[103.8512217,1.2924753],[103.8511019,1.2925468],[103.8511117,1.2925629],[103.8511203,1.2925769],[103.8510578,1.2926152],[103.8510394,1.2925852],[103.8507679,1.2927438]]]}},{"type":"Feature","id":"osm-way-46595131","properties":{"kind":"road","name":"Temasek Avenue"},"geometry":{"type":"LineString","coordinates":[[103.8608765,1.289565],[103.8608747,1.2896404],[103.8608648,1.2900445],[103.860856,1.2903898]]}},{"type":"Feature","id":"osm-way-46595132","properties":{"kind":"road","name":"Temasek Avenue"},"geometry":{"type":"LineString","coordinates":[[103.8590711,1.2940871],[103.8590054,1.2940675]]}},{"type":"Feature","id":"osm-way-46595137","properties":{"kind":"building","name":"Suntec City"},"geometry":{"type":"Polygon","coordinates":[[[103.8583577,1.2956717],[103.8581136,1.295804],[103.8576842,1.2950672],[103.8576745,1.2950505],[103.857639,1.2949839],[103.8576598,1.29492],[103.8576435,1.2948464],[103.8576703,1.2948093],[103.8576894,1.294781],[103.8576982,1.2947455],[103.8576986,1.2947115],[103.8576911,1.2946669],[103.8576695,1.2946288],[103.8576387,1.2945829],[103.8576059,1.2945581],[103.8575776,1.2945401],[103.8575297,1.2945263],[103.8574899,1.2945208],[103.8573941,1.2943425],[103.8574281,1.294323],[103.8575387,1.2942597],[103.8576986,1.2941682],[103.8577781,1.2943302],[103.8576107,1.2944258],[103.8578746,1.2948878],[103.8579425,1.294849],[103.8579738,1.2949032],[103.858223,1.2953347],[103.8581839,1.2953562],[103.8582757,1.2955228],[103.8583577,1.2956717]]]}},{"type":"Feature","id":"osm-way-46595138","properties":{"kind":"building","name":"Conrad Centennial"},"geometry":{"type":"Polygon","coordinates":[[[103.8583186,1.2932146],[103.8587778,1.2931946],[103.8591953,1.2931723],[103.8591966,1.2932044],[103.8591738,1.2932614],[103.8591822,1.2933268],[103.859144,1.2933556],[103.8590867,1.2935187],[103.8590491,1.2936422],[103.859018,1.2936673],[103.8588964,1.2936803],[103.8586896,1.2937022],[103.85863,1.2937079],[103.8584751,1.2935498],[103.8583824,1.2933114],[103.858328,1.2933151],[103.8583186,1.2932146]]]}},{"type":"Feature","id":"osm-way-46595145","properties":{"kind":"building","name":"Suntec Tower 5"},"geometry":{"type":"Polygon","coordinates":[[[103.8578746,1.2948878],[103.8576107,1.2944258],[103.8577781,1.2943302],[103.8580698,1.2941636],[103.8583337,1.2946257],[103.8581381,1.2947374],[103.8579425,1.294849],[103.8578746,1.2948878]]]}},{"type":"Feature","id":"osm-way-46595146","properties":{"kind":"building","name":"Suntec Tower 1"},"geometry":{"type":"Polygon","coordinates":[[[103.8581839,1.2953562],[103.858223,1.2953347],[103.8583643,1.2952569],[103.8585337,1.2951636],[103.8586158,1.2953127],[103.8587075,1.2954791],[103.8585789,1.2955499],[103.8585352,1.295574],[103.8583577,1.2956717],[103.8582757,1.2955228],[103.8581839,1.2953562]]]}},{"type":"Feature","id":"osm-way-46595147","properties":{"kind":"building","name":"Suntec Tower 2"},"geometry":{"type":"Polygon","coordinates":[[[103.8592554,1.2956863],[103.8592014,1.2957159],[103.8590694,1.2957883],[103.8589031,1.2958795],[103.8588155,1.2957198],[103.8587572,1.2956136],[103.8587279,1.2955602],[103.8589136,1.2954583],[103.8590802,1.2953669],[103.8591649,1.2955213],[103.8592554,1.2956863]]]}},{"type":"Feature","id":"osm-way-46595148","properties":{"kind":"building","name":"Suntec Tower 3"},"geometry":{"type":"Polygon","coordinates":[[[103.8595232,1.2955071],[103.8594118,1.2953131],[103.8593214,1.2951557],[103.8594784,1.2950656],[103.859675,1.2949528],[103.859717,1.2950259],[103.8597855,1.2951453],[103.8598768,1.2953042],[103.8597325,1.295387],[103.8595704,1.29548],[103.8595232,1.2955071]]]}},{"type":"Feature","id":"osm-way-46595384","properties":{"kind":"building","name":"HSBC"},"geometry":{"type":"Polygon","coordinates":[[[103.8526426,1.2852859],[103.852589,1.2850995],[103.8526279,1.2849788],[103.8529806,1.2848836],[103.8530329,1.2850231],[103.8530289,1.2850807],[103.8530195,1.2851344],[103.852994,1.2851719],[103.8529551,1.2851907],[103.8526426,1.2852859]]]}},{"type":"Feature","id":"osm-way-46595385","properties":{"kind":"building","name":"Tung Centre"},"geometry":{"type":"Polygon","coordinates":[[[103.8525986,1.284584],[103.8525482,1.2844568],[103.8527861,1.284409],[103.8528767,1.2846088],[103.8528864,1.2846623],[103.8528822,1.2847161],[103.8528686,1.2847561],[103.8528457,1.2847937],[103.8528081,1.2848197],[103.8527721,1.2848335],[103.8526934,1.2848376],[103.8526593,1.2848313],[103.8526215,1.2848068],[103.8525887,1.2847817],[103.8525663,1.2847467],[103.8525557,1.2846975],[103.8525567,1.2846478],[103.8525729,1.2846075],[103.8525986,1.284584]]]}},{"type":"Feature","id":"osm-way-46595390","properties":{"kind":"building","name":"Asian Civilisations Museum"},"geometry":{"type":"Polygon","coordinates":[[[103.8511479,1.2880074],[103.8510067,1.2878069],[103.8509455,1.28785],[103.8508908,1.2877723],[103.8509582,1.2877249],[103.8508935,1.2876331],[103.8509943,1.2875622],[103.8509104,1.287443],[103.8509819,1.2873927],[103.8510974,1.2875567],[103.8512098,1.2874776],[103.8511462,1.2873873],[103.8512545,1.287311],[103.8513522,1.2874497],[103.8515823,1.2872878],[103.8515548,1.2872491],[103.8513737,1.2873758],[103.851241,1.2871863],[103.8514221,1.2870596],[103.8513656,1.28698],[103.8515004,1.2868852],[103.8515084,1.2868966],[103.8516539,1.2871033],[103.8517724,1.2870199],[103.8517993,1.287058],[103.8518541,1.2870195],[103.8519486,1.2871537],[103.8518938,1.2871922],[103.8519192,1.2872283],[103.8517972,1.2873142],[103.8518392,1.2873739],[103.8517079,1.2874662],[103.8516679,1.2874094],[103.8514816,1.2875405],[103.8515909,1.2876958],[103.851546,1.2877274],[103.8515074,1.2876725],[103.8514002,1.287748],[103.8513007,1.2876067],[103.8513,1.2876058],[103.8511328,1.2877223],[103.8512721,1.2879201],[103.8511479,1.2880074]]]}},{"type":"Feature","id":"osm-way-46595394","properties":{"kind":"building","name":"One Fullerton"},"geometry":{"type":"Polygon","coordinates":[[[103.8540754,1.2864584],[103.8539411,1.2860775],[103.853924,1.286029],[103.8538867,1.2859234],[103.8537729,1.2856008],[103.8536992,1.2853916],[103.8536276,1.2851887],[103.853632,1.2851157],[103.8536758,1.2850712],[103.853735,1.2850468],[103.8537938,1.2850498],[103.8538517,1.2850723],[103.8539494,1.2853413],[103.8540444,1.2856029],[103.8540457,1.2856064],[103.8541156,1.2857988],[103.8541779,1.2859705],[103.8543212,1.286365],[103.8543117,1.2864598],[103.8542278,1.2865276],[103.8541376,1.2865277],[103.8540754,1.2864584]]]}},{"type":"Feature","id":"osm-way-46595395","properties":{"kind":"building","name":"The Fullerton Hotel"},"geometry":{"type":"Polygon","coordinates":[[[103.8527136,1.2862226],[103.8527517,1.2861548],[103.8527173,1.2861348],[103.8528783,1.2857767],[103.8529021,1.2857877],[103.8529561,1.2856689],[103.8529923,1.2856769],[103.8530004,1.2856321],[103.8530893,1.2856502],[103.8531787,1.2856683],[103.8531708,1.2857124],[103.8532041,1.2857133],[103.853208,1.2857594],[103.8532311,1.2857608],[103.8532499,1.2860352],[103.8533044,1.2860351],[103.8533059,1.2860838],[103.853384,1.2860833],[103.8534191,1.2861811],[103.8534236,1.2862849],[103.8534137,1.2863679],[103.8533837,1.2864362],[103.8533096,1.2864372],[103.8533104,1.286488],[103.8532611,1.2864877],[103.853254,1.286693],[103.8532314,1.2866979],[103.8532303,1.2867407],[103.853154,1.2867855],[103.852989,1.2867908],[103.8529382,1.2867335],[103.8528883,1.2866487],[103.8527497,1.2864132],[103.8527118,1.2863536],[103.8527127,1.2862881],[103.8527136,1.2862226]]]}},{"type":"Feature","id":"osm-way-46595418","properties":{"kind":"building","name":"Singapore Land Tower"},"geometry":{"type":"Polygon","coordinates":[[[103.851766,1.2847431],[103.8519874,1.2844621],[103.8522713,1.2846856],[103.8520499,1.2849667],[103.8518968,1.2848462],[103.851766,1.2847431]]]}},{"type":"Feature","id":"osm-way-46595597","properties":{"kind":"building","name":"Old City Hall"},"geometry":{"type":"Polygon","coordinates":[[[103.8517344,1.2912654],[103.8511567,1.2902454],[103.8512518,1.2901916],[103.8514803,1.2900623],[103.8516503,1.2899661],[103.8516918,1.2900394],[103.8517868,1.2902071],[103.8517723,1.2902153],[103.8521369,1.2908593],[103.8521522,1.2908507],[103.8522286,1.2909857],[103.8521069,1.2910546],[103.8517344,1.2912654]]]}},{"type":"Feature","id":"osm-way-47134059","properties":{"kind":"primaryRoad","name":"Ophir Road"},"geometry":{"type":"LineString","coordinates":[[103.8597875,1.2991381],[103.8601233,1.2985554],[103.8602453,1.2982685],[103.8604458,1.2977646]]}},{"type":"Feature","id":"osm-way-47134122","properties":{"kind":"primaryRoad","name":"Rochor Road"},"geometry":{"type":"LineString","coordinates":[[103.8591376,1.2971174],[103.8586122,1.2976373]]}},{"type":"Feature","id":"osm-way-47134210","properties":{"kind":"building","name":"The Plaza"},"geometry":{"type":"Polygon","coordinates":[[[103.8597508,1.2997687],[103.8603325,1.298961],[103.8606011,1.2991543],[103.8605575,1.2992148],[103.8605013,1.2992929],[103.8603732,1.2994708],[103.8603053,1.299565],[103.8601985,1.2997134],[103.8600498,1.2996063],[103.8598707,1.299855],[103.8597508,1.2997687]]]}},{"type":"Feature","id":"osm-way-47134224","properties":{"kind":"building","name":"PARKROYAL on Beach Road"},"geometry":{"type":"Polygon","coordinates":[[[103.8600283,1.2999294],[103.8600385,1.2997566],[103.8602793,1.2997973],[103.8604684,1.2998684],[103.8606432,1.29997],[103.8608261,1.3001458],[103.8609857,1.3003338],[103.8611687,1.300601],[103.8610253,1.3006762],[103.8608566,1.3004425],[103.8607591,1.3003134],[103.8606198,1.3001773],[103.8605721,1.3002299],[103.8605314,1.3002748],[103.8603108,1.3001062],[103.8603359,1.3000738],[103.860389,1.3000052],[103.8602041,1.2999527],[103.8600283,1.2999294]]]}},{"type":"Feature","id":"osm-way-47298522","properties":{"kind":"building","name":"Hotel 81 (Chinatown)"},"geometry":{"type":"Polygon","coordinates":[[[103.8439428,1.2845603],[103.8440806,1.2844667],[103.8441925,1.2844921],[103.8442484,1.2845962],[103.8440813,1.2846954],[103.8440421,1.2846865],[103.8439428,1.2845603]]]}},{"type":"Feature","id":"osm-way-47298566","properties":{"kind":"building","name":"Sri Mariamman Multi-purpose Centre"},"geometry":{"type":"Polygon","coordinates":[[[103.8448746,1.2830398],[103.8447753,1.2828629],[103.8447524,1.2828175],[103.8446543,1.2826457],[103.8447286,1.2826014],[103.8447497,1.2826422],[103.8448066,1.2827437],[103.8448527,1.2827182],[103.8448899,1.2827799],[103.8449397,1.2828806],[103.8449928,1.2829766],[103.8449488,1.2830001],[103.8448746,1.2830398]]]}},{"type":"Feature","id":"osm-way-47298582","properties":{"kind":"building","name":"Kreta Ayer People's Theatre"},"geometry":{"type":"Polygon","coordinates":[[[103.8429648,1.2812968],[103.8425809,1.2815154],[103.8424675,1.2813163],[103.8428514,1.2810978],[103.8429648,1.2812968]]]}},{"type":"Feature","id":"osm-way-47298587","properties":{"kind":"building","name":"Oriental Plaza"},"geometry":{"type":"Polygon","coordinates":[[[103.8419373,1.2821804],[103.8417882,1.2820036],[103.8417758,1.2819145],[103.8419457,1.2815848],[103.8419997,1.2815846],[103.8422138,1.2819451],[103.8419373,1.2821804]]]}},{"type":"Feature","id":"osm-way-47298601","properties":{"kind":"road","name":"Smith Street"},"geometry":{"type":"LineString","coordinates":[[103.8427006,1.283286],[103.8426752,1.2831765],[103.8429694,1.2830035]]}},{"type":"Feature","id":"osm-way-47298610","properties":{"kind":"building","name":"New Bridge Centre"},"geometry":{"type":"Polygon","coordinates":[[[103.8429689,1.2828986],[103.8428341,1.282986],[103.84279,1.2830146],[103.8427016,1.2830708],[103.8424605,1.2827705],[103.8425418,1.2827065],[103.842581,1.2826757],[103.8427124,1.2825723],[103.8429689,1.2828986]]]}},{"type":"Feature","id":"osm-way-47298631","properties":{"kind":"road","name":"Pagoda Street"},"geometry":{"type":"LineString","coordinates":[[103.8455644,1.2827013],[103.8455029,1.2827408],[103.8446227,1.2832478],[103.8444046,1.283374],[103.8443577,1.2833996],[103.8443474,1.2834053]]}},{"type":"Feature","id":"osm-way-47298635","properties":{"kind":"building","name":"Buddha Tooth Relic Temple"},"geometry":{"type":"Polygon","coordinates":[[[103.8445207,1.2814901],[103.843994,1.2817778],[103.8439303,1.2816612],[103.8438577,1.2815284],[103.844381,1.2812426],[103.8443927,1.281264],[103.8444862,1.2812129],[103.8445461,1.2813269],[103.8446035,1.2814276],[103.8445134,1.2814768],[103.8445207,1.2814901]]]}},{"type":"Feature","id":"osm-way-47298639","properties":{"kind":"building","name":"Maxwell Food Center"},"geometry":{"type":"Polygon","coordinates":[[[103.8443594,1.2805048],[103.8445717,1.2802617],[103.8448387,1.2799559],[103.8449734,1.2800734],[103.8451193,1.2802008],[103.8448545,1.2805041],[103.8446894,1.2806932],[103.8446415,1.2807481],[103.8445466,1.2806653],[103.8445125,1.2807043],[103.8444741,1.2806708],[103.8444407,1.2806417],[103.8444733,1.2806043],[103.8443594,1.2805048]]]}},{"type":"Feature","id":"osm-way-47298646","properties":{"kind":"building","name":"Chinatown Complex"},"geometry":{"type":"Polygon","coordinates":[[[103.8429891,1.2828842],[103.8429338,1.2828162],[103.8429252,1.2828138],[103.8429136,1.2828067],[103.8429055,1.2827972],[103.8428999,1.2827827],[103.8428993,1.2827722],[103.84275,1.282597],[103.8427668,1.2825782],[103.8427638,1.2825708],[103.8427633,1.2825624],[103.8427664,1.2825526],[103.8427729,1.2825447],[103.8427824,1.2825397],[103.842792,1.2825389],[103.8428019,1.2825418],[103.8431063,1.2823432],[103.8430796,1.2822956],[103.8430542,1.2823099],[103.8430332,1.2822725],[103.8429965,1.2822931],[103.8430123,1.2823211],[103.8427035,1.2824948],[103.8425434,1.2822108],[103.8425371,1.2821984],[103.8425371,1.282187],[103.8425428,1.2821793],[103.8425562,1.2821672],[103.8434692,1.281654],[103.8436491,1.2819738],[103.8432808,1.2821808],[103.8433282,1.282265],[103.8434036,1.2822227],[103.8434198,1.2822515],[103.8436426,1.2821262],[103.8438011,1.2824082],[103.8438004,1.282419],[103.8437967,1.2824307],[103.8437897,1.2824421],[103.8435322,1.2825932],[103.8434923,1.2826198],[103.8433729,1.2824106],[103.8433357,1.2824328],[103.8433916,1.2825217],[103.8433964,1.2825453],[103.8434003,1.2825745],[103.8433978,1.2826032],[103.8433857,1.2826305],[103.8433609,1.2826579],[103.8429891,1.2828842]]]}},{"type":"Feature","id":"osm-way-47298653","properties":{"kind":"building","name":"Majestic"},"geometry":{"type":"Polygon","coordinates":[[[103.8434488,1.2846728],[103.8431321,1.2849382],[103.8429643,1.2847382],[103.8432539,1.2844956],[103.8432594,1.2845022],[103.8432866,1.2844794],[103.8434488,1.2846728]]]}},{"type":"Feature","id":"osm-way-47298664","properties":{"kind":"building","name":"Yue Hwa Building"},"geometry":{"type":"Polygon","coordinates":[[[103.8435327,1.2851413],[103.8434797,1.2850806],[103.8433017,1.2848767],[103.8434083,1.2847836],[103.8434661,1.2847332],[103.8435059,1.2846985],[103.8437369,1.2849632],[103.843702,1.2849937],[103.8435917,1.2850899],[103.8435327,1.2851413]]]}},{"type":"Feature","id":"osm-way-47298668","properties":{"kind":"building","name":"OG Building"},"geometry":{"type":"Polygon","coordinates":[[[103.842831,1.2848282],[103.8428821,1.2847881],[103.842902,1.2847717],[103.8429289,1.2847539],[103.8431505,1.2850203],[103.843271,1.2849182],[103.8434728,1.2851627],[103.8434419,1.285187],[103.8433344,1.2852716],[103.8434009,1.2853511],[103.8434875,1.2854591],[103.8433746,1.2855571],[103.8433863,1.2855706],[103.8433942,1.2855797],[103.8433134,1.2856475],[103.8432962,1.2856624],[103.8431476,1.2854694],[103.8431237,1.2854384],[103.8431508,1.2854162],[103.8429545,1.2851775],[103.8430082,1.2851358],[103.8430497,1.2851005],[103.842831,1.2848282]]]}},{"type":"Feature","id":"osm-way-47298674","properties":{"kind":"building","name":"Blk 32"},"geometry":{"type":"Polygon","coordinates":[[[103.8428849,1.2856186],[103.8425721,1.2852337],[103.8420297,1.2845664],[103.8421234,1.2844904],[103.8422653,1.2843751],[103.8431098,1.2854142],[103.8431205,1.2854273],[103.8429785,1.2855426],[103.8428849,1.2856186]]]}},{"type":"Feature","id":"osm-way-47298679","properties":{"kind":"building","name":"Lucky Chinatown"},"geometry":{"type":"Polygon","coordinates":[[[103.8434899,1.2838036],[103.8433879,1.2838609],[103.8431374,1.2835919],[103.8431409,1.2835087],[103.8432803,1.2834304],[103.8434899,1.2838036]]]}},{"type":"Feature","id":"osm-way-47298692","properties":{"kind":"building","name":"Family Justice Courts"},"geometry":{"type":"Polygon","coordinates":[[[103.8434063,1.287222],[103.8434433,1.2872018],[103.8434358,1.2871745],[103.8435157,1.2871265],[103.8435109,1.2870836],[103.8440365,1.2867848],[103.8440633,1.2868334],[103.8441569,1.2867814],[103.8441716,1.2868054],[103.8442114,1.2867837],[103.8442855,1.2869184],[103.8442452,1.2869402],[103.8442594,1.2869637],[103.8441354,1.287033],[103.8441216,1.2870071],[103.8438195,1.2871639],[103.8438436,1.2872105],[103.8437063,1.2872818],[103.8436821,1.2872352],[103.8436396,1.2872573],[103.8436544,1.2872905],[103.8435338,1.2873579],[103.8435186,1.2873332],[103.8434781,1.2873551],[103.8434063,1.287222]]]}},{"type":"Feature","id":"osm-way-47298696","properties":{"kind":"building","name":"Raffles Education Square"},"geometry":{"type":"Polygon","coordinates":[[[103.8432847,1.2888273],[103.8435591,1.2886053],[103.8437823,1.288875],[103.8437477,1.2888976],[103.843708,1.2889236],[103.8433446,1.2891613],[103.8433059,1.2891029],[103.8432881,1.2890695],[103.8432847,1.2888273]]]}},{"type":"Feature","id":"osm-way-47299042","properties":{"kind":"building","name":"Fook Hai Building"},"geometry":{"type":"Polygon","coordinates":[[[103.8462736,1.2852522],[103.8461158,1.2849792],[103.8461187,1.2849472],[103.8465356,1.2846857],[103.8466138,1.2847097],[103.8467511,1.2849645],[103.8467241,1.285041],[103.8463198,1.2852635],[103.8462736,1.2852522]]]}},{"type":"Feature","id":"osm-way-47300926","properties":{"kind":"building","name":"Great Eastern Centre"},"geometry":{"type":"Polygon","coordinates":[[[103.8472244,1.2852908],[103.8470527,1.2849975],[103.8481433,1.2843594],[103.848315,1.2846528],[103.8482352,1.2846995],[103.8480018,1.284836],[103.8474347,1.2851678],[103.8472244,1.2852908]]]}},{"type":"Feature","id":"osm-way-47300929","properties":{"kind":"building","name":"18 Cross"},"geometry":{"type":"Polygon","coordinates":[[[103.8468447,1.2837965],[103.8464614,1.284021],[103.8462761,1.2836992],[103.8462937,1.2836402],[103.846634,1.2834489],[103.8472652,1.2830747],[103.8473405,1.2830936],[103.8473494,1.283108],[103.8473597,1.2831119],[103.8473682,1.2831189],[103.847374,1.2831282],[103.8473764,1.2831389],[103.8473752,1.2831499],[103.8475208,1.2833939],[103.847151,1.2836141],[103.8468447,1.2837965]]]}},{"type":"Feature","id":"osm-way-47300930","properties":{"kind":"building","name":"One George Street"},"geometry":{"type":"Polygon","coordinates":[[[103.8477476,1.2861805],[103.8473833,1.2855615],[103.8474854,1.2855014],[103.847631,1.2854158],[103.8478321,1.2852975],[103.8481964,1.2859165],[103.8479953,1.2860348],[103.8478498,1.2861204],[103.8477476,1.2861805]]]}},{"type":"Feature","id":"osm-way-47345002","properties":{"kind":"building","name":"Bharat Building"},"geometry":{"type":"Polygon","coordinates":[[[103.8510271,1.2832628],[103.8512113,1.28325],[103.8512111,1.2833078],[103.8511014,1.2833149],[103.8511132,1.283452],[103.8511747,1.2834566],[103.851212,1.2834829],[103.8512161,1.283556],[103.8511642,1.2836096],[103.8510506,1.2836093],[103.8510494,1.2835853],[103.8510271,1.2832628]]]}},{"type":"Feature","id":"osm-way-47345003","properties":{"kind":"building","name":"AIA Tower"},"geometry":{"type":"Polygon","coordinates":[[[103.8510664,1.2821606],[103.8509294,1.2819397],[103.8509478,1.2818472],[103.8510497,1.2817852],[103.851133,1.2818115],[103.8512693,1.2820313],[103.85124,1.2821261],[103.8511159,1.2822057],[103.8510957,1.2821691],[103.8510664,1.2821606]]]}},{"type":"Feature","id":"osm-way-47345004","properties":{"kind":"building","name":"6 Raffles Quay"},"geometry":{"type":"Polygon","coordinates":[[[103.8514182,1.2820153],[103.8513794,1.2819559],[103.8513506,1.281975],[103.8512465,1.2818069],[103.8512758,1.2817886],[103.8512143,1.2816894],[103.8513927,1.2815803],[103.8513953,1.2815847],[103.851405,1.2815802],[103.8514179,1.2815787],[103.8514283,1.2815814],[103.8514373,1.2815887],[103.8514444,1.2815972],[103.8514482,1.2815949],[103.8516294,1.2818874],[103.8514182,1.2820153]]]}},{"type":"Feature","id":"osm-way-47345005","properties":{"kind":"building","name":"Ascott Raffles Place"},"geometry":{"type":"Polygon","coordinates":[[[103.8515646,1.2822918],[103.8515503,1.2822678],[103.851521,1.2822186],[103.8514413,1.2820846],[103.8517351,1.2819098],[103.8517914,1.2820043],[103.8518262,1.2820628],[103.8518292,1.2820847],[103.851832,1.2821017],[103.8518256,1.2821207],[103.851817,1.2821418],[103.8517483,1.2821826],[103.8515646,1.2822918]]]}},{"type":"Feature","id":"osm-way-47345006","properties":{"kind":"building","name":"One Raffles Quay"},"geometry":{"type":"Polygon","coordinates":[[[103.852065,1.2819179],[103.8517506,1.281539],[103.8512891,1.2808165],[103.8515563,1.2805783],[103.8516737,1.2804615],[103.8517312,1.2803956],[103.8520706,1.2809025],[103.8521561,1.2810303],[103.8523546,1.2813372],[103.8525347,1.281611],[103.852126,1.281878],[103.852065,1.2819179]]]}},{"type":"Feature","id":"osm-way-47345009","properties":{"kind":"building","name":"Capital Tower"},"geometry":{"type":"Polygon","coordinates":[[[103.8475519,1.278028],[103.847478,1.2779093],[103.8472756,1.2775845],[103.8472617,1.2775622],[103.847328,1.2775209],[103.8476506,1.2773199],[103.8477206,1.2772764],[103.8477346,1.2772988],[103.847937,1.2776235],[103.8480083,1.2777381],[103.8478574,1.2778321],[103.8478807,1.2778694],[103.8477449,1.277954],[103.8477242,1.2779207],[103.8475519,1.278028]]]}},{"type":"Feature","id":"osm-way-47345011","properties":{"kind":"building","name":"Tong Eng Building"},"geometry":{"type":"Polygon","coordinates":[[[103.849413,1.28122],[103.8492237,1.2808935],[103.8492443,1.2808256],[103.8494194,1.2807235],[103.8494802,1.2807449],[103.8496784,1.2810922],[103.8494497,1.2812306],[103.849413,1.28122]]]}},{"type":"Feature","id":"osm-way-47345012","properties":{"kind":"building","name":"City House"},"geometry":{"type":"Polygon","coordinates":[[[103.8495634,1.2814056],[103.8494942,1.2812914],[103.8500009,1.2809846],[103.8500701,1.2810988],[103.8500546,1.2811751],[103.8496446,1.2814175],[103.8495634,1.2814056]]]}},{"type":"Feature","id":"osm-way-47345013","properties":{"kind":"building","name":"Hong Leong Building"},"geometry":{"type":"Polygon","coordinates":[[[103.8508941,1.2817428],[103.8508823,1.2817233],[103.8508441,1.2817173],[103.8508237,1.2817297],[103.850549,1.2812766],[103.8505676,1.2812648],[103.8505781,1.2812226],[103.8505666,1.2812018],[103.8509339,1.280977],[103.8509493,1.2810039],[103.8509826,1.2810122],[103.8510074,1.2809972],[103.8512821,1.2814507],[103.8512605,1.2814638],[103.8512486,1.2815017],[103.8512599,1.2815204],[103.8510669,1.2816382],[103.8508941,1.2817428]]]}},{"type":"Feature","id":"osm-way-47345018","properties":{"kind":"building","name":"Robinson Point"},"geometry":{"type":"Polygon","coordinates":[[[103.8493465,1.2795427],[103.8495977,1.2793863],[103.8497725,1.2796668],[103.8495213,1.2798233],[103.8493465,1.2795427]]]}},{"type":"Feature","id":"osm-way-47345019","properties":{"kind":"building","name":"The Ogilvy Centre"},"geometry":{"type":"Polygon","coordinates":[[[103.8495213,1.2798233],[103.8497725,1.2796668],[103.8500517,1.2801197],[103.8499111,1.2802024],[103.8498484,1.2802053],[103.8497866,1.2801882],[103.849734,1.28015],[103.8495213,1.2798233]]]}},{"type":"Feature","id":"osm-way-47345021","properties":{"kind":"building","name":"One Shenton"},"geometry":{"type":"Polygon","coordinates":[[[103.8502056,1.2789845],[103.8504387,1.2788423],[103.850469,1.2788921],[103.8505833,1.2790804],[103.8506327,1.2791598],[103.8509009,1.2795996],[103.8506677,1.2797418],[103.8502337,1.2790306],[103.8502056,1.2789845]]]}},{"type":"Feature","id":"osm-way-47345024","properties":{"kind":"building","name":"Unity Tower Two"},"geometry":{"type":"Polygon","coordinates":[[[103.8493407,1.2786736],[103.8494962,1.2785783],[103.8495944,1.2786751],[103.8496789,1.2787856],[103.8497409,1.278887],[103.8495729,1.2789879],[103.8495871,1.2790148],[103.849525,1.2790505],[103.849335,1.2787416],[103.8493683,1.2787197],[103.8493407,1.2786736]]]}},{"type":"Feature","id":"osm-way-47345025","properties":{"kind":"building","name":"Unity Tower One"},"geometry":{"type":"Polygon","coordinates":[[[103.8500989,1.2799223],[103.8500699,1.2798756],[103.8500429,1.279897],[103.8498466,1.2795736],[103.8499256,1.279525],[103.849947,1.2795577],[103.8500952,1.27947],[103.8501624,1.2795802],[103.8502176,1.2796975],[103.8502516,1.2798308],[103.8500989,1.2799223]]]}},{"type":"Feature","id":"osm-way-47345026","properties":{"kind":"building","name":"Robinson Centre"},"geometry":{"type":"Polygon","coordinates":[[[103.8491243,1.2791861],[103.8493755,1.2790296],[103.8495977,1.2793863],[103.8493465,1.2795427],[103.8491243,1.2791861]]]}},{"type":"Feature","id":"osm-way-47345027","properties":{"kind":"building","name":"OUE Downtown"},"geometry":{"type":"Polygon","coordinates":[[[103.849176,1.2784821],[103.8491442,1.27843],[103.8485671,1.2774845],[103.8481231,1.2767586],[103.8479408,1.2764605],[103.8481662,1.2763228],[103.8487924,1.2773468],[103.8493565,1.2782728],[103.8494014,1.2783445],[103.849176,1.2784821]]]}},{"type":"Feature","id":"osm-way-47345028","properties":{"kind":"building","name":"Robinson 77"},"geometry":{"type":"Polygon","coordinates":[[[103.848399,1.2773914],[103.8484734,1.2775177],[103.8485454,1.2776401],[103.8487781,1.2780083],[103.8485172,1.278168],[103.8483044,1.2778207],[103.8483221,1.2777715],[103.8481757,1.2775228],[103.848399,1.2773914]]]}},{"type":"Feature","id":"osm-way-48031573","properties":{"kind":"building","name":"Bugis+"},"geometry":{"type":"Polygon","coordinates":[[[103.854305,1.2992027],[103.8543352,1.2992453],[103.8544243,1.299371],[103.8544439,1.2993986],[103.8544622,1.2994267],[103.8544763,1.2994462],[103.8545147,1.2994565],[103.8546432,1.2996233],[103.854711,1.2997113],[103.854714,1.299773],[103.8546787,1.2998135],[103.8541784,1.3002257],[103.8539437,1.2999497],[103.8539183,1.2999198],[103.8536169,1.2995652],[103.8541459,1.2991211],[103.8542824,1.2991719],[103.854305,1.2992027]]]}},{"type":"Feature","id":"osm-way-48035153","properties":{"kind":"building","name":"Millenia Tower"},"geometry":{"type":"Polygon","coordinates":[[[103.8605535,1.292707],[103.8602205,1.2928826],[103.8601377,1.2927257],[103.8600477,1.2925554],[103.8603807,1.2923797],[103.86047,1.2925489],[103.8605535,1.292707]]]}},{"type":"Feature","id":"osm-way-48126586","properties":{"kind":"building","name":"NTUC Trade Union House"},"geometry":{"type":"Polygon","coordinates":[[[103.8513421,1.2966232],[103.8514815,1.2965047],[103.8517059,1.2967855],[103.8515282,1.2969387],[103.8514899,1.2969345],[103.8514607,1.2969016],[103.8513333,1.2967435],[103.8513421,1.2966232]]]}},{"type":"Feature","id":"osm-way-48126895","properties":{"kind":"building","name":"Bayview Hotel"},"geometry":{"type":"Polygon","coordinates":[[[103.8502441,1.2984665],[103.8504617,1.298292],[103.8505686,1.2984229],[103.8504717,1.298502],[103.8504407,1.298464],[103.8503896,1.2985057],[103.8504372,1.298564],[103.8503482,1.2986366],[103.850237,1.2985004],[103.8502441,1.2984665]]]}},{"type":"Feature","id":"osm-way-48126896","properties":{"kind":"building","name":"Lazada One"},"geometry":{"type":"Polygon","coordinates":[[[103.8501563,1.2983963],[103.8500403,1.2982531],[103.8499925,1.2981985],[103.8498582,1.2980452],[103.8498039,1.2979833],[103.8497747,1.2979229],[103.8497904,1.2979058],[103.850059,1.2976847],[103.8501384,1.2976235],[103.8501393,1.2976228],[103.850283,1.2975052],[103.8503733,1.2975136],[103.8504712,1.2976362],[103.8505158,1.2976921],[103.8505292,1.2976804],[103.8505826,1.2977477],[103.8505669,1.2977595],[103.8506071,1.2978098],[103.8506043,1.2978525],[103.8502124,1.2981177],[103.8503264,1.2982607],[103.8501563,1.2983963]]]}},{"type":"Feature","id":"osm-way-48178716","properties":{"kind":"primaryRoad","name":"River Valley Road"},"geometry":{"type":"LineString","coordinates":[[103.8423409,1.2938631],[103.842265,1.2939394],[103.8421956,1.294019],[103.8421265,1.2940746]]}},{"type":"Feature","id":"osm-way-48178719","properties":{"kind":"building","name":"High Street Centre"},"geometry":{"type":"Polygon","coordinates":[[[103.8489705,1.2904126],[103.8487201,1.2900454],[103.8487866,1.2900034],[103.8490729,1.2898229],[103.8494777,1.2895677],[103.849492,1.2895904],[103.8495192,1.2896335],[103.8497145,1.289943],[103.8489705,1.2904126]]]}},{"type":"Feature","id":"osm-way-48948265","properties":{"kind":"building","name":"SBF Center"},"geometry":{"type":"Polygon","coordinates":[[[103.8478029,1.2785447],[103.8476296,1.2782653],[103.8475233,1.2781027],[103.8480476,1.2777702],[103.8482064,1.2780205],[103.8479086,1.2782093],[103.8478745,1.2782368],[103.8479897,1.2784266],[103.8478029,1.2785447]]]}},{"type":"Feature","id":"osm-way-49889563","properties":{"kind":"primaryRoad","name":"East Coast Parkway"},"geometry":{"type":"LineString","coordinates":[[103.8607057,1.2953636],[103.860622,1.2955227],[103.8604265,1.2957609]]}},{"type":"Feature","id":"osm-way-49890775","properties":{"kind":"building","name":"F1 Pit Building"},"geometry":{"type":"Polygon","coordinates":[[[103.8636155,1.2927839],[103.8638815,1.2910252],[103.8638984,1.290456],[103.863972,1.2904649],[103.8640473,1.2898451],[103.8642599,1.2898709],[103.8642273,1.2901392],[103.8641909,1.2901348],[103.8641377,1.2905728],[103.8638653,1.2928142],[103.8636155,1.2927839]]]}},{"type":"Feature","id":"osm-way-49890790","properties":{"kind":"primaryRoad","name":"Marina Boulevard"},"geometry":{"type":"LineString","coordinates":[[103.8520704,1.2821298],[103.8526833,1.2817345],[103.8527331,1.2817024]]}},{"type":"Feature","id":"osm-way-49890791","properties":{"kind":"primaryRoad","name":"Marina Boulevard"},"geometry":{"type":"LineString","coordinates":[[103.8527331,1.2817024],[103.8527756,1.281675],[103.8528428,1.2816317],[103.8532418,1.2813744],[103.8533519,1.2813005],[103.8533614,1.2812941],[103.853373,1.2812864]]}},{"type":"Feature","id":"osm-way-49890802","properties":{"kind":"primaryRoad","name":"Central Boulevard"},"geometry":{"type":"LineString","coordinates":[[103.8546002,1.2782889],[103.8544767,1.2783645],[103.8539634,1.2786982]]}},{"type":"Feature","id":"osm-way-49890814","properties":{"kind":"road","name":"McCallum Street"},"geometry":{"type":"LineString","coordinates":[[103.847176,1.2797681],[103.8472655,1.2797332],[103.8472894,1.2797209]]}},{"type":"Feature","id":"osm-way-49890815","properties":{"kind":"road","name":"Telok Ayer Street"},"geometry":{"type":"LineString","coordinates":[[103.8485455,1.2822201],[103.8484903,1.2821406],[103.8483543,1.2819449]]}},{"type":"Feature","id":"osm-way-49890992","properties":{"kind":"road","name":"Circular Road"},"geometry":{"type":"LineString","coordinates":[[103.8489988,1.2867125],[103.849027,1.2866193],[103.8490579,1.2865422],[103.8490766,1.286502],[103.8492872,1.2861896]]}},{"type":"Feature","id":"osm-way-49891073","properties":{"kind":"road","name":"South Canal Road"},"geometry":{"type":"LineString","coordinates":[[103.8477564,1.2864192],[103.8473344,1.2866471]]}},{"type":"Feature","id":"osm-way-51511157","properties":{"kind":"primaryRoad","name":"Republic Boulevard"},"geometry":{"type":"LineString","coordinates":[[103.8625153,1.2947585],[103.8624994,1.2946784],[103.8624333,1.2941462],[103.8624309,1.2940177],[103.862448,1.2938378],[103.862475,1.2936962],[103.8628626,1.2926549],[103.8629172,1.2924413],[103.8629473,1.2921542],[103.8630012,1.2916518]]}},{"type":"Feature","id":"osm-way-51511337","properties":{"kind":"primaryRoad","name":"Stamford Road"},"geometry":{"type":"LineString","coordinates":[[103.8536185,1.2926038],[103.8535223,1.292673],[103.8534486,1.2927191],[103.8533555,1.2927768],[103.8530891,1.2929424]]}},{"type":"Feature","id":"osm-way-51511339","properties":{"kind":"primaryRoad","name":"Stamford Road"},"geometry":{"type":"LineString","coordinates":[[103.8548655,1.2914505],[103.8547543,1.2915628]]}},{"type":"Feature","id":"osm-way-51511350","properties":{"kind":"primaryRoad","name":"Nicoll Highway"},"geometry":{"type":"LineString","coordinates":[[103.8558226,1.293172],[103.8558782,1.2932629],[103.8560587,1.2935666],[103.8560902,1.2936106]]}},{"type":"Feature","id":"osm-way-51511352","properties":{"kind":"primaryRoad","name":"Bras Basah Road"},"geometry":{"type":"LineString","coordinates":[[103.8558226,1.293172],[103.8559769,1.2930831]]}},{"type":"Feature","id":"osm-way-51761904","properties":{"kind":"building","name":"Singapore Flyer"},"geometry":{"type":"Polygon","coordinates":[[[103.8629144,1.2896642],[103.8628919,1.2896278],[103.8628515,1.289537],[103.8628081,1.2894681],[103.8627274,1.2893737],[103.8626734,1.2892864],[103.8626499,1.2891942],[103.8626406,1.2891339],[103.862654,1.2890816],[103.8626955,1.2890293],[103.8627599,1.2889851],[103.8628504,1.2889653],[103.8629862,1.288956],[103.8631576,1.2889554],[103.8633202,1.2889711],[103.8634507,1.2889927],[103.8635483,1.2890227],[103.8636027,1.2890588],[103.86366,1.2891069],[103.8637071,1.2891804],[103.8637343,1.289264],[103.8637432,1.289332],[103.8637426,1.2894077],[103.8637305,1.2894772],[103.8636965,1.2895444],[103.8636635,1.2895891],[103.8635219,1.2896965],[103.8634838,1.2897401],[103.8634448,1.2898003],[103.8633876,1.2898466],[103.8633215,1.2898765],[103.8632542,1.2898878],[103.8631953,1.2898818],[103.8631066,1.2898525],[103.8630303,1.2898087],[103.8629567,1.289733],[103.8629144,1.2896642]]]}},{"type":"Feature","id":"osm-way-52235101","properties":{"kind":"park","name":""},"geometry":{"type":"Polygon","coordinates":[[[103.8419306,1.3001734],[103.841722,1.2998087],[103.8422011,1.2997237],[103.8424261,1.2996581],[103.8427572,1.2994955],[103.8428601,1.299903],[103.8428215,1.2999143],[103.8419306,1.3001734]]]}},{"type":"Feature","id":"osm-way-52235738","properties":{"kind":"park","name":"Dhoby Ghaut Green"},"geometry":{"type":"Polygon","coordinates":[[[103.8448829,1.2992929],[103.8448501,1.2991901],[103.8448445,1.2991736],[103.8447522,1.2989036],[103.8446879,1.2987156],[103.8446128,1.2984962],[103.8448755,1.2984105],[103.8449886,1.2984336],[103.8451139,1.2984345],[103.8453854,1.2983464],[103.8455332,1.2982584],[103.8456717,1.2981623],[103.8459161,1.2980868],[103.8462707,1.2979757],[103.8465084,1.2979285],[103.8466811,1.2979281],[103.8468456,1.2979804],[103.8471053,1.2981991],[103.8472262,1.2983029],[103.8473708,1.2983441],[103.8473756,1.2983631],[103.8473752,1.2983713],[103.8473705,1.2985183],[103.8470269,1.2985168],[103.846826,1.2985986],[103.8468238,1.2986434],[103.8460405,1.2989095],[103.8459677,1.2989373],[103.8455452,1.299077],[103.8455057,1.2990829],[103.8448829,1.2992929]]]}},{"type":"Feature","id":"osm-way-54144640","properties":{"kind":"road","name":"Tank Road"},"geometry":{"type":"LineString","coordinates":[[103.8437089,1.2958318],[103.8437477,1.295827],[103.8437705,1.295825],[103.8437806,1.2958213],[103.8437862,1.2958169],[103.8437898,1.2958094],[103.8437893,1.2957968],[103.8437794,1.2957381],[103.8437471,1.2955605]]}},{"type":"Feature","id":"osm-way-74527409","properties":{"kind":"primaryRoad","name":"Nicoll Highway"},"geometry":{"type":"LineString","coordinates":[[103.8604936,1.2985897],[103.8603755,1.2984992],[103.8600474,1.298256],[103.8598604,1.2980982],[103.8596201,1.297875],[103.859408,1.297675],[103.8592229,1.297491],[103.8589223,1.2971794],[103.8586156,1.2968487],[103.8584176,1.2966396],[103.8582386,1.2964436],[103.8580287,1.2962023]]}},{"type":"Feature","id":"osm-way-74559740","properties":{"kind":"road","name":"North Bridge Road"},"geometry":{"type":"LineString","coordinates":[[103.8516676,1.2930154],[103.8514262,1.2926199]]}},{"type":"Feature","id":"osm-way-74559743","properties":{"kind":"primaryRoad","name":"Stamford Road"},"geometry":{"type":"LineString","coordinates":[[103.8512127,1.2940937],[103.8507394,1.2943939],[103.8506392,1.2944574]]}},{"type":"Feature","id":"osm-way-74559749","properties":{"kind":"primaryRoad","name":"Penang Road"},"geometry":{"type":"LineString","coordinates":[[103.8456438,1.2981218],[103.8453078,1.2982264],[103.8451651,1.2982708],[103.8448834,1.2983585]]}},{"type":"Feature","id":"osm-way-74559769","properties":{"kind":"primaryRoad","name":"Victoria Street"},"geometry":{"type":"LineString","coordinates":[[103.8520528,1.2962032],[103.8522026,1.2963704]]}},{"type":"Feature","id":"osm-way-74619446","properties":{"kind":"road","name":"North Bridge Road"},"geometry":{"type":"LineString","coordinates":[[103.8496694,1.2896272],[103.8496256,1.2895631],[103.849596,1.2895198],[103.849535,1.2894305]]}},{"type":"Feature","id":"osm-way-74719100","properties":{"kind":"primaryRoad","name":"Eu Tong Sen Street"},"geometry":{"type":"LineString","coordinates":[[103.8454456,1.2868378],[103.8455766,1.2869815],[103.8455833,1.2869893]]}},{"type":"Feature","id":"osm-way-74722796","properties":{"kind":"road","name":"Beach Road"},"geometry":{"type":"LineString","coordinates":[[103.859374,1.2996446],[103.8588866,1.2991728]]}},{"type":"Feature","id":"osm-way-74722797","properties":{"kind":"primaryRoad","name":"Rochor Road"},"geometry":{"type":"LineString","coordinates":[[103.8572504,1.2991813],[103.8572336,1.2992013],[103.8572076,1.2992323],[103.8569426,1.299541],[103.8567255,1.2997537],[103.8566322,1.2998451]]}},{"type":"Feature","id":"osm-way-74722798","properties":{"kind":"road","name":"Beach Road"},"geometry":{"type":"LineString","coordinates":[[103.8579147,1.2983935],[103.8579977,1.2984764],[103.8583977,1.298876],[103.8586008,1.2990667],[103.8586872,1.2991479]]}},{"type":"Feature","id":"osm-way-74722800","properties":{"kind":"primaryRoad","name":"Ophir Road"},"geometry":{"type":"LineString","coordinates":[[103.8594508,1.2997185],[103.8594834,1.2996512],[103.859555,1.2995095]]}},{"type":"Feature","id":"osm-way-74722808","properties":{"kind":"primaryRoad","name":"East Coast Parkway"},"geometry":{"type":"LineString","coordinates":[[103.8657706,1.2941003],[103.8642074,1.2938249],[103.8640065,1.2937833],[103.8636861,1.2936997],[103.8634444,1.2936109]]}},{"type":"Feature","id":"osm-way-74722812","properties":{"kind":"primaryRoad","name":"East Coast Parkway"},"geometry":{"type":"LineString","coordinates":[[103.865951,1.29429],[103.8703345,1.2951941]]}},{"type":"Feature","id":"osm-way-74722816","properties":{"kind":"road","name":"Beach Road"},"geometry":{"type":"LineString","coordinates":[[103.8562528,1.2965189],[103.8563433,1.2966357]]}},{"type":"Feature","id":"osm-way-74722823","properties":{"kind":"primaryRoad","name":"Ophir Road"},"geometry":{"type":"LineString","coordinates":[[103.8609169,1.2957401],[103.8609569,1.2957176],[103.8610322,1.2956346],[103.8610965,1.295556]]}},{"type":"Feature","id":"osm-way-74731114","properties":{"kind":"primaryRoad","name":"Nicoll Highway"},"geometry":{"type":"LineString","coordinates":[[103.8555084,1.2922383],[103.8553627,1.291989],[103.8552421,1.2917631],[103.8550495,1.2914024],[103.8550077,1.291324]]}},{"type":"Feature","id":"osm-way-74731116","properties":{"kind":"primaryRoad","name":"Bras Basah Road"},"geometry":{"type":"LineString","coordinates":[[103.8519011,1.2960284],[103.8520195,1.2959364]]}},{"type":"Feature","id":"osm-way-74731121","properties":{"kind":"primaryRoad","name":"East Coast Parkway"},"geometry":{"type":"LineString","coordinates":[[103.8604265,1.2957609],[103.8601241,1.296156],[103.8598243,1.2964854],[103.8596328,1.2966532]]}},{"type":"Feature","id":"osm-way-74735245","properties":{"kind":"road","name":"Cecil Street"},"geometry":{"type":"LineString","coordinates":[[103.8500463,1.282452],[103.8501663,1.2825715],[103.8502706,1.2826354],[103.8503707,1.2826758],[103.8504251,1.2826928]]}},{"type":"Feature","id":"osm-way-74735246","properties":{"kind":"primaryRoad","name":"Cross Street"},"geometry":{"type":"LineString","coordinates":[[103.8490689,1.281927],[103.8485743,1.282204],[103.8485455,1.2822201]]}},{"type":"Feature","id":"osm-way-74735250","properties":{"kind":"primaryRoad","name":"Raffles Quay"},"geometry":{"type":"LineString","coordinates":[[103.8510547,1.2807498],[103.8505993,1.2800134],[103.8505593,1.2799487]]}},{"type":"Feature","id":"osm-way-74776957","properties":{"kind":"primaryRoad","name":"Orchard Road"},"geometry":{"type":"LineString","coordinates":[[103.8481278,1.2979092],[103.8480569,1.2979702],[103.8479612,1.298048],[103.847712,1.2982594],[103.8476785,1.2982819],[103.8476472,1.2982994],[103.8476202,1.2983082],[103.8475925,1.2983147],[103.8475616,1.2983173],[103.847504,1.298316]]}},{"type":"Feature","id":"osm-way-75067163","properties":{"kind":"primaryRoad","name":"Raffles Boulevard"},"geometry":{"type":"LineString","coordinates":[[103.8572319,1.2923557],[103.8576827,1.292102],[103.8577256,1.2920774]]}},{"type":"Feature","id":"osm-way-75112027","properties":{"kind":"primaryRoad","name":"Orchard Road"},"geometry":{"type":"LineString","coordinates":[[103.844592,1.2994879],[103.8448857,1.29939],[103.845461,1.299203]]}},{"type":"Feature","id":"osm-way-75486815","properties":{"kind":"primaryRoad","name":"Cecil Street"},"geometry":{"type":"LineString","coordinates":[[103.8504251,1.2826928],[103.8507869,1.2826449]]}},{"type":"Feature","id":"osm-way-75523984","properties":{"kind":"primaryRoad","name":"Bras Basah Road"},"geometry":{"type":"LineString","coordinates":[[103.8547866,1.2938316],[103.8553292,1.2934669]]}},{"type":"Feature","id":"osm-way-75536126","properties":{"kind":"primaryRoad","name":"River Valley Road"},"geometry":{"type":"LineString","coordinates":[[103.8436883,1.2930986],[103.8437391,1.2930711],[103.8437991,1.2930385]]}},{"type":"Feature","id":"osm-way-75536128","properties":{"kind":"primaryRoad","name":"Clemenceau Avenue"},"geometry":{"type":"LineString","coordinates":[[103.8436365,1.2930037],[103.8436883,1.2930986]]}},{"type":"Feature","id":"osm-way-75538366","properties":{"kind":"primaryRoad","name":"Hill Street"},"geometry":{"type":"LineString","coordinates":[[103.8491756,1.291758],[103.849286,1.2919657],[103.8493692,1.2921494],[103.8494378,1.2923308],[103.8494696,1.2923913],[103.8495306,1.2925377]]}},{"type":"Feature","id":"osm-way-75538367","properties":{"kind":"primaryRoad","name":"Hill Street"},"geometry":{"type":"LineString","coordinates":[[103.8482584,1.2902039],[103.8483996,1.2903724],[103.8484965,1.2904993]]}},{"type":"Feature","id":"osm-way-75551640","properties":{"kind":"primaryRoad","name":"Penang Road"},"geometry":{"type":"LineString","coordinates":[[103.844475,1.2984751],[103.8443111,1.2985359]]}},{"type":"Feature","id":"osm-way-75557738","properties":{"kind":"primaryRoad","name":"Bencoolen Street"},"geometry":{"type":"LineString","coordinates":[[103.8495178,1.297951],[103.8494543,1.2978595],[103.8494269,1.297829]]}},{"type":"Feature","id":"osm-way-75589915","properties":{"kind":"primaryRoad","name":"Eu Tong Sen Street"},"geometry":{"type":"LineString","coordinates":[[103.8419219,1.2826179],[103.8419604,1.2826617],[103.8421941,1.282957]]}},{"type":"Feature","id":"osm-way-75589918","properties":{"kind":"primaryRoad","name":"Eu Tong Sen Street"},"geometry":{"type":"LineString","coordinates":[[103.8438752,1.2850033],[103.843936,1.2850694],[103.8440361,1.2851914],[103.8443411,1.2855406]]}},{"type":"Feature","id":"osm-way-75589919","properties":{"kind":"primaryRoad","name":"Upper Cross Street"},"geometry":{"type":"LineString","coordinates":[[103.8435593,1.2852569],[103.8434601,1.2853365],[103.8433888,1.2853999]]}},{"type":"Feature","id":"osm-way-75589920","properties":{"kind":"primaryRoad","name":"Upper Cross Street"},"geometry":{"type":"LineString","coordinates":[[103.844041,1.2848916],[103.8438752,1.2850033]]}},{"type":"Feature","id":"osm-way-75611807","properties":{"kind":"road","name":"Rhu Cross"},"geometry":{"type":"LineString","coordinates":[[103.8673973,1.2969939],[103.8673309,1.2971395],[103.8672899,1.2972526],[103.86727,1.2973801]]}},{"type":"Feature","id":"osm-way-83145747","properties":{"kind":"road","name":"Bayfront Avenue"},"geometry":{"type":"LineString","coordinates":[[103.8609857,1.2895592],[103.8609899,1.2894333],[103.8609981,1.2891903]]}},{"type":"Feature","id":"osm-way-83992257","properties":{"kind":"road","name":"North Boat Quay"},"geometry":{"type":"LineString","coordinates":[[103.8507597,1.2876255],[103.8511009,1.2880748],[103.8511199,1.2881006]]}},{"type":"Feature","id":"osm-way-95762779","properties":{"kind":"road","name":"Robertson Quay"},"geometry":{"type":"LineString","coordinates":[[103.8428531,1.291063],[103.8423824,1.2909852]]}},{"type":"Feature","id":"osm-way-95762799","properties":{"kind":"building","name":"Singapore Chinese Chamber of Commerce"},"geometry":{"type":"Polygon","coordinates":[[[103.8502491,1.2933974],[103.8501743,1.293252],[103.8501087,1.2931246],[103.8504836,1.2929318],[103.850624,1.2932047],[103.8502491,1.2933974]]]}},{"type":"Feature","id":"osm-way-97582570","properties":{"kind":"building","name":"Esplanade Theatres on the Bay"},"geometry":{"type":"Polygon","coordinates":[[[103.8563507,1.2892255],[103.8563712,1.2892234],[103.8563807,1.2894071],[103.856396,1.2897006],[103.8563981,1.2897383],[103.8564013,1.2897951],[103.8564262,1.2897979],[103.8564188,1.2898683],[103.8563899,1.289964],[103.8563511,1.2900244],[103.8563087,1.2900692],[103.8562842,1.2900885],[103.8562259,1.2901344],[103.8561394,1.2901713],[103.8561231,1.29014],[103.8560876,1.2901534],[103.8560365,1.2901727],[103.8559812,1.2901722],[103.855937,1.2903079],[103.8558132,1.2902671],[103.8558897,1.2899639],[103.8558885,1.2899067],[103.8558706,1.2898647],[103.8558452,1.2898379],[103.8557637,1.2897819],[103.8556784,1.289745],[103.8555778,1.2897246],[103.8554989,1.2897348],[103.8554428,1.2897705],[103.8554174,1.2898163],[103.8552459,1.2902159],[103.8551766,1.2901515],[103.8551064,1.2900765],[103.8550396,1.2899725],[103.8549994,1.2898938],[103.8549855,1.2898587],[103.8549508,1.2897439],[103.8549423,1.2895978],[103.8553728,1.2897017],[103.8554416,1.289703],[103.8554899,1.2896775],[103.8555409,1.2896101],[103.8555778,1.2895375],[103.8556135,1.2894217],[103.8556147,1.289358],[103.8555905,1.2892868],[103.8555511,1.2892422],[103.8553086,1.2891493],[103.855323,1.2891293],[103.8552845,1.2891011],[103.8553352,1.2890498],[103.8553654,1.2890802],[103.855401,1.2890545],[103.8554232,1.2890431],[103.8554516,1.2890317],[103.8554825,1.2890218],[103.8555134,1.289018],[103.8555515,1.2890191],[103.8555808,1.2890228],[103.8556079,1.2890284],[103.8556361,1.2890395],[103.8556602,1.2890505],[103.855677,1.2890606],[103.8556937,1.2890726],[103.8557276,1.2891073],[103.8557447,1.2891274],[103.8557599,1.2891485],[103.855772,1.2891759],[103.8557827,1.2892077],[103.855791,1.2892384],[103.8557952,1.2892752],[103.8558947,1.289269],[103.8559682,1.2893539],[103.8559501,1.2893648],[103.8559396,1.289375],[103.8559331,1.2893852],[103.8559268,1.2894001],[103.8559211,1.2894144],[103.855918,1.2894303],[103.8559193,1.2894503],[103.8559222,1.2894688],[103.8559298,1.2894878],[103.8559369,1.2895022],[103.855946,1.2895134],[103.8559551,1.2895227],[103.8559663,1.2895299],[103.8559789,1.2895374],[103.8559941,1.2895435],[103.8560124,1.289548],[103.8560285,1.2895488],[103.8560451,1.289546],[103.856061,1.2895424],[103.8560738,1.2895374],[103.8560877,1.2895289],[103.8561004,1.2895168],[103.8561101,1.2895052],[103.8561166,1.2894965],[103.856122,1.2894868],[103.8561271,1.2894717],[103.8561302,1.2894499],[103.8561307,1.2894367],[103.8561291,1.2894236],[103.8561239,1.2894029],[103.8561146,1.2893874],[103.8561007,1.289367],[103.8560845,1.2893537],[103.8560714,1.2893466],[103.8561369,1.2892427],[103.8563507,1.2892255]]]}},{"type":"Feature","id":"osm-way-97660754","properties":{"kind":"building","name":"The Riverwalk"},"geometry":{"type":"Polygon","coordinates":[[[103.8478879,1.289211],[103.8478837,1.2891579],[103.8487152,1.2884725],[103.8489133,1.2887209],[103.8489122,1.288742],[103.8489224,1.2887428],[103.8489314,1.2887439],[103.8489363,1.2887514],[103.8489329,1.2887627],[103.8489171,1.2887763],[103.8489288,1.2887861],[103.8489303,1.2887989],[103.8489274,1.2888318],[103.8489164,1.2889549],[103.8489141,1.2889632],[103.8489054,1.2889715],[103.8487784,1.2890762],[103.8487581,1.2890773],[103.8487445,1.2890732],[103.8487113,1.2890404],[103.8486876,1.289063],[103.8487174,1.289098],[103.8487189,1.2891112],[103.8487144,1.2891214],[103.8486624,1.289164],[103.8486529,1.2891685],[103.8486413,1.2891655],[103.8485874,1.2891052],[103.8485693,1.2891199],[103.8485968,1.2891519],[103.848596,1.2891636],[103.8485493,1.2892005],[103.8485342,1.2892009],[103.8485229,1.2891907],[103.8484732,1.2892333],[103.8484588,1.2892314],[103.8484517,1.2892246],[103.8484038,1.289265],[103.8483876,1.2892653],[103.8483774,1.2892574],[103.84833,1.2892981],[103.848313,1.2892943],[103.8483036,1.2892876],[103.8482565,1.2893267],[103.8482414,1.2893294],[103.8482293,1.2893222],[103.8481837,1.2893595],[103.8481687,1.2893607],[103.8481555,1.2893524],[103.848114,1.2893863],[103.8481031,1.2893836],[103.8480922,1.2893855],[103.8480914,1.2893972],[103.8480601,1.2894198],[103.8480477,1.2894093],[103.8480526,1.2893972],[103.8480454,1.2893908],[103.8480364,1.2893934],[103.8478879,1.289211]]]}},{"type":"Feature","id":"osm-way-97666816","properties":{"kind":"building","name":"SMRT Headquarters"},"geometry":{"type":"Polygon","coordinates":[[[103.8518299,1.2945094],[103.8519038,1.2944641],[103.8519826,1.2945928],[103.8520317,1.2945627],[103.8519785,1.2944757],[103.8520478,1.2944333],[103.8520977,1.2945148],[103.852141,1.2944883],[103.8520654,1.2943648],[103.8521421,1.2943179],[103.8521702,1.2943638],[103.8523209,1.2946099],[103.8520085,1.2948011],[103.8518299,1.2945094]]]}},{"type":"Feature","id":"osm-way-97666817","properties":{"kind":"building","name":"Caldwell House"},"geometry":{"type":"Polygon","coordinates":[[[103.851843,1.2954415],[103.8518684,1.2954222],[103.8520102,1.2953144],[103.8521983,1.2955618],[103.8521294,1.2956141],[103.8520717,1.2955382],[103.8519734,1.2956129],[103.851843,1.2954415]]]}},{"type":"Feature","id":"osm-way-97666818","properties":{"kind":"building","name":"CHIJMES Hall"},"geometry":{"type":"Polygon","coordinates":[[[103.8516927,1.2952054],[103.8517076,1.2951952],[103.8519149,1.2950537],[103.8519226,1.2950529],[103.8519308,1.2950581],[103.8519358,1.295065],[103.8519365,1.2950733],[103.8519609,1.2950545],[103.8519722,1.2950563],[103.8520048,1.2950341],[103.8520216,1.295034],[103.8520394,1.2950378],[103.8520546,1.2950491],[103.8520619,1.2950585],[103.8520655,1.2950698],[103.8520665,1.2950809],[103.8520643,1.2950935],[103.8520598,1.2951066],[103.852011,1.2951418],[103.8520047,1.2951393],[103.8519873,1.2951491],[103.8519956,1.295153],[103.8520041,1.2951622],[103.8520063,1.2951786],[103.851797,1.2953234],[103.8517804,1.2953348],[103.8517601,1.2953062],[103.8517254,1.2953296],[103.851675,1.2952561],[103.8517111,1.2952313],[103.8516927,1.2952054]]]}},{"type":"Feature","id":"osm-way-97667944","properties":{"kind":"road","name":"Temasek Boulevard"},"geometry":{"type":"LineString","coordinates":[[103.8589173,1.2943633],[103.8588347,1.2943439],[103.8587591,1.2943119],[103.8587327,1.2942938],[103.8586994,1.2942623],[103.8586543,1.2941959],[103.8585923,1.2940888],[103.858309,1.2936018]]}},{"type":"Feature","id":"osm-way-97667945","properties":{"kind":"road","name":"Fountain of Wealth"},"geometry":{"type":"LineString","coordinates":[[103.8585826,1.2945378],[103.8585515,1.2945931],[103.8585259,1.2946673],[103.8585155,1.294745],[103.8585207,1.2948233]]}},{"type":"Feature","id":"osm-way-99007260","properties":{"kind":"primaryRoad","name":""},"geometry":{"type":"LineString","coordinates":[[103.8657706,1.2941003],[103.8651243,1.2938946],[103.8644324,1.2937257],[103.8641057,1.2936305],[103.8638503,1.2935298],[103.8635995,1.2933962],[103.8633454,1.293225],[103.8630954,1.2929912],[103.8628937,1.2927912],[103.8627364,1.2926735],[103.8626015,1.2926106],[103.8624365,1.2925618],[103.8622686,1.2925403],[103.8621543,1.2925498],[103.8620236,1.2925749],[103.8618955,1.2926249]]}},{"type":"Feature","id":"osm-way-99347079","properties":{"kind":"building","name":"The Octagon"},"geometry":{"type":"Polygon","coordinates":[[[103.8490808,1.2804701],[103.8491992,1.2804022],[103.8492666,1.2804295],[103.8493399,1.280552],[103.8493161,1.2806295],[103.8492213,1.2806869],[103.8491337,1.2806809],[103.849056,1.2805575],[103.8490808,1.2804701]]]}},{"type":"Feature","id":"osm-way-101215469","properties":{"kind":"building","name":"Fairfield Methodist Church"},"geometry":{"type":"Polygon","coordinates":[[[103.844213,1.2801658],[103.8441762,1.2801506],[103.8441475,1.2801133],[103.8440777,1.2798504],[103.8440804,1.2798244],[103.8440924,1.2797993],[103.8441094,1.2797821],[103.8441352,1.2797695],[103.8441729,1.2797672],[103.844335,1.2797574],[103.8444011,1.2797534],[103.8444433,1.2797517],[103.8444812,1.2797828],[103.8444934,1.2798274],[103.8444706,1.2798756],[103.8442866,1.2801403],[103.844253,1.2801621],[103.844213,1.2801658]]]}},{"type":"Feature","id":"osm-way-102938119","properties":{"kind":"building","name":"Suntec Tower 4"},"geometry":{"type":"Polygon","coordinates":[[[103.8597009,1.2949086],[103.8595868,1.2947134],[103.8594951,1.2945567],[103.8596861,1.294445],[103.8598463,1.2943514],[103.8599429,1.2945165],[103.8600521,1.2947033],[103.8599643,1.2947546],[103.8598983,1.2947932],[103.8597348,1.2948888],[103.8597009,1.2949086]]]}},{"type":"Feature","id":"osm-way-103110145","properties":{"kind":"building","name":"The Capitol Kempinski Hotel"},"geometry":{"type":"Polygon","coordinates":[[[103.8507056,1.2943162],[103.8505517,1.2940612],[103.8507812,1.2939228],[103.8507702,1.2939046],[103.8509933,1.29377],[103.8510024,1.2937851],[103.8511672,1.2940589],[103.8507476,1.2943233],[103.8507056,1.2943162]]]}},{"type":"Feature","id":"osm-way-103110146","properties":{"kind":"building","name":"Pullman Singapore HIll Street"},"geometry":{"type":"Polygon","coordinates":[[[103.8504597,1.2940424],[103.8502241,1.2935898],[103.8507506,1.2933202],[103.8508374,1.2934754],[103.8508803,1.2935505],[103.8510014,1.2937626],[103.8504597,1.2940424]]]}},{"type":"Feature","id":"osm-way-103110147","properties":{"kind":"building","name":"Capitol Theatre"},"geometry":{"type":"Polygon","coordinates":[[[103.8514325,1.2934064],[103.8514209,1.2934887],[103.8510269,1.293715],[103.8509187,1.2935268],[103.851357,1.293275],[103.8514325,1.2934064]]]}},{"type":"Feature","id":"osm-way-106086878","properties":{"kind":"road","name":"Empress Place"},"geometry":{"type":"LineString","coordinates":[[103.8515608,1.2877879],[103.851837,1.2881702],[103.8520848,1.2885247]]}},{"type":"Feature","id":"osm-way-106086882","properties":{"kind":"road","name":"North Boat Quay"},"geometry":{"type":"LineString","coordinates":[[103.8483582,1.2898967],[103.8479231,1.2900456]]}},{"type":"Feature","id":"osm-way-106086886","properties":{"kind":"road","name":"North Boat Quay"},"geometry":{"type":"LineString","coordinates":[[103.8479231,1.2900456],[103.8478146,1.2900792],[103.847356,1.2901649],[103.8469242,1.2901649],[103.8468195,1.2902478],[103.8465433,1.2901622],[103.8463569,1.2901301],[103.846208,1.2901247],[103.8461015,1.2899977],[103.8459721,1.2898951],[103.8457058,1.2897297],[103.8453797,1.2895876],[103.8451541,1.2894965],[103.8451259,1.2894894],[103.8450949,1.2895006]]}},{"type":"Feature","id":"osm-way-106086895","properties":{"kind":"road","name":"Empress Place"},"geometry":{"type":"LineString","coordinates":[[103.8515502,1.2866377],[103.8516489,1.28677],[103.8516868,1.2867411],[103.8518651,1.2869359],[103.8519783,1.2870058],[103.8520175,1.2870652],[103.8520254,1.2871439],[103.8519828,1.2872501],[103.8520985,1.2874064]]}},{"type":"Feature","id":"osm-way-106086897","properties":{"kind":"road","name":"North Boat Quay"},"geometry":{"type":"LineString","coordinates":[[103.8521847,1.2868849],[103.8523162,1.2869696],[103.8525335,1.2872041],[103.8526522,1.2873335]]}},{"type":"Feature","id":"osm-way-106086903","properties":{"kind":"park","name":""},"geometry":{"type":"Polygon","coordinates":[[[103.8524366,1.2875482],[103.8523708,1.2874685],[103.852289,1.2873438],[103.8522512,1.287328],[103.8522032,1.287332],[103.8520985,1.2874064],[103.8519828,1.2872501],[103.8520254,1.2871439],[103.8520175,1.2870652],[103.8519783,1.2870058],[103.8518651,1.2869359],[103.8516868,1.2867411],[103.8516489,1.28677],[103.8515146,1.2866019],[103.8518074,1.2865619],[103.8522878,1.2868455],[103.8527003,1.2873279],[103.8525149,1.2874828],[103.8524366,1.2875482]]]}},{"type":"Feature","id":"osm-way-106193383","properties":{"kind":"park","name":"Raffles Place Park"},"geometry":{"type":"Polygon","coordinates":[[[103.8513852,1.2848254],[103.8512637,1.2837635],[103.8513361,1.2836958],[103.851253,1.2827302],[103.8515296,1.2827091],[103.8515433,1.2828487],[103.851609,1.2835177],[103.851585,1.2836074],[103.8517022,1.2847071],[103.8517508,1.285003],[103.8513852,1.2848254]]]}},{"type":"Feature","id":"osm-way-106193385","properties":{"kind":"building","name":"UOB Plaza"},"geometry":{"type":"Polygon","coordinates":[[[103.8504005,1.285394],[103.850423,1.2853917],[103.8504011,1.2851864],[103.8509863,1.2851264],[103.8509904,1.2851639],[103.8510306,1.2851599],[103.8510373,1.2851974],[103.8510722,1.2851934],[103.8510762,1.2852323],[103.8511111,1.2852256],[103.851116,1.2852667],[103.8510985,1.2852686],[103.8510139,1.2853742],[103.85102,1.2854257],[103.8510066,1.2854416],[103.8510233,1.285452],[103.8510298,1.2855079],[103.8510739,1.2855382],[103.8510319,1.2855474],[103.8510333,1.2855903],[103.8504499,1.2856385],[103.8504388,1.2855454],[103.8504145,1.2855477],[103.8504085,1.2854801],[103.8504066,1.2854595],[103.8504005,1.285394]]]}},{"type":"Feature","id":"osm-way-106193386","properties":{"kind":"building","name":"Maybank"},"geometry":{"type":"Polygon","coordinates":[[[103.8523556,1.2860313],[103.8525021,1.2857273],[103.8525311,1.2856704],[103.8525441,1.2856551],[103.8525669,1.2856479],[103.8525857,1.2856485],[103.8526085,1.2856613],[103.8526889,1.2857618],[103.8526921,1.2857806],[103.8526881,1.2858008],[103.8526236,1.285928],[103.8525881,1.2860036],[103.8525297,1.286118],[103.8524478,1.2860757],[103.8523556,1.2860313]]]}},{"type":"Feature","id":"osm-way-106193388","properties":{"kind":"building","name":"Chevron House"},"geometry":{"type":"Polygon","coordinates":[[[103.8518324,1.2843096],[103.8518285,1.2842935],[103.851795,1.2842959],[103.8517546,1.2842777],[103.8517208,1.2842492],[103.8517047,1.2842194],[103.851698,1.2841847],[103.8517016,1.2841443],[103.8517138,1.2841128],[103.8517338,1.2840891],[103.8517572,1.2840662],[103.851781,1.2840535],[103.8518128,1.2840482],[103.8521138,1.2840226],[103.8521175,1.2840652],[103.8522209,1.2840604],[103.8522361,1.2842455],[103.8522253,1.2842654],[103.8522078,1.284276],[103.8518324,1.2843096]]]}},{"type":"Feature","id":"osm-way-106193390","properties":{"kind":"building","name":"BOC"},"geometry":{"type":"Polygon","coordinates":[[[103.8524712,1.2856274],[103.8523938,1.2857843],[103.852371,1.2858341],[103.8523156,1.2859487],[103.8521877,1.285887],[103.8521399,1.2858639],[103.8520418,1.2858165],[103.8520971,1.2857019],[103.8521209,1.2856526],[103.852219,1.2854496],[103.852315,1.2854969],[103.852324,1.2854786],[103.8524545,1.285543],[103.8524712,1.2856274]]]}},{"type":"Feature","id":"osm-way-107937797","properties":{"kind":"building","name":"School of the Arts Singapore"},"geometry":{"type":"Polygon","coordinates":[[[103.8486874,1.2988008],[103.8486966,1.29881],[103.8487048,1.2988036],[103.8487098,1.298809],[103.8487213,1.2987999],[103.8487502,1.298838],[103.8489514,1.299098],[103.8489622,1.2990877],[103.8489662,1.2990942],[103.849005,1.2991429],[103.8490128,1.2991528],[103.8490008,1.2991625],[103.8492326,1.2994634],[103.8492213,1.2994715],[103.849214,1.2994767],[103.8492357,1.2995083],[103.8491196,1.2996079],[103.8488974,1.2997859],[103.8487481,1.2999139],[103.8487369,1.2999012],[103.8487237,1.2999116],[103.848718,1.2999035],[103.8487113,1.2999083],[103.8486826,1.2998707],[103.8481986,1.2996773],[103.8482184,1.2996355],[103.84825,1.2995689],[103.8483747,1.2994679],[103.8482299,1.2992843],[103.848249,1.2992683],[103.8482322,1.2992454],[103.848307,1.2991862],[103.8483246,1.2992077],[103.8483442,1.2991944],[103.8483517,1.2992055],[103.8483707,1.2991404],[103.8483957,1.2990547],[103.8483483,1.2989923],[103.8483676,1.2989768],[103.848357,1.2989624],[103.8484284,1.2989009],[103.8484377,1.2989104],[103.8484555,1.2988953],[103.8485041,1.2989574],[103.8486284,1.2989108],[103.8486063,1.2988861],[103.8486289,1.2988667],[103.8486184,1.2988531],[103.8486874,1.2988008]]]}},{"type":"Feature","id":"osm-way-112154347","properties":{"kind":"primaryRoad","name":"Clemenceau Avenue"},"geometry":{"type":"LineString","coordinates":[[103.8441591,1.2985922],[103.8441285,1.2985832],[103.8439662,1.2985932],[103.8439138,1.298571],[103.8438593,1.2985274],[103.8438303,1.2984826],[103.8438065,1.2984389]]}},{"type":"Feature","id":"osm-way-112154494","properties":{"kind":"primaryRoad","name":"Clemenceau Avenue"},"geometry":{"type":"LineString","coordinates":[[103.84231,1.2903596],[103.8421957,1.2901454]]}},{"type":"Feature","id":"osm-way-112154495","properties":{"kind":"primaryRoad","name":"Clemenceau Avenue"},"geometry":{"type":"LineString","coordinates":[[103.8427032,1.2910831],[103.8423389,1.2904112]]}},{"type":"Feature","id":"osm-way-116800998","properties":{"kind":"building","name":"SkyPark"},"geometry":{"type":"Polygon","coordinates":[[[103.8609826,1.2848989],[103.8609147,1.2847022],[103.860846,1.2844417],[103.860746,1.2841248],[103.8606844,1.2839598],[103.8606228,1.2838056],[103.860497,1.2835257],[103.8603308,1.2832159],[103.8602257,1.2830433],[103.8601815,1.2829848],[103.8599698,1.282688],[103.8598239,1.2825055],[103.8598747,1.2824039],[103.859959,1.2823283],[103.8600916,1.2822886],[103.8604051,1.2826851],[103.8605401,1.2829092],[103.8607372,1.2832315],[103.8608748,1.2835139],[103.8609999,1.2838001],[103.8610867,1.2840541],[103.8611461,1.284261],[103.8611969,1.2844555],[103.8612302,1.2846658],[103.8612569,1.2848545],[103.8612425,1.2849657],[103.8612318,1.2850442],[103.8612164,1.2850935],[103.8611939,1.2851262],[103.8611632,1.2851505],[103.8611359,1.2851574],[103.8611099,1.2851541],[103.8610808,1.2851351],[103.8610442,1.2850909],[103.8610173,1.285036],[103.8609826,1.2848989]]]}},{"type":"Feature","id":"osm-way-116801004","properties":{"kind":"building","name":"Marina Bay Sands Tower 1"},"geometry":{"type":"Polygon","coordinates":[[[103.8605263,1.2827539],[103.8604802,1.2827859],[103.8601414,1.2830212],[103.8599199,1.2827024],[103.8598409,1.2825888],[103.8602258,1.2823215],[103.8605263,1.2827539]]]}},{"type":"Feature","id":"osm-way-116801907","properties":{"kind":"building","name":"Red Dot Design Museum"},"geometry":{"type":"Polygon","coordinates":[[[103.8563394,1.2803682],[103.8561482,1.2800753],[103.8561862,1.2798707],[103.8561714,1.2798476],[103.8561817,1.279777],[103.8563742,1.2800927],[103.8563571,1.2801589],[103.8563831,1.2802001],[103.8563394,1.2803682]]]}},{"type":"Feature","id":"osm-way-116905040","properties":{"kind":"building","name":"Marina Bay Financial Centre Tower 1"},"geometry":{"type":"Polygon","coordinates":[[[103.8540687,1.2804434],[103.853914,1.2800141],[103.8542314,1.2799047],[103.8543788,1.279959],[103.8545117,1.2803282],[103.8541497,1.2804587],[103.8541369,1.2804216],[103.8540687,1.2804434]]]}},{"type":"Feature","id":"osm-way-116905041","properties":{"kind":"building","name":"Marina Bay Financial Centre Tower 3"},"geometry":{"type":"Polygon","coordinates":[[[103.8541991,1.2792508],[103.8541522,1.2788987],[103.8542207,1.2788895],[103.8542055,1.2787754],[103.8543581,1.278755],[103.8543511,1.2787027],[103.8546974,1.2786565],[103.8547235,1.2788518],[103.8547454,1.2790159],[103.8547666,1.2791752],[103.854562,1.2792025],[103.8541991,1.2792508]]]}},{"type":"Feature","id":"osm-way-116905042","properties":{"kind":"building","name":"Marina Bay Financial Centre Tower 2"},"geometry":{"type":"Polygon","coordinates":[[[103.8541069,1.2795908],[103.8537167,1.2798357],[103.8535523,1.2795739],[103.8538853,1.2793649],[103.8539425,1.279329],[103.8541069,1.2795908]]]}},{"type":"Feature","id":"osm-way-116905045","properties":{"kind":"building","name":"Marina Bay Residences"},"geometry":{"type":"Polygon","coordinates":[[[103.8554375,1.2797619],[103.8552672,1.2798745],[103.8551304,1.2797445],[103.8549305,1.2796453],[103.8550457,1.2794444],[103.8551349,1.2794932],[103.8552926,1.2795796],[103.8554375,1.2797619]]]}},{"type":"Feature","id":"osm-way-116905046","properties":{"kind":"road","name":"Straits View"},"geometry":{"type":"LineString","coordinates":[[103.8536936,1.2800534],[103.8532341,1.2793305],[103.8531601,1.2792144]]}},{"type":"Feature","id":"osm-way-116905791","properties":{"kind":"park","name":"The Lawn@Marina Bay"},"geometry":{"type":"Polygon","coordinates":[[[103.8540726,1.2807095],[103.8534302,1.2811154],[103.852598,1.2798317],[103.8532493,1.2793932],[103.8540726,1.2807095]]]}},{"type":"Feature","id":"osm-way-117055140","properties":{"kind":"building","name":"Maxwell Chambers Suites"},"geometry":{"type":"Polygon","coordinates":[[[103.845933,1.2776006],[103.8459879,1.2776301],[103.8460805,1.2777058],[103.8460912,1.2777595],[103.8457506,1.2781912],[103.8457265,1.2781724],[103.8456728,1.2782475],[103.8456889,1.2782636],[103.8454476,1.2785857],[103.8452168,1.2788938],[103.8451525,1.2788455],[103.8451203,1.2786658],[103.8451244,1.2786497],[103.8451083,1.2786337],[103.8454409,1.2782355],[103.845414,1.27821],[103.8455066,1.2780853],[103.8455294,1.2781054],[103.845933,1.2776006]]]}},{"type":"Feature","id":"osm-way-117058629","properties":{"kind":"building","name":"MND Building (Annexe B)"},"geometry":{"type":"Polygon","coordinates":[[[103.8462897,1.2788702],[103.8464212,1.2787066],[103.8465767,1.2787174],[103.8466545,1.2787844],[103.8466706,1.2788477],[103.8466894,1.2789212],[103.846558,1.2790928],[103.8464418,1.2789964],[103.8462897,1.2788702]]]}},{"type":"Feature","id":"osm-way-117058633","properties":{"kind":"park","name":""},"geometry":{"type":"Polygon","coordinates":[[[103.8463595,1.2791116],[103.8464251,1.2793402],[103.8464364,1.2793796],[103.8463483,1.2794862],[103.846279,1.2795701],[103.8461127,1.279436],[103.8461239,1.2794213],[103.846285,1.2792078],[103.8463595,1.2791116]]]}},{"type":"Feature","id":"osm-way-117058639","properties":{"kind":"building","name":"Amoy Street Food Centre"},"geometry":{"type":"Polygon","coordinates":[[[103.8468986,1.2796908],[103.8468852,1.2797364],[103.8468315,1.2797551],[103.8467967,1.2797256],[103.8466062,1.2797739],[103.8465472,1.2795433],[103.846574,1.2795111],[103.8464418,1.2789964],[103.846558,1.2790928],[103.8466894,1.2789212],[103.8468986,1.2796908]]]}},{"type":"Feature","id":"osm-way-121874612","properties":{"kind":"water","name":"Fountain of Wealth"},"geometry":{"type":"Polygon","coordinates":[[[103.8589084,1.2945525],[103.8589523,1.2945553],[103.8589826,1.2945628],[103.859021,1.2945796],[103.8590492,1.2945984],[103.8590711,1.2946184],[103.8590935,1.2946462],[103.8591075,1.29467],[103.8591187,1.2946967],[103.8591252,1.2947196],[103.8591295,1.2947481],[103.8591295,1.2947839],[103.8591239,1.2948178],[103.8591167,1.2948411],[103.8590992,1.2948769],[103.8590844,1.2948983],[103.8590678,1.2949169],[103.8590473,1.294935],[103.8590153,1.2949555],[103.8589861,1.294968],[103.8589418,1.2949782],[103.8589148,1.2949796],[103.8588835,1.2949771],[103.8588563,1.294971],[103.8588241,1.2949586],[103.858798,1.2949437],[103.8587773,1.2949281],[103.8587579,1.294909],[103.8587426,1.29489],[103.8587274,1.2948653],[103.8587109,1.2948241],[103.8587043,1.2947907],[103.8587036,1.2947487],[103.8587078,1.2947206],[103.8587137,1.2946989],[103.8587236,1.2946742],[103.8587395,1.2946464],[103.8587536,1.2946278],[103.8587796,1.2946021],[103.8588069,1.2945826],[103.858836,1.2945681],[103.85887,1.2945575],[103.8589084,1.2945525]]]}},{"type":"Feature","id":"osm-way-121874705","properties":{"kind":"road","name":"Queen Street"},"geometry":{"type":"LineString","coordinates":[[103.8532486,1.2992392],[103.8531659,1.2991413]]}},{"type":"Feature","id":"osm-way-121879126","properties":{"kind":"road","name":"Jalan Rumbia"},"geometry":{"type":"LineString","coordinates":[[103.8430232,1.2956277],[103.8430846,1.295831],[103.8431703,1.2961436],[103.8432009,1.2962407],[103.8432135,1.296313]]}},{"type":"Feature","id":"osm-way-121879131","properties":{"kind":"road","name":"Tank Road"},"geometry":{"type":"LineString","coordinates":[[103.8438174,1.2953681],[103.8437709,1.2953565],[103.843744,1.2953369],[103.84371,1.2953069],[103.8436837,1.2952675]]}},{"type":"Feature","id":"osm-way-121879133","properties":{"kind":"primaryRoad","name":"Fort Canning Road"},"geometry":{"type":"LineString","coordinates":[[103.8452972,1.2972061],[103.8451404,1.2970701],[103.8449176,1.2969011],[103.8447111,1.2967289],[103.8445026,1.2965371]]}},{"type":"Feature","id":"osm-way-121879139","properties":{"kind":"primaryRoad","name":""},"geometry":{"type":"LineString","coordinates":[[103.8438525,1.2961091],[103.8437853,1.2962343],[103.8437357,1.2962941],[103.8437149,1.2963193],[103.8436698,1.29636],[103.8436211,1.2964039],[103.8435648,1.2964375],[103.8434575,1.296504],[103.8433197,1.2965917]]}},{"type":"Feature","id":"osm-way-121882983","properties":{"kind":"primaryRoad","name":"Central Expressway"},"geometry":{"type":"LineString","coordinates":[[103.842165,1.2895477],[103.8426131,1.2904169]]}},{"type":"Feature","id":"osm-way-121882984","properties":{"kind":"primaryRoad","name":"Central Expressway"},"geometry":{"type":"LineString","coordinates":[[103.8417145,1.2896142],[103.8418477,1.2898655],[103.8419472,1.2900427],[103.8421072,1.2903318],[103.842137,1.2903857]]}},{"type":"Feature","id":"osm-way-121882988","properties":{"kind":"primaryRoad","name":"Central Expressway"},"geometry":{"type":"LineString","coordinates":[[103.8414262,1.2883988],[103.8414117,1.2884758],[103.8414166,1.2885727],[103.8414736,1.2887075],[103.8416185,1.2889006],[103.8417897,1.2890984],[103.8421353,1.2895016]]}},{"type":"Feature","id":"osm-way-121882989","properties":{"kind":"primaryRoad","name":"Central Expressway"},"geometry":{"type":"LineString","coordinates":[[103.8416694,1.2887414],[103.8421353,1.2895016]]}},{"type":"Feature","id":"osm-way-121906567","properties":{"kind":"primaryRoad","name":""},"geometry":{"type":"LineString","coordinates":[[103.8615612,1.2928817],[103.86146,1.2930537],[103.8613735,1.2932922],[103.8612679,1.2936379],[103.8611242,1.2940679],[103.8610726,1.2941833]]}},{"type":"Feature","id":"osm-way-121906568","properties":{"kind":"primaryRoad","name":"East Coast Parkway"},"geometry":{"type":"LineString","coordinates":[[103.8612866,1.292907],[103.8612304,1.2932983],[103.8611722,1.2936402],[103.8611283,1.2938659],[103.8610726,1.2941833]]}},{"type":"Feature","id":"osm-way-121906570","properties":{"kind":"primaryRoad","name":"Sheares Avenue"},"geometry":{"type":"LineString","coordinates":[[103.8614244,1.2851322],[103.8614523,1.2862579],[103.8614708,1.2875907]]}},{"type":"Feature","id":"osm-way-121906574","properties":{"kind":"primaryRoad","name":""},"geometry":{"type":"LineString","coordinates":[[103.8617108,1.2948049],[103.861941,1.2945094],[103.8621514,1.2943309],[103.8624034,1.2941905],[103.8626746,1.2940826],[103.8629892,1.2940183],[103.8633201,1.2940016],[103.8643111,1.294069],[103.8646503,1.2941163],[103.865951,1.29429]]}},{"type":"Feature","id":"osm-way-122067627","properties":{"kind":"primaryRoad","name":"East Coast Parkway"},"geometry":{"type":"LineString","coordinates":[[103.8634011,1.2937288],[103.863677,1.2938241],[103.8640869,1.29391],[103.865951,1.29429]]}},{"type":"Feature","id":"osm-way-122067629","properties":{"kind":"primaryRoad","name":"East Coast Parkway"},"geometry":{"type":"LineString","coordinates":[[103.8634444,1.2936109],[103.8632464,1.2935408],[103.862989,1.2934073],[103.8627813,1.2932609],[103.8626207,1.2931307],[103.8624507,1.2929632],[103.8622855,1.2928015],[103.8621635,1.2926488],[103.861972,1.2922989],[103.8619015,1.2920751],[103.861835,1.29182],[103.8617887,1.2915915],[103.8617507,1.2912149],[103.861718,1.2906254]]}},{"type":"Feature","id":"osm-way-122067630","properties":{"kind":"primaryRoad","name":"East Coast Parkway"},"geometry":{"type":"LineString","coordinates":[[103.8616221,1.2906233],[103.8616495,1.2912127],[103.8616768,1.291501],[103.8617191,1.2917465],[103.8617718,1.2919664],[103.8618401,1.2921569],[103.8618912,1.2923218],[103.8619746,1.2925115],[103.8620897,1.292718],[103.862208,1.2928636],[103.8623505,1.2930275],[103.8624549,1.2931331],[103.862559,1.2932335],[103.8626746,1.29333],[103.8629035,1.2934901],[103.863154,1.2936243],[103.8634011,1.2937288]]}},{"type":"Feature","id":"osm-way-122067631","properties":{"kind":"primaryRoad","name":"East Coast Parkway"},"geometry":{"type":"LineString","coordinates":[[103.861718,1.2906254],[103.8616782,1.2896987],[103.8616756,1.2892446],[103.8616355,1.2884927],[103.8616214,1.2874411]]}},{"type":"Feature","id":"osm-way-125836766","properties":{"kind":"building","name":"Ying Fo Fui Kun"},"geometry":{"type":"Polygon","coordinates":[[[103.848326,1.282537],[103.8484924,1.2824125],[103.8485558,1.2824974],[103.8483894,1.2826218],[103.848326,1.282537]]]}},{"type":"Feature","id":"osm-way-125836771","properties":{"kind":"building","name":"Far East Square"},"geometry":{"type":"Polygon","coordinates":[[[103.8477027,1.2832714],[103.8476658,1.2832057],[103.8476249,1.2832291],[103.8474827,1.2829764],[103.8475149,1.2829563],[103.8474894,1.2829134],[103.8476269,1.2828329],[103.8480614,1.2825916],[103.8481486,1.2827364],[103.8480587,1.2827827],[103.8481057,1.2828665],[103.8479944,1.2829878],[103.8478918,1.2830689],[103.8477959,1.2831306],[103.8478321,1.2831929],[103.8477027,1.2832714]]]}},{"type":"Feature","id":"osm-way-125836966","properties":{"kind":"building","name":"Chinatown Point"},"geometry":{"type":"Polygon","coordinates":[[[103.8448254,1.2845472],[103.8450453,1.2849119],[103.8450664,1.284899],[103.8452702,1.2852317],[103.8452787,1.2852457],[103.8452572,1.2852605],[103.8454208,1.285534],[103.8454262,1.2855595],[103.8454302,1.2855876],[103.8454315,1.2856184],[103.8454289,1.2856465],[103.8454222,1.285676],[103.8454101,1.2857042],[103.845398,1.2857283],[103.8453859,1.2857511],[103.8453658,1.2857739],[103.8453484,1.28579],[103.8453243,1.2858101],[103.8452961,1.2858235],[103.8452679,1.2858356],[103.8452331,1.2858463],[103.8451968,1.285849],[103.84517,1.285849],[103.8451378,1.2858436],[103.8451057,1.2858316],[103.8450788,1.2858195],[103.8450587,1.2858047],[103.8450238,1.2857752],[103.8450064,1.2857538],[103.8449378,1.2856417],[103.8448847,1.2855547],[103.8447757,1.2853758],[103.8447798,1.2853728],[103.8448089,1.2853468],[103.8447932,1.2853195],[103.8447999,1.2852631],[103.8447757,1.2852578],[103.8447623,1.2852779],[103.8447449,1.2852926],[103.8447275,1.2853047],[103.844706,1.2853101],[103.8446859,1.2853101],[103.8446644,1.2853087],[103.844647,1.285302],[103.8446269,1.2852886],[103.8446135,1.2852685],[103.8446041,1.2852497],[103.844601,1.2852275],[103.8445732,1.2852082],[103.8445491,1.2851867],[103.8445263,1.2851612],[103.8445102,1.2851411],[103.8444955,1.2851183],[103.8444847,1.2850982],[103.8444753,1.2850728],[103.8444642,1.2850465],[103.8444592,1.2850218],[103.8444508,1.2849942],[103.844446,1.2849669],[103.8444431,1.2849353],[103.844415,1.2849279],[103.8444083,1.2849481],[103.8443452,1.2849333],[103.8443667,1.2848193],[103.8444267,1.2848293],[103.8444257,1.2848435],[103.8444552,1.2848515],[103.8444606,1.2848314],[103.8444659,1.2848113],[103.844474,1.2847925],[103.8444816,1.284777],[103.844491,1.2847569],[103.8448254,1.2845472]]]}},{"type":"Feature","id":"osm-way-125836967","properties":{"kind":"building","name":"Hong Lim Market and Food Centre"},"geometry":{"type":"Polygon","coordinates":[[[103.8454503,1.2852725],[103.8455302,1.2852233],[103.8458781,1.2850087],[103.8459613,1.2849574],[103.8460672,1.2851304],[103.8460891,1.285135],[103.8460965,1.2851476],[103.8460923,1.2851672],[103.8461933,1.2853342],[103.8456649,1.2856251],[103.8454503,1.2852725]]]}},{"type":"Feature","id":"osm-way-126012605","properties":{"kind":"road","name":"Circular Road"},"geometry":{"type":"LineString","coordinates":[[103.848839,1.2879567],[103.8488486,1.2879181],[103.8488619,1.2878511],[103.8488681,1.2878066],[103.8488728,1.2877542],[103.8488748,1.2876962],[103.8488782,1.2875853],[103.8488773,1.2873877],[103.848877,1.2873411]]}},{"type":"Feature","id":"osm-way-126016651","properties":{"kind":"road","name":"Middle Road"},"geometry":{"type":"LineString","coordinates":[[103.8572918,1.2955465],[103.8572048,1.2956],[103.8571845,1.2956125],[103.8569986,1.2957411]]}},{"type":"Feature","id":"osm-way-126520582","properties":{"kind":"building","name":"Pickering Operation Complex"},"geometry":{"type":"Polygon","coordinates":[[[103.847989,1.2851961],[103.8479769,1.2851934],[103.8479635,1.28518],[103.8479595,1.2851612],[103.8479689,1.2851492],[103.8479764,1.2851386],[103.8479876,1.2851371],[103.8480037,1.2851398],[103.8481287,1.285075],[103.8482518,1.2850111],[103.8482634,1.2850113],[103.8482733,1.2849977],[103.848284,1.2849936],[103.8482948,1.2849936],[103.8483055,1.2849936],[103.8483149,1.2850003],[103.8483216,1.2850097],[103.8483229,1.2850258],[103.8483229,1.2850473],[103.8483452,1.2850381],[103.848398,1.2851384],[103.8483699,1.2851518],[103.8483752,1.2851653],[103.8483881,1.2851641],[103.8483967,1.285172],[103.8484007,1.285188],[103.8484007,1.2852015],[103.8483873,1.2852149],[103.8480963,1.285353],[103.8480802,1.285365],[103.8480627,1.2853623],[103.8480493,1.2853543],[103.8480453,1.2853382],[103.8480493,1.2853261],[103.8480568,1.2853156],[103.8480507,1.2853034],[103.8480239,1.2853181],[103.8479729,1.2852189],[103.8479992,1.2852057],[103.847989,1.2851961]]]}},{"type":"Feature","id":"osm-way-126520585","properties":{"kind":"building","name":"Direct Asia"},"geometry":{"type":"Polygon","coordinates":[[[103.8475679,1.2867232],[103.8477202,1.2866497],[103.8477511,1.2866604],[103.8477783,1.2867044],[103.8476357,1.2867863],[103.8476121,1.2867983],[103.8475679,1.2867232]]]}},{"type":"Feature","id":"osm-way-126520589","properties":{"kind":"building","name":"Wong Shee Fun Building"},"geometry":{"type":"Polygon","coordinates":[[[103.847763,1.2869985],[103.8479103,1.2869144],[103.8479405,1.2869674],[103.8477933,1.2870515],[103.847763,1.2869985]]]}},{"type":"Feature","id":"osm-way-126520593","properties":{"kind":"building","name":"Poh Heng Building"},"geometry":{"type":"Polygon","coordinates":[[[103.8475026,1.2870135],[103.847404,1.2868268],[103.8475117,1.28677],[103.8475488,1.2867796],[103.8476357,1.2869207],[103.8476212,1.2869509],[103.8475026,1.2870135]]]}},{"type":"Feature","id":"osm-way-127219021","properties":{"kind":"road","name":"Queen Street"},"geometry":{"type":"LineString","coordinates":[[103.8501005,1.2954538],[103.8502178,1.2956069],[103.8503447,1.2957886]]}},{"type":"Feature","id":"osm-way-127219027","properties":{"kind":"primaryRoad","name":"Stamford Road"},"geometry":{"type":"LineString","coordinates":[[103.8501005,1.2954538],[103.8501542,1.2956288],[103.850167,1.2957264],[103.8501551,1.2957919],[103.8501379,1.2958404],[103.8500815,1.2959029],[103.8499393,1.2960308],[103.8498669,1.2960857],[103.8497607,1.2961709],[103.8496188,1.2962732],[103.8495955,1.2962989],[103.8495715,1.2963588],[103.8495213,1.2964195],[103.8494384,1.2965304],[103.8492526,1.2968242]]}},{"type":"Feature","id":"osm-way-127348515","properties":{"kind":"building","name":"The Bible House"},"geometry":{"type":"Polygon","coordinates":[[[103.8484785,1.2938279],[103.8486904,1.2934646],[103.8487024,1.2934539],[103.8487279,1.2934431],[103.8487494,1.2934378],[103.8487775,1.2934378],[103.8488084,1.2934445],[103.8488358,1.2934641],[103.8489117,1.2935786],[103.8489082,1.2936062],[103.8484785,1.2938279]]]}},{"type":"Feature","id":"osm-way-127348516","properties":{"kind":"building","name":"Vanguard Building"},"geometry":{"type":"Polygon","coordinates":[[[103.8500052,1.2947407],[103.8498742,1.2948125],[103.8498419,1.29482],[103.8498084,1.2948094],[103.8497882,1.2947868],[103.8496511,1.2945363],[103.8498375,1.2944343],[103.8500052,1.2947407]]]}},{"type":"Feature","id":"osm-way-127348519","properties":{"kind":"building","name":"Stamford Place"},"geometry":{"type":"Polygon","coordinates":[[[103.8498606,1.2937616],[103.8499199,1.2937301],[103.8499847,1.2937555],[103.8500399,1.2939082],[103.8503483,1.2944738],[103.8503267,1.2945508],[103.8500845,1.2946908],[103.8500487,1.2946818],[103.8499339,1.294473],[103.8499191,1.2944459],[103.8499289,1.2944093],[103.8501466,1.294278],[103.8499887,1.2939954],[103.8498606,1.2937616]]]}},{"type":"Feature","id":"osm-way-127348523","properties":{"kind":"building","name":"The Substation"},"geometry":{"type":"Polygon","coordinates":[[[103.8489623,1.2945227],[103.8489973,1.2945044],[103.8491397,1.2944313],[103.8492388,1.2943806],[103.8492689,1.2943653],[103.8493041,1.294347],[103.8493328,1.2943317],[103.8493906,1.29444],[103.8491919,1.2945459],[103.8490221,1.2946361],[103.8489883,1.2945724],[103.8489623,1.2945227]]]}},{"type":"Feature","id":"osm-way-127348525","properties":{"kind":"building","name":"Wilmer Place"},"geometry":{"type":"Polygon","coordinates":[[[103.8496511,1.2945363],[103.8495199,1.2942962],[103.8497023,1.2941943],[103.8498375,1.2944343],[103.8496511,1.2945363]]]}},{"type":"Feature","id":"osm-way-127348526","properties":{"kind":"building","name":"Peranakan Museum"},"geometry":{"type":"Polygon","coordinates":[[[103.8489126,1.2942593],[103.8489982,1.2942102],[103.8490263,1.2942591],[103.849037,1.2942529],[103.8490081,1.2942026],[103.8491751,1.2941069],[103.8492007,1.2941138],[103.849213,1.294142],[103.8492073,1.2941659],[103.8491862,1.2941777],[103.8492093,1.2942188],[103.8492305,1.2942563],[103.8492513,1.2942445],[103.8492753,1.2942537],[103.8492888,1.2942794],[103.849286,1.2943034],[103.8491194,1.2943991],[103.8490897,1.2943475],[103.8490764,1.2943552],[103.8491061,1.294407],[103.8490254,1.2944533],[103.8489922,1.2943954],[103.8489733,1.2944063],[103.8489253,1.2943227],[103.8489432,1.2943125],[103.8489126,1.2942593]]]}},{"type":"Feature","id":"osm-way-136853818","properties":{"kind":"building","name":"Lee Kong Chian School of Business"},"geometry":{"type":"Polygon","coordinates":[[[103.8503607,1.2956238],[103.8500132,1.2951008],[103.8501938,1.2949767],[103.8503585,1.2949622],[103.8504711,1.2948281],[103.8505355,1.2947691],[103.8510939,1.2953624],[103.8509464,1.2954941],[103.8508556,1.2955598],[103.8506806,1.2953773],[103.8506421,1.2953609],[103.8506002,1.2953707],[103.8504709,1.2954606],[103.8505125,1.2955208],[103.8503607,1.2956238]]]}},{"type":"Feature","id":"osm-way-136853913","properties":{"kind":"building","name":"School of Accountancy"},"geometry":{"type":"Polygon","coordinates":[[[103.8494932,1.29612],[103.8494695,1.2960941],[103.8494597,1.2960674],[103.8494792,1.2959266],[103.8494848,1.2959243],[103.8495044,1.2958507],[103.8494883,1.2958296],[103.8495373,1.2956592],[103.8495455,1.2956688],[103.8495563,1.2956486],[103.8496417,1.2957501],[103.8496742,1.2957231],[103.8496486,1.2956906],[103.849685,1.2956604],[103.8497103,1.2956933],[103.8497464,1.2956634],[103.8496225,1.2955108],[103.8496321,1.295492],[103.8496289,1.2954891],[103.8496425,1.2954633],[103.8496362,1.2954558],[103.8496966,1.2953784],[103.8497647,1.2952999],[103.8500789,1.2957174],[103.8499736,1.2957947],[103.8499407,1.2958142],[103.8499268,1.2958105],[103.8499377,1.2958287],[103.8498635,1.2958874],[103.8498534,1.2958742],[103.8498019,1.2959462],[103.8497921,1.2959294],[103.8497353,1.2960046],[103.8496756,1.2960566],[103.8495774,1.2961246],[103.8495317,1.2961387],[103.8494932,1.29612]]]}},{"type":"Feature","id":"osm-way-136854009","properties":{"kind":"building","name":"SMU Administration Building"},"geometry":{"type":"Polygon","coordinates":[[[103.8519637,1.2966743],[103.8519261,1.2966442],[103.851898,1.2966104],[103.8516667,1.2963325],[103.8518107,1.2962126],[103.8518344,1.2962411],[103.8518659,1.2962149],[103.8520915,1.2964861],[103.852144,1.2965358],[103.8519637,1.2966743]]]}},{"type":"Feature","id":"osm-way-140398082","properties":{"kind":"primaryRoad","name":"Republic Boulevard"},"geometry":{"type":"LineString","coordinates":[[103.8623188,1.2969707],[103.8623824,1.2970512],[103.8624423,1.2970977],[103.8625207,1.2971518],[103.8625376,1.2971676],[103.862548,1.2971764],[103.8625681,1.2971912],[103.8627014,1.2972768]]}},{"type":"Feature","id":"osm-way-140398093","properties":{"kind":"primaryRoad","name":"Republic Boulevard"},"geometry":{"type":"LineString","coordinates":[[103.8608743,1.2958257],[103.8609469,1.2957625],[103.8610145,1.2957425],[103.8610902,1.2957532],[103.8611392,1.2957747],[103.8613015,1.2959232],[103.8613824,1.2959964],[103.8614462,1.2960542],[103.8615026,1.2960994],[103.8615529,1.2961533],[103.8616463,1.2962387],[103.8617189,1.2963082]]}},{"type":"Feature","id":"osm-way-140573032","properties":{"kind":"primaryRoad","name":"Cross Street"},"geometry":{"type":"LineString","coordinates":[[103.8509598,1.2808088],[103.850383,1.2811671],[103.8503193,1.281207]]}},{"type":"Feature","id":"osm-way-140578591","properties":{"kind":"park","name":""},"geometry":{"type":"Polygon","coordinates":[[[103.8546535,1.278118],[103.854131,1.2773272],[103.8541265,1.2773192],[103.8533302,1.2761122],[103.8546519,1.275264],[103.8552741,1.27626],[103.8559019,1.2772648],[103.8546535,1.278118]]]}},{"type":"Feature","id":"osm-way-146335667","properties":{"kind":"building","name":"Samsung"},"geometry":{"type":"Polygon","coordinates":[[[103.8496307,1.283635],[103.8495599,1.2835889],[103.8495497,1.2835561],[103.8493507,1.2833817],[103.8493394,1.2833581],[103.8493555,1.2833091],[103.849573,1.2830527],[103.8496249,1.2829915],[103.8497239,1.2830722],[103.8497655,1.2830212],[103.8499301,1.2831552],[103.8498509,1.2832578],[103.8498215,1.2832997],[103.8498256,1.283314],[103.8498205,1.2833366],[103.8496307,1.283635]]]}},{"type":"Feature","id":"osm-way-147102973","properties":{"kind":"building","name":"Tan Si Chong Su"},"geometry":{"type":"Polygon","coordinates":[[[103.8429292,1.2892157],[103.8429676,1.28929],[103.8427997,1.2893767],[103.842793,1.2893639],[103.842764,1.2893788],[103.8427407,1.2893338],[103.8427739,1.2893166],[103.8427654,1.2893002],[103.8429292,1.2892157]]]}},{"type":"Feature","id":"osm-way-147102974","properties":{"kind":"building","name":"The Riverside Piazza"},"geometry":{"type":"Polygon","coordinates":[[[103.8442379,1.2885057],[103.8439167,1.2887833],[103.8438631,1.2887846],[103.8438159,1.2887309],[103.8437142,1.2886083],[103.843553,1.288414],[103.8435655,1.2883621],[103.8439456,1.2881327],[103.844009,1.2882048],[103.8439849,1.2882322],[103.8438454,1.2883136],[103.8438601,1.2883301],[103.8438236,1.288356],[103.8438068,1.2883353],[103.8437656,1.2883872],[103.8437294,1.2884067],[103.8437146,1.2883906],[103.8436784,1.2884174],[103.8436938,1.2884382],[103.8436502,1.2884764],[103.8437395,1.2885861],[103.8438418,1.2884993],[103.8438771,1.2885394],[103.8440189,1.2884279],[103.8439714,1.288369],[103.8440393,1.2883105],[103.8440509,1.2883209],[103.8440829,1.2882886],[103.8441921,1.2884065],[103.8442358,1.2884533],[103.8442379,1.2885057]]]}},{"type":"Feature","id":"osm-way-147104298","properties":{"kind":"building","name":"Old Thong Chai Medical Institution"},"geometry":{"type":"Polygon","coordinates":[[[103.845136,1.2875248],[103.8456071,1.2872544],[103.8456576,1.2872276],[103.845749,1.2873602],[103.8453178,1.2876381],[103.8452847,1.2876595],[103.8452745,1.2876517],[103.8452164,1.2875919],[103.8451953,1.2876065],[103.845136,1.2875248]]]}},{"type":"Feature","id":"osm-way-147104299","properties":{"kind":"building","name":"Masjid Omar Kampung Melaka"},"geometry":{"type":"Polygon","coordinates":[[[103.844255,1.2880508],[103.8441369,1.2879545],[103.8441905,1.2879066],[103.8441475,1.2878106],[103.8442832,1.287746],[103.8442689,1.2877169],[103.8443449,1.2876374],[103.8444065,1.287604],[103.8444845,1.2877085],[103.8445164,1.2876886],[103.8445369,1.2877205],[103.8445006,1.2877605],[103.8445275,1.2878089],[103.8443653,1.2878859],[103.8444047,1.2879625],[103.844255,1.2880508]]]}},{"type":"Feature","id":"osm-way-149965078","properties":{"kind":"road","name":"Banda Street"},"geometry":{"type":"LineString","coordinates":[[103.8436001,1.2811542],[103.8433473,1.2807558]]}},{"type":"Feature","id":"osm-way-149965081","properties":{"kind":"primaryRoad","name":""},"geometry":{"type":"LineString","coordinates":[[103.8455703,1.2866833],[103.845555,1.2864995],[103.8455556,1.2864848],[103.8455825,1.2863916],[103.8456171,1.2863146]]}},{"type":"Feature","id":"osm-way-149965084","properties":{"kind":"road","name":"New Market Road"},"geometry":{"type":"LineString","coordinates":[[103.8450734,1.2875484],[103.8451134,1.2875851],[103.8451217,1.2875927],[103.8451954,1.2876743],[103.845216,1.2876986],[103.8453047,1.2877969]]}},{"type":"Feature","id":"osm-way-149965085","properties":{"kind":"road","name":""},"geometry":{"type":"LineString","coordinates":[[103.8450586,1.2887064],[103.8450696,1.2888502]]}},{"type":"Feature","id":"osm-way-149965087","properties":{"kind":"road","name":"Teck Lim Road"},"geometry":{"type":"LineString","coordinates":[[103.842066,1.2800148],[103.8418521,1.2803507]]}},{"type":"Feature","id":"osm-way-149965088","properties":{"kind":"road","name":"Clarke Quay"},"geometry":{"type":"LineString","coordinates":[[103.844157,1.2911196],[103.8441156,1.2911459],[103.8439924,1.2912301],[103.8438766,1.2912992]]}},{"type":"Feature","id":"osm-way-149965102","properties":{"kind":"road","name":"Boat Quay"},"geometry":{"type":"LineString","coordinates":[[103.8492634,1.2887759],[103.8492752,1.2887213],[103.849337,1.2884676]]}},{"type":"Feature","id":"osm-way-149965108","properties":{"kind":"road","name":"Boat Quay"},"geometry":{"type":"LineString","coordinates":[[103.8480544,1.2895005],[103.8483432,1.2893737],[103.848702,1.2891907],[103.8488677,1.2891139]]}},{"type":"Feature","id":"osm-way-149993827","properties":{"kind":"road","name":"Marina Gardens Drive"},"geometry":{"type":"LineString","coordinates":[[103.8701666,1.2791138],[103.8700447,1.2792368],[103.8699529,1.2793055],[103.869815,1.2794093],[103.8697186,1.2794789],[103.869634,1.2795342],[103.8695055,1.279616],[103.86936,1.2797023],[103.8692419,1.2797689]]}},{"type":"Feature","id":"osm-way-150003054","properties":{"kind":"road","name":"Marina Gardens Drive"},"geometry":{"type":"LineString","coordinates":[[103.8694465,1.2797839],[103.86955,1.27972],[103.8695998,1.2796901]]}},{"type":"Feature","id":"osm-way-150004135","properties":{"kind":"road","name":"Marina Gardens Drive"},"geometry":{"type":"LineString","coordinates":[[103.8692419,1.2797689],[103.8691368,1.2798298],[103.8689533,1.2799283]]}},{"type":"Feature","id":"osm-way-150009788","properties":{"kind":"primaryRoad","name":"Marina Boulevard"},"geometry":{"type":"LineString","coordinates":[[103.8558831,1.279671],[103.8570136,1.2789419],[103.8570906,1.2788922]]}},{"type":"Feature","id":"osm-way-150045533","properties":{"kind":"road","name":"Straits View"},"geometry":{"type":"LineString","coordinates":[[103.8531601,1.2792144],[103.8530876,1.2791],[103.8527938,1.2786314],[103.852748,1.2785577]]}},{"type":"Feature","id":"osm-way-150396839","properties":{"kind":"primaryRoad","name":"Sheares Avenue"},"geometry":{"type":"LineString","coordinates":[[103.8616214,1.2874411],[103.8615972,1.2862499],[103.8615878,1.2858262]]}},{"type":"Feature","id":"osm-way-150819013","properties":{"kind":"building","name":"Marina Barrage Pump House"},"geometry":{"type":"Polygon","coordinates":[[[103.8701973,1.2798666],[103.8702505,1.2798114],[103.870418,1.2797326],[103.870647,1.2796957],[103.8708258,1.2797248],[103.8709972,1.2797937],[103.8711253,1.2798961],[103.8712396,1.2800143],[103.8713499,1.2801857],[103.8713952,1.2803393],[103.8713934,1.2804747],[103.8713266,1.2805837],[103.8712819,1.2807194],[103.8711968,1.2808596],[103.8709814,1.2811743],[103.8707661,1.2814636],[103.870585,1.2816719],[103.8704171,1.28153],[103.8702939,1.2814254],[103.8702842,1.2814122],[103.8702325,1.2813489],[103.8701828,1.2812672],[103.8701522,1.2811967],[103.8701376,1.2811426],[103.8701191,1.2810733],[103.8701121,1.280985],[103.8701471,1.2808288],[103.8702017,1.2806924],[103.8702692,1.2805649],[103.8703495,1.2804669],[103.8704323,1.2803851],[103.8705283,1.2803196],[103.8706347,1.2802753],[103.8707352,1.2802743],[103.8707904,1.2803019],[103.8707569,1.2803428],[103.8707125,1.2803216],[103.870651,1.280332],[103.8705598,1.2803768],[103.8704717,1.2804423],[103.8703929,1.2805161],[103.8703205,1.2806131],[103.8702599,1.2807249],[103.8702047,1.2808441],[103.8701712,1.2809859],[103.8701914,1.2810445],[103.8702343,1.2811061],[103.8703096,1.281141],[103.8703712,1.2811386],[103.8704357,1.2811154],[103.8705219,1.2810559],[103.8706175,1.2809761],[103.8706884,1.2808943],[103.8707273,1.2808495],[103.8707909,1.2807614],[103.870845,1.2806639],[103.8708798,1.2805704],[103.870883,1.2805619],[103.8708913,1.2804974],[103.8708879,1.2804309],[103.870814,1.2803088],[103.8707391,1.2802625],[103.8706357,1.2802546],[103.8705135,1.2802931],[103.8704131,1.280359],[103.8703278,1.2804432],[103.8702466,1.2805422],[103.8701761,1.2806747],[103.870116,1.2808126],[103.8700579,1.2809554],[103.8697309,1.2816353],[103.8692679,1.2808998],[103.8704158,1.2802161],[103.8704511,1.2801902],[103.8705739,1.2801496],[103.87067,1.2801463],[103.8707606,1.2801761],[103.8708334,1.280218],[103.8708732,1.280165],[103.8708103,1.2801198],[103.8706843,1.2800789],[103.8705518,1.28008],[103.8704214,1.2801326],[103.8704129,1.2801162],[103.8703963,1.2801033],[103.8703806,1.2801026],[103.8701973,1.2798666]]]}},{"type":"Feature","id":"osm-way-150819029","properties":{"kind":"road","name":"Rhu Cross"},"geometry":{"type":"LineString","coordinates":[[103.8679895,1.2958252],[103.8679472,1.2959664],[103.8679026,1.2960622],[103.8678228,1.2962365]]}},{"type":"Feature","id":"osm-way-151679595","properties":{"kind":"road","name":"Duxton Hill"},"geometry":{"type":"LineString","coordinates":[[103.8422508,1.2779398],[103.842269,1.2779521],[103.8422817,1.2779592],[103.8423628,1.2780043]]}},{"type":"Feature","id":"osm-way-152783801","properties":{"kind":"primaryRoad","name":"Raffles Avenue"},"geometry":{"type":"LineString","coordinates":[[103.8609857,1.2895592],[103.8608765,1.289565]]}},{"type":"Feature","id":"osm-way-155096472","properties":{"kind":"road","name":"Handy Road"},"geometry":{"type":"LineString","coordinates":[[103.847275,1.2992878],[103.8473534,1.2992368],[103.8474025,1.299165],[103.8474329,1.2990924]]}},{"type":"Feature","id":"osm-way-155907158","properties":{"kind":"primaryRoad","name":"Bras Basah Road"},"geometry":{"type":"LineString","coordinates":[[103.8534533,1.2948623],[103.8538919,1.2945341],[103.8540128,1.294437]]}},{"type":"Feature","id":"osm-way-155907159","properties":{"kind":"road","name":"North Bridge Road"},"geometry":{"type":"LineString","coordinates":[[103.8526368,1.2944621],[103.8524064,1.2940995],[103.8523864,1.2940681],[103.8522579,1.2938721]]}},{"type":"Feature","id":"osm-way-155907160","properties":{"kind":"road","name":"Saint Andrew's Road"},"geometry":{"type":"LineString","coordinates":[[103.8524294,1.2909086],[103.8525268,1.2910839]]}},{"type":"Feature","id":"osm-way-155907163","properties":{"kind":"road","name":"Coleman Street"},"geometry":{"type":"LineString","coordinates":[[103.8509674,1.2917649],[103.8508896,1.2918098],[103.8506596,1.2919359],[103.8503731,1.292092]]}},{"type":"Feature","id":"osm-way-155980025","properties":{"kind":"building","name":"Saint Andrew's Cathedral"},"geometry":{"type":"Polygon","coordinates":[[[103.8520421,1.2925497],[103.8520454,1.292551],[103.8520477,1.2925533],[103.8520484,1.2925564],[103.8520475,1.2925595],[103.8520452,1.2925617],[103.852042,1.2925624],[103.852039,1.2925614],[103.8520368,1.292559],[103.8520362,1.2925559],[103.8520371,1.2925525],[103.851998,1.2924808],[103.8519952,1.29248],[103.8519931,1.2924777],[103.8519924,1.2924746],[103.8519933,1.2924716],[103.8519955,1.2924695],[103.8519986,1.2924688],[103.8520016,1.2924696],[103.8520038,1.2924718],[103.8520046,1.2924749],[103.8520034,1.2924779],[103.8520911,1.2924301],[103.8520725,1.2923945],[103.852082,1.2923893],[103.8520755,1.2923775],[103.852086,1.2923718],[103.8520925,1.2923835],[103.8521546,1.2923496],[103.8521395,1.2923221],[103.8521266,1.2923292],[103.8521223,1.2923213],[103.8521352,1.2923142],[103.8521196,1.2922858],[103.8521067,1.2922929],[103.8521028,1.2922858],[103.8521158,1.2922787],[103.8521001,1.29225],[103.8520871,1.2922571],[103.8520835,1.2922505],[103.8520965,1.2922434],[103.852081,1.2922153],[103.8520681,1.2922224],[103.8520643,1.2922155],[103.8520773,1.2922084],[103.8520533,1.2921647],[103.8520846,1.2921475],[103.8520444,1.2920741],[103.8520182,1.2920714],[103.85202,1.2920535],[103.8520472,1.292056],[103.8520903,1.2920324],[103.8521265,1.2920126],[103.8521289,1.2919943],[103.8521481,1.2919969],[103.8521457,1.2920152],[103.8521874,1.2920913],[103.8522089,1.2920795],[103.8522338,1.2921249],[103.8522467,1.2921178],[103.8522504,1.2921246],[103.8522375,1.2921317],[103.8522523,1.2921588],[103.8522653,1.2921517],[103.8522686,1.2921577],[103.8522556,1.2921648],[103.8522715,1.2921938],[103.8522845,1.2921867],[103.8522882,1.2921936],[103.8522753,1.2922007],[103.852291,1.2922293],[103.8523039,1.2922222],[103.8523078,1.2922293],[103.8522948,1.2922364],[103.8523102,1.2922644],[103.8523704,1.2922314],[103.8523639,1.2922196],[103.8523734,1.2922144],[103.8523799,1.2922262],[103.8523854,1.2922232],[103.852404,1.2922598],[103.8524867,1.2922147],[103.852484,1.292214],[103.8524816,1.2922119],[103.8524807,1.2922088],[103.8524815,1.2922056],[103.8524837,1.2922033],[103.8524868,1.2922025],[103.8524899,1.2922033],[103.8524922,1.2922056],[103.852493,1.2922087],[103.8524921,1.2922118],[103.8525311,1.2922835],[103.8525343,1.2922847],[103.8525365,1.292287],[103.8525373,1.2922902],[103.8525364,1.2922932],[103.852534,1.2922954],[103.8525309,1.2922962],[103.8525278,1.2922952],[103.8525257,1.2922928],[103.852525,1.2922896],[103.8525257,1.2922864],[103.8524437,1.2923311],[103.8524675,1.2923732],[103.8524551,1.29238],[103.8524616,1.2923918],[103.8524545,1.2923957],[103.852448,1.2923839],[103.8523857,1.292418],[103.8524011,1.2924461],[103.8524109,1.2924407],[103.8524208,1.2924589],[103.8524111,1.2924642],[103.8524262,1.2924919],[103.8524359,1.2924866],[103.8524441,1.2925015],[103.8524344,1.2925068],[103.8524407,1.2925184],[103.8524284,1.2925251],[103.852422,1.2925135],[103.8523949,1.2925283],[103.8524061,1.2925488],[103.8524226,1.2925487],[103.8524227,1.2925589],[103.8524055,1.2925591],[103.8523993,1.292581],[103.8524145,1.2925916],[103.8524092,1.292599],[103.8523942,1.2925883],[103.8523732,1.2925998],[103.852379,1.2926165],[103.8523695,1.2926198],[103.8523633,1.2926019],[103.8523411,1.2925957],[103.8523374,1.2926084],[103.8523276,1.2926054],[103.8523317,1.292593],[103.852319,1.2925698],[103.8522943,1.2925835],[103.8523006,1.292595],[103.8522916,1.2926],[103.8522853,1.2925884],[103.8522738,1.2925945],[103.8522661,1.2925805],[103.8522776,1.2925742],[103.8522626,1.2925469],[103.8522511,1.2925532],[103.8522406,1.2925339],[103.8522521,1.2925276],[103.8522367,1.2924995],[103.8522191,1.2925097],[103.8521851,1.2925271],[103.852173,1.2925344],[103.8521794,1.2925462],[103.8521694,1.2925517],[103.852163,1.2925399],[103.8521546,1.2925445],[103.8521324,1.2925006],[103.8520421,1.2925497]]]}},{"type":"Feature","id":"osm-way-155986465","properties":{"kind":"building","name":"Saint Joseph Church"},"geometry":{"type":"Polygon","coordinates":[[[103.8533563,1.2983258],[103.8533198,1.2983553],[103.8533109,1.2983443],[103.8531507,1.2984739],[103.8532179,1.2985569],[103.8531241,1.2986328],[103.8530569,1.2985498],[103.8530152,1.2985835],[103.8529376,1.2985769],[103.8528862,1.2985135],[103.8528965,1.2984368],[103.8529382,1.2984031],[103.8528775,1.298328],[103.8529713,1.2982522],[103.853032,1.2983272],[103.8531922,1.2981977],[103.8531837,1.2981871],[103.8532202,1.2981576],[103.8532372,1.2981787],[103.8532535,1.2981655],[103.8532659,1.2981808],[103.8532622,1.2981838],[103.8532986,1.2982289],[103.8533393,1.2982791],[103.853343,1.2982761],[103.853354,1.2982897],[103.8533377,1.2983028],[103.8533563,1.2983258]]]}},{"type":"Feature","id":"osm-way-155986466","properties":{"kind":"building","name":"Cathedral of the Good Shepherd"},"geometry":{"type":"Polygon","coordinates":[[[103.8514588,1.2960814],[103.8513444,1.2961681],[103.851295,1.2961029],[103.851233,1.2961499],[103.8512582,1.296183],[103.8512009,1.2962265],[103.8511757,1.2961933],[103.8510382,1.2962976],[103.850986,1.2962288],[103.8509345,1.2961609],[103.851072,1.2960566],[103.8510472,1.2960238],[103.8511044,1.2959804],[103.8511293,1.2960132],[103.8511913,1.2959662],[103.8511416,1.2959007],[103.851256,1.2958141],[103.8513056,1.2958795],[103.8513766,1.2958257],[103.8514803,1.2959624],[103.8514093,1.2960162],[103.8514588,1.2960814]]]}},{"type":"Feature","id":"osm-way-155986468","properties":{"kind":"building","name":"Church of Saints Peter and Paul"},"geometry":{"type":"Polygon","coordinates":[[[103.8511217,1.2980269],[103.851129,1.2980046],[103.8511068,1.2979796],[103.8511135,1.2979737],[103.8510826,1.2979388],[103.851187,1.2978463],[103.8512083,1.2978704],[103.8513404,1.2977533],[103.8513499,1.2977641],[103.851443,1.2976817],[103.8515168,1.2977649],[103.8514237,1.2978474],[103.8514332,1.297858],[103.8513011,1.297975],[103.851326,1.2980031],[103.8512217,1.2980956],[103.8511873,1.2980569],[103.8511806,1.2980628],[103.8511623,1.2980421],[103.8511408,1.2980486],[103.8511217,1.2980269]]]}},{"type":"Feature","id":"osm-way-155987123","properties":{"kind":"primaryRoad","name":""},"geometry":{"type":"LineString","coordinates":[[103.8553292,1.2934669],[103.8555354,1.2934257],[103.8557383,1.2934386],[103.8558215,1.2934626],[103.8559207,1.2935082],[103.8559959,1.2935603],[103.8560902,1.2936106]]}},{"type":"Feature","id":"osm-way-155988210","properties":{"kind":"building","name":"Centennial Tower"},"geometry":{"type":"Polygon","coordinates":[[[103.8605938,1.2933537],[103.860592,1.2933594],[103.8605816,1.2933826],[103.8605726,1.2934028],[103.8605526,1.2934381],[103.8605356,1.2934636],[103.8605176,1.2934871],[103.8604938,1.2935141],[103.8604595,1.2935426],[103.8604387,1.2935567],[103.860415,1.2935708],[103.8604078,1.2935587],[103.8603996,1.2935527],[103.8603855,1.293552],[103.8603694,1.293554],[103.8603589,1.2935587],[103.8603493,1.2935654],[103.8603401,1.2935768],[103.8603374,1.2935875],[103.8603394,1.2935982],[103.8603448,1.2936083],[103.8603327,1.2936177],[103.8603039,1.2936337],[103.8602839,1.2936411],[103.860265,1.2936467],[103.8602261,1.2936545],[103.8601927,1.2936586],[103.8601595,1.2936603],[103.8601356,1.2936595],[103.8601141,1.2936588],[103.8600805,1.2936548],[103.8600621,1.2936521],[103.8600645,1.2936411],[103.8600732,1.2936425],[103.860073,1.2936238],[103.8600431,1.2936177],[103.8600397,1.2935922],[103.860033,1.2935781],[103.860025,1.293562],[103.860016,1.2935493],[103.8600048,1.2935372],[103.8599926,1.2935272],[103.860002,1.2935044],[103.8599852,1.2934944],[103.859982,1.293499],[103.8599698,1.2934957],[103.8599843,1.2934574],[103.8600003,1.2934249],[103.8600248,1.2933847],[103.8600424,1.2933605],[103.860063,1.2933357],[103.86009,1.2933126],[103.8601208,1.2932905],[103.8601517,1.2932704],[103.8601611,1.2932838],[103.8601758,1.2932872],[103.8601899,1.2932865],[103.8602047,1.2932825],[103.8602181,1.2932711],[103.8602259,1.2932597],[103.8602293,1.293243],[103.8602234,1.2932308],[103.8602677,1.2932094],[103.8603099,1.2931946],[103.8603609,1.2931819],[103.8604088,1.2931782],[103.8604532,1.2931798],[103.8604838,1.2931833],[103.8605011,1.2931866],[103.8605022,1.2932001],[103.860487,1.2932007],[103.8604874,1.2932175],[103.8605212,1.2932228],[103.8605232,1.2932429],[103.8605299,1.293263],[103.8605391,1.2932799],[103.8605505,1.2932953],[103.8605692,1.293312],[103.8605599,1.2933409],[103.8605741,1.2933555],[103.8605786,1.2933482],[103.8605938,1.2933537]]]}},{"type":"Feature","id":"osm-way-156457347","properties":{"kind":"primaryRoad","name":"Stamford Road"},"geometry":{"type":"LineString","coordinates":[[103.854655,1.291663],[103.854467,1.2918487]]}},{"type":"Feature","id":"osm-way-159677768","properties":{"kind":"primaryRoad","name":"Fort Canning Link"},"geometry":{"type":"LineString","coordinates":[[103.8488951,1.2955082],[103.8485056,1.295791],[103.8475371,1.2968974],[103.8464812,1.2976566]]}},{"type":"Feature","id":"osm-way-159679951","properties":{"kind":"building","name":"North Bridge Centre"},"geometry":{"type":"Polygon","coordinates":[[[103.8548234,1.2969],[103.8552014,1.2973836],[103.855196,1.2974212],[103.8550975,1.2974993],[103.8549835,1.2974846],[103.854895,1.2973626],[103.854897,1.2973273],[103.8548819,1.2973067],[103.8547452,1.29712],[103.8546918,1.2970471],[103.8546978,1.2969751],[103.8547904,1.2969013],[103.8548234,1.2969]]]}},{"type":"Feature","id":"osm-way-159938518","properties":{"kind":"road","name":"Raffles Link"},"geometry":{"type":"LineString","coordinates":[[103.8561247,1.2921064],[103.8561314,1.2921271]]}},{"type":"Feature","id":"osm-way-160588637","properties":{"kind":"road","name":"Bayfront Avenue"},"geometry":{"type":"LineString","coordinates":[[103.8609981,1.2891903],[103.860901,1.2858569]]}},{"type":"Feature","id":"osm-way-160588639","properties":{"kind":"road","name":"Bayfront Avenue"},"geometry":{"type":"LineString","coordinates":[[103.8607537,1.285533],[103.8608723,1.2886893]]}},{"type":"Feature","id":"osm-way-160588641","properties":{"kind":"road","name":"Bayfront Avenue"},"geometry":{"type":"LineString","coordinates":[[103.8608867,1.2891846],[103.8608799,1.2894393],[103.8608765,1.289565]]}},{"type":"Feature","id":"osm-way-160588642","properties":{"kind":"road","name":"Bayfront Avenue"},"geometry":{"type":"LineString","coordinates":[[103.8608914,1.2855271],[103.8608828,1.2854291]]}},{"type":"Feature","id":"osm-way-161576057","properties":{"kind":"building","name":"JDMIS - Jewellery Design and Management International School"},"geometry":{"type":"Polygon","coordinates":[[[103.8529181,1.2987327],[103.8529936,1.2986711],[103.853045,1.2987337],[103.8531244,1.2988313],[103.8530646,1.2988801],[103.8530489,1.2988929],[103.8529181,1.2987327]]]}},{"type":"Feature","id":"osm-way-162525603","properties":{"kind":"road","name":"The Helix"},"geometry":{"type":"LineString","coordinates":[[103.8605212,1.2871603],[103.8605815,1.2871509],[103.8606833,1.2871419]]}},{"type":"Feature","id":"osm-way-162525974","properties":{"kind":"road","name":"Olympic Walk"},"geometry":{"type":"LineString","coordinates":[[103.8570913,1.2820318],[103.8570407,1.2820758],[103.8570123,1.2821327],[103.8570028,1.2821942],[103.8570107,1.2822621],[103.8570375,1.2823347],[103.8572744,1.2825952],[103.8576281,1.2828791],[103.8577005,1.2829788],[103.8581471,1.2835936],[103.8581749,1.2837759],[103.8582284,1.2841259],[103.8584615,1.2844143],[103.8586446,1.28458],[103.8588296,1.2848081],[103.8588707,1.2849375]]}},{"type":"Feature","id":"osm-way-164177174","properties":{"kind":"building","name":"Evershine & Century Complex"},"geometry":{"type":"Polygon","coordinates":[[[103.8558868,1.2965433],[103.8557855,1.2964164],[103.8559985,1.2962465],[103.8561009,1.2963748],[103.8560642,1.2964036],[103.8558868,1.2965433]]]}},{"type":"Feature","id":"osm-way-164177180","properties":{"kind":"building","name":"Wework Beach Centre"},"geometry":{"type":"Polygon","coordinates":[[[103.8555653,1.2961081],[103.8552648,1.295693],[103.8554209,1.295572],[103.8554748,1.2955774],[103.8554983,1.2955797],[103.8557288,1.2959082],[103.8557052,1.296003],[103.8555653,1.2961081]]]}},{"type":"Feature","id":"osm-way-164180065","properties":{"kind":"building","name":"Wilby Central"},"geometry":{"type":"Polygon","coordinates":[[[103.852711,1.2982519],[103.8525625,1.2980722],[103.8524753,1.2979667],[103.8526472,1.2978268],[103.8528768,1.2981057],[103.8528042,1.2981698],[103.852711,1.2982519]]]}},{"type":"Feature","id":"osm-way-164180066","properties":{"kind":"building","name":"Grace (Singapore Chinese Christian) Church"},"geometry":{"type":"Polygon","coordinates":[[[103.852377,1.297941],[103.8522719,1.2978134],[103.8525055,1.2976227],[103.8526105,1.2977565],[103.852377,1.297941]]]}},{"type":"Feature","id":"osm-way-164182078","properties":{"kind":"building","name":"Carlo Catholic Society"},"geometry":{"type":"Polygon","coordinates":[[[103.8513427,1.2975747],[103.8514732,1.2974593],[103.8514941,1.297483],[103.8516011,1.2973908],[103.851657,1.2974556],[103.8512196,1.2978326],[103.8511875,1.2977954],[103.8511499,1.2978277],[103.8511288,1.2978033],[103.8511558,1.2977801],[103.8511255,1.2977459],[103.8511976,1.2976821],[103.851226,1.2977141],[103.8513622,1.2975967],[103.8513427,1.2975747]]]}},{"type":"Feature","id":"osm-way-164182080","properties":{"kind":"building","name":"Catholic Centre"},"geometry":{"type":"Polygon","coordinates":[[[103.8514158,1.2984507],[103.85133,1.2983462],[103.851565,1.2981531],[103.8516509,1.2982576],[103.8514158,1.2984507]]]}},{"type":"Feature","id":"osm-way-164182081","properties":{"kind":"building","name":"Oxford Hotel"},"geometry":{"type":"Polygon","coordinates":[[[103.8517418,1.2981545],[103.8516697,1.2980674],[103.8518975,1.2978701],[103.8519028,1.2978765],[103.8519405,1.2979216],[103.8519322,1.2979292],[103.8519689,1.29797],[103.851932,1.298],[103.8517418,1.2981545]]]}},{"type":"Feature","id":"osm-way-164182083","properties":{"kind":"building","name":"Hotel Royal Queens"},"geometry":{"type":"Polygon","coordinates":[[[103.8519962,1.2975145],[103.852232,1.2973237],[103.8522969,1.2974039],[103.8523584,1.2974798],[103.8524581,1.2976029],[103.8522222,1.2977937],[103.8522127,1.297782],[103.8519962,1.2975145]]]}},{"type":"Feature","id":"osm-way-164182084","properties":{"kind":"building","name":"Kum Yan Methodist Church"},"geometry":{"type":"Polygon","coordinates":[[[103.8517093,1.2972379],[103.8515348,1.297019],[103.851803,1.2967993],[103.8518252,1.2968022],[103.8519953,1.2969932],[103.8517093,1.2972379]]]}},{"type":"Feature","id":"osm-way-164183399","properties":{"kind":"building","name":"GSM Building"},"geometry":{"type":"Polygon","coordinates":[[[103.8526133,1.2994975],[103.8524519,1.2996322],[103.8523522,1.2996293],[103.8521777,1.2994202],[103.8523964,1.2992377],[103.8526133,1.2994975]]]}},{"type":"Feature","id":"osm-way-164881347","properties":{"kind":"building","name":"DBS Foundation Outdoor Theatre"},"geometry":{"type":"Polygon","coordinates":[[[103.8558958,1.288753],[103.8559191,1.288735],[103.8559526,1.2887227],[103.8559904,1.2887161],[103.8560348,1.2887143],[103.856077,1.28872],[103.8561153,1.2887367],[103.8561373,1.2887548],[103.8561558,1.2887728],[103.8561602,1.2887974],[103.8561268,1.2888349],[103.856104,1.288847],[103.8561174,1.2888644],[103.8561496,1.2888966],[103.8561777,1.2889234],[103.85623,1.2889516],[103.8562005,1.2889864],[103.8561429,1.2890186],[103.8560879,1.2890347],[103.8560289,1.2890427],[103.8559739,1.2890427],[103.8559122,1.2890347],[103.8558522,1.2890173],[103.8557848,1.2889703],[103.8558572,1.2889248],[103.855896,1.2888827],[103.8559086,1.2888603],[103.8558892,1.2888467],[103.8558703,1.2888317],[103.8558646,1.2888159],[103.8558637,1.2887987],[103.8558774,1.2887763],[103.8558958,1.288753]]]}},{"type":"Feature","id":"osm-way-164881349","properties":{"kind":"road","name":"Fullerton Promenade"},"geometry":{"type":"LineString","coordinates":[[103.8534483,1.2873471],[103.853655,1.2876202]]}},{"type":"Feature","id":"osm-way-164881352","properties":{"kind":"road","name":"Merlion Park"},"geometry":{"type":"LineString","coordinates":[[103.8541212,1.286848],[103.8544129,1.2869447],[103.8546594,1.2870411],[103.8547701,1.2869367]]}},{"type":"Feature","id":"osm-way-164881353","properties":{"kind":"road","name":"Fullerton Promenade"},"geometry":{"type":"LineString","coordinates":[[103.8544568,1.2866024],[103.854426,1.2868427],[103.8544129,1.2869447]]}},{"type":"Feature","id":"osm-way-164881537","properties":{"kind":"road","name":"The Helix"},"geometry":{"type":"LineString","coordinates":[[103.8604199,1.2886567],[103.8605133,1.2883784],[103.860525,1.2883332],[103.8605769,1.2880698],[103.8606079,1.2878804],[103.8606135,1.2877381],[103.8606209,1.2875817],[103.8606092,1.2872863],[103.8605815,1.2871509],[103.8605549,1.2870169],[103.8605456,1.2869867]]}},{"type":"Feature","id":"osm-way-164881553","properties":{"kind":"road","name":"The Helix"},"geometry":{"type":"LineString","coordinates":[[103.8604069,1.2865946],[103.8603532,1.2866124]]}},{"type":"Feature","id":"osm-way-164881554","properties":{"kind":"road","name":"The Helix"},"geometry":{"type":"LineString","coordinates":[[103.8606135,1.2877381],[103.8605518,1.2877365]]}},{"type":"Feature","id":"osm-way-164881555","properties":{"kind":"road","name":"The Helix"},"geometry":{"type":"LineString","coordinates":[[103.860525,1.2883332],[103.8604616,1.2883091]]}},{"type":"Feature","id":"osm-way-166311146","properties":{"kind":"road","name":"Marina Gardens Drive"},"geometry":{"type":"LineString","coordinates":[[103.8619103,1.2757772],[103.8619921,1.2759034],[103.8629606,1.2774027],[103.8636678,1.278503],[103.8641437,1.2792425],[103.8642676,1.2793936]]}},{"type":"Feature","id":"osm-way-166311286","properties":{"kind":"water","name":""},"geometry":{"type":"Polygon","coordinates":[[[103.8546154,1.2930936],[103.8545724,1.2930198],[103.8546435,1.2929783],[103.8546824,1.2930332],[103.8548447,1.2929327],[103.8548058,1.2928724],[103.8548796,1.2928241],[103.8549265,1.2929005],[103.854905,1.2929488],[103.8549037,1.2930024],[103.8547173,1.2931164],[103.8546703,1.2930909],[103.8546154,1.2930936]]]}},{"type":"Feature","id":"osm-way-166554011","properties":{"kind":"road","name":"The Esplanade"},"geometry":{"type":"LineString","coordinates":[[103.8568215,1.2889373],[103.856836,1.2891617],[103.8568405,1.2892313],[103.8568663,1.2896631],[103.856826,1.289722]]}},{"type":"Feature","id":"osm-way-166554014","properties":{"kind":"road","name":""},"geometry":{"type":"LineString","coordinates":[[103.8539374,1.2893564],[103.8539236,1.2893528],[103.8538822,1.2893418],[103.853857,1.2893563],[103.8538318,1.2893707],[103.8538248,1.2893986],[103.8538178,1.2894265],[103.8538323,1.2894515],[103.8538468,1.2894765],[103.8539019,1.2894907],[103.8539519,1.2894616],[103.8539668,1.2894062],[103.8539374,1.2893564]]}},{"type":"Feature","id":"osm-way-166974054","properties":{"kind":"primaryRoad","name":"Republic Boulevard"},"geometry":{"type":"LineString","coordinates":[[103.8626601,1.2967229],[103.8626155,1.2968367],[103.8625826,1.2968906],[103.8625542,1.2968996],[103.8624366,1.2968887],[103.8623329,1.2968761]]}},{"type":"Feature","id":"osm-way-167632063","properties":{"kind":"primaryRoad","name":"Clemenceau Avenue"},"geometry":{"type":"LineString","coordinates":[[103.8422152,1.2903844],[103.8423187,1.2906515]]}},{"type":"Feature","id":"osm-way-167632064","properties":{"kind":"primaryRoad","name":""},"geometry":{"type":"LineString","coordinates":[[103.8423389,1.2904112],[103.8423384,1.2903269]]}},{"type":"Feature","id":"osm-way-167632065","properties":{"kind":"primaryRoad","name":""},"geometry":{"type":"LineString","coordinates":[[103.8423384,1.2903269],[103.842336,1.2903071],[103.8423173,1.2902467],[103.8423113,1.2901884],[103.842314,1.2901614],[103.8423163,1.2901389],[103.8423268,1.2901165],[103.8423963,1.2900359]]}},{"type":"Feature","id":"osm-way-167632067","properties":{"kind":"primaryRoad","name":"Central Expressway"},"geometry":{"type":"LineString","coordinates":[[103.842137,1.2903857],[103.8423187,1.2906515]]}},{"type":"Feature","id":"osm-way-167648617","properties":{"kind":"primaryRoad","name":"Central Expressway"},"geometry":{"type":"LineString","coordinates":[[103.8426131,1.2904169],[103.8426324,1.2904523],[103.8434749,1.2920009],[103.8439123,1.2928828],[103.844025,1.2931027],[103.8441554,1.2934167],[103.8442641,1.2938508],[103.8442687,1.2943685],[103.8442045,1.2949827],[103.844061,1.2955693],[103.8439684,1.2959481],[103.8434213,1.2970636],[103.8432818,1.29775],[103.8433462,1.2983829],[103.8434642,1.299359],[103.8433676,1.3001259],[103.843255,1.3006246],[103.8431369,1.3009035],[103.8429814,1.3011395],[103.8426877,1.3014693],[103.8425536,1.3015852]]}},{"type":"Feature","id":"osm-way-167648618","properties":{"kind":"primaryRoad","name":"Central Expressway"},"geometry":{"type":"LineString","coordinates":[[103.8427493,1.2903631],[103.8422391,1.2894506]]}},{"type":"Feature","id":"osm-way-167648620","properties":{"kind":"primaryRoad","name":"Central Expressway"},"geometry":{"type":"LineString","coordinates":[[103.8420379,1.2891269],[103.841843,1.2888334]]}},{"type":"Feature","id":"osm-way-167648624","properties":{"kind":"primaryRoad","name":"Central Expressway"},"geometry":{"type":"LineString","coordinates":[[103.8415334,1.2891685],[103.8417844,1.2894757],[103.8421047,1.2898378],[103.8421988,1.2898972],[103.8423054,1.2899291],[103.8424108,1.2899314],[103.8425026,1.2899148],[103.8427944,1.2897966],[103.8431525,1.2896017]]}},{"type":"Feature","id":"osm-way-167656816","properties":{"kind":"road","name":"Tank Road"},"geometry":{"type":"LineString","coordinates":[[103.8437471,1.2955605],[103.8437164,1.2954389],[103.8436893,1.2953036],[103.8436837,1.2952675]]}},{"type":"Feature","id":"osm-way-167656817","properties":{"kind":"road","name":"Tank Road"},"geometry":{"type":"LineString","coordinates":[[103.8431547,1.2937332],[103.8431375,1.293705],[103.8431113,1.2936225],[103.843108,1.2935749],[103.8431105,1.2934465]]}},{"type":"Feature","id":"osm-way-167656818","properties":{"kind":"road","name":"Tank Road"},"geometry":{"type":"LineString","coordinates":[[103.8438174,1.2953681],[103.8437841,1.2953913],[103.8437646,1.2954087],[103.8437535,1.2954283],[103.8437487,1.2954594],[103.8437471,1.2955605]]}},{"type":"Feature","id":"osm-way-167669315","properties":{"kind":"road","name":"Handy Road"},"geometry":{"type":"LineString","coordinates":[[103.846039,1.2999765],[103.8459298,1.3001074],[103.845878,1.3001505],[103.8458119,1.3002006],[103.8457656,1.300229]]}},{"type":"Feature","id":"osm-way-170501882","properties":{"kind":"road","name":""},"geometry":{"type":"LineString","coordinates":[[103.8450882,1.2889258],[103.8451189,1.2894148],[103.8451218,1.289461]]}},{"type":"Feature","id":"osm-way-170502602","properties":{"kind":"primaryRoad","name":""},"geometry":{"type":"LineString","coordinates":[[103.8469287,1.2885573],[103.8470387,1.2885879],[103.847066,1.2885955],[103.8470941,1.2886005],[103.847117,1.2885948],[103.8471637,1.288563]]}},{"type":"Feature","id":"osm-way-170502688","properties":{"kind":"primaryRoad","name":"River Valley Road"},"geometry":{"type":"LineString","coordinates":[[103.8483644,1.2900874],[103.8481858,1.2901144]]}},{"type":"Feature","id":"osm-way-170661183","properties":{"kind":"road","name":"Fort Canning Road"},"geometry":{"type":"LineString","coordinates":[[103.8480845,1.2973806],[103.8476721,1.2974717],[103.847639,1.2974777],[103.8474163,1.2975178],[103.8471677,1.2975327],[103.8470351,1.2975407]]}},{"type":"Feature","id":"osm-way-170661184","properties":{"kind":"road","name":"Fort Canning Road"},"geometry":{"type":"LineString","coordinates":[[103.8483498,1.2973191],[103.8486059,1.2973087],[103.8486548,1.2973162],[103.848701,1.2973379],[103.8487282,1.2973717],[103.8487359,1.2974101],[103.8487422,1.2974409]]}},{"type":"Feature","id":"osm-way-170960936","properties":{"kind":"building","name":"Old Supreme Court"},"geometry":{"type":"Polygon","coordinates":[[[103.8514582,1.2900254],[103.8512325,1.2901544],[103.8512518,1.2901916],[103.8511567,1.2902454],[103.8508169,1.2896492],[103.8509043,1.2895778],[103.8511115,1.2894083],[103.8511191,1.2894209],[103.8512899,1.2893252],[103.851365,1.2894562],[103.8514018,1.289525],[103.8514252,1.2895119],[103.851435,1.2895292],[103.8514474,1.2895222],[103.8514518,1.2895297],[103.8515638,1.2897296],[103.8515691,1.2897389],[103.8515545,1.2897471],[103.8515641,1.2897641],[103.8515426,1.2897763],[103.8515842,1.2898473],[103.8516503,1.2899661],[103.8514803,1.2900623],[103.8514582,1.2900254]]]}},{"type":"Feature","id":"osm-way-171142595","properties":{"kind":"building","name":"Flower Dome"},"geometry":{"type":"Polygon","coordinates":[[[103.8653892,1.2843125],[103.8654142,1.2843977],[103.8652685,1.284597],[103.8651932,1.2846687],[103.8651469,1.2847129],[103.8650084,1.2848164],[103.8647227,1.2849407],[103.8645152,1.2849834],[103.8643144,1.2849902],[103.8641085,1.2849613],[103.8639749,1.2849127],[103.8639611,1.2848311],[103.8639846,1.2847222],[103.8641246,1.2844747],[103.8642549,1.2842444],[103.8644346,1.2841012],[103.8644801,1.2840904],[103.8646043,1.2840609],[103.8648501,1.2840719],[103.8650068,1.284114],[103.8650803,1.2841337],[103.8651532,1.2841707],[103.8652235,1.2842052],[103.8653521,1.2842324],[103.865319,1.2842585],[103.8653892,1.2843125]]]}},{"type":"Feature","id":"osm-way-171142596","properties":{"kind":"road","name":"Dragonfly Bridge"},"geometry":{"type":"LineString","coordinates":[[103.8620098,1.2825557],[103.8623045,1.2824973]]}},{"type":"Feature","id":"osm-way-171142597","properties":{"kind":"building","name":"Cloud Forest"},"geometry":{"type":"Polygon","coordinates":[[[103.8657802,1.2835364],[103.8658527,1.2835016],[103.8660458,1.2834694],[103.8661316,1.2834667],[103.8664052,1.2834908],[103.8664533,1.2835142],[103.8664733,1.2835266],[103.8664883,1.2835447],[103.8664969,1.2835665],[103.866498,1.28359],[103.8664991,1.2836651],[103.8664804,1.2838457],[103.8664594,1.2839097],[103.8664191,1.283982],[103.8663501,1.2840675],[103.8662694,1.2841423],[103.8661317,1.2842219],[103.8659791,1.2842668],[103.865839,1.2842831],[103.865772,1.284283],[103.8657069,1.2842667],[103.8656477,1.2842352],[103.8656147,1.2841969],[103.8655854,1.2841365],[103.8655764,1.28407],[103.8655818,1.2839601],[103.8656166,1.2837885],[103.8656917,1.2836356],[103.8657802,1.2835364]]]}},{"type":"Feature","id":"osm-way-171977237","properties":{"kind":"building","name":"Craig Place"},"geometry":{"type":"Polygon","coordinates":[[[103.8423451,1.2784271],[103.8422734,1.2783711],[103.8421806,1.2783054],[103.8423628,1.2780043],[103.8425649,1.2777125],[103.8426328,1.2776741],[103.8427071,1.2779941],[103.8426225,1.2780256],[103.8425596,1.2781167],[103.8423451,1.2784271]]]}},{"type":"Feature","id":"osm-way-171979078","properties":{"kind":"road","name":"Gardens by the Bay"},"geometry":{"type":"LineString","coordinates":[[103.8657586,1.2816084],[103.8658109,1.2816855],[103.8659504,1.2818234],[103.8660476,1.2819138],[103.8660998,1.2819581]]}},{"type":"Feature","id":"osm-way-171979099","properties":{"kind":"road","name":"Gardens by the Bay"},"geometry":{"type":"LineString","coordinates":[[103.8660933,1.2811072],[103.8660076,1.2811175],[103.8659459,1.2811438],[103.8658306,1.2812325]]}},{"type":"Feature","id":"osm-way-171981655","properties":{"kind":"water","name":""},"geometry":{"type":"Polygon","coordinates":[[[103.8641135,1.2796007],[103.8643013,1.2798015],[103.8650922,1.2804753],[103.8651819,1.2804939],[103.8653835,1.2805984],[103.8654121,1.2806594],[103.8654544,1.280688],[103.8655851,1.2806992],[103.8656973,1.2806993],[103.8657916,1.2807261],[103.8657913,1.2807736],[103.8657151,1.2807471],[103.86554,1.2807601],[103.8654768,1.2807552],[103.8654321,1.2807287],[103.8651639,1.280523],[103.865072,1.2805123],[103.8646259,1.2801402],[103.8642773,1.2798495],[103.8639337,1.2798519],[103.8639342,1.2798234],[103.8642137,1.2797845],[103.8640743,1.2796268],[103.8641135,1.2796007]]]}},{"type":"Feature","id":"osm-way-171981657","properties":{"kind":"water","name":"Water Lily Pond"},"geometry":{"type":"Polygon","coordinates":[[[103.8661092,1.2826809],[103.8661879,1.2825761],[103.8662507,1.2824383],[103.8663789,1.2825216],[103.8664999,1.2825194],[103.8665768,1.2824756],[103.8665656,1.2824072],[103.8666228,1.2824221],[103.866639,1.282488],[103.8667049,1.2825278],[103.8668169,1.2825303],[103.8668879,1.2824893],[103.866914,1.2824246],[103.8669339,1.2824233],[103.8669831,1.2824734],[103.8670023,1.282493],[103.8669606,1.2825628],[103.8668096,1.2828254],[103.8667945,1.2828202],[103.8667883,1.2827592],[103.8667731,1.2827167],[103.8666514,1.2827505],[103.8665631,1.2828177],[103.8665391,1.2828185],[103.866527,1.2827903],[103.8665382,1.2827518],[103.8664362,1.2826883],[103.8663727,1.2826709],[103.8663042,1.2826684],[103.8662209,1.2826784],[103.8661398,1.2827124],[103.8661092,1.2826809]]]}},{"type":"Feature","id":"osm-way-171981658","properties":{"kind":"building","name":"Satay by the Bay"},"geometry":{"type":"Polygon","coordinates":[[[103.8684851,1.2825579],[103.8684333,1.2825384],[103.8683986,1.2825102],[103.8684235,1.2824363],[103.8683635,1.282417],[103.8683211,1.2823852],[103.8682985,1.2823533],[103.8682759,1.2823241],[103.8682686,1.2822919],[103.868298,1.2822592],[103.8683159,1.2822477],[103.8683423,1.2822454],[103.8683771,1.282236],[103.8684058,1.2822428],[103.8684292,1.2822532],[103.8684488,1.282265],[103.8684692,1.282292],[103.8684868,1.2823272],[103.8685157,1.2823069],[103.8685041,1.2822779],[103.8684997,1.2822529],[103.8685086,1.2822119],[103.8685229,1.2821892],[103.8685915,1.2821406],[103.8686153,1.2821296],[103.868638,1.282161],[103.8686608,1.2822006],[103.8686661,1.2822472],[103.8686775,1.2822497],[103.8686888,1.2822523],[103.8687108,1.2821959],[103.8687387,1.2821472],[103.8687761,1.2821141],[103.8688369,1.2820968],[103.8688775,1.282102],[103.8689083,1.2821361],[103.8689273,1.2821664],[103.8689326,1.2821858],[103.868934,1.282194],[103.8689387,1.2822416],[103.8689247,1.2822978],[103.8688935,1.2823409],[103.8688475,1.282364],[103.868786,1.2823816],[103.8687418,1.2823935],[103.868721,1.2824489],[103.8686768,1.2825064],[103.8686316,1.28254],[103.8685721,1.2825681],[103.8684851,1.2825579]]]}},{"type":"Feature","id":"osm-way-171981659","properties":{"kind":"water","name":""},"geometry":{"type":"Polygon","coordinates":[[[103.867898,1.2823029],[103.8678404,1.2822092],[103.8677522,1.2820657],[103.8677577,1.2820104],[103.867732,1.2819658],[103.8676256,1.2818175],[103.8676004,1.281723],[103.8676196,1.2816804],[103.8676607,1.2816472],[103.8677249,1.281661],[103.867804,1.2817202],[103.8679276,1.2818598],[103.8679967,1.2819383],[103.8680031,1.2819998],[103.8680785,1.2820356],[103.868141,1.2820652],[103.868187,1.2821099],[103.8682044,1.2821783],[103.8681982,1.2822368],[103.8681684,1.2823015],[103.8682194,1.2823028],[103.8682654,1.2823189],[103.8682953,1.2823563],[103.8682968,1.2824127],[103.8682779,1.2824483],[103.8682381,1.2824956],[103.8682032,1.282512],[103.8681684,1.2825283],[103.8680651,1.2825056],[103.8679668,1.2824123],[103.8679351,1.2823619],[103.867898,1.2823029]]]}},{"type":"Feature","id":"osm-way-171981661","properties":{"kind":"water","name":"Kingfisher Lake"},"geometry":{"type":"Polygon","coordinates":[[[103.8661839,1.2808359],[103.8664399,1.2808807],[103.8666701,1.2809019],[103.8669293,1.280918],[103.8669588,1.280928],[103.8669774,1.280954],[103.8670012,1.2810473],[103.8670098,1.2812527],[103.8669725,1.2815886],[103.8669638,1.2817764],[103.8669921,1.2818682],[103.8670758,1.2819269],[103.8672172,1.2819932],[103.8674018,1.2820912],[103.8674832,1.2821337],[103.8674937,1.2821642],[103.8673949,1.2823021],[103.8673732,1.2823499],[103.8673819,1.2823897],[103.8675376,1.2824553],[103.8676075,1.2824847],[103.8676556,1.2825739],[103.8676605,1.2826016],[103.8676793,1.2827082],[103.8677315,1.2827729],[103.8678249,1.2828189],[103.8678796,1.282865],[103.8678933,1.2829943],[103.8679568,1.2831474],[103.868117,1.2833937],[103.8680306,1.2834017],[103.867989,1.2833971],[103.8679014,1.2832366],[103.8677763,1.2830429],[103.8677021,1.2831002],[103.8676608,1.2831619],[103.8676822,1.2832066],[103.8677454,1.2832764],[103.867746,1.2833],[103.8677361,1.2833243],[103.8674261,1.2835229],[103.8673486,1.2834296],[103.8672694,1.2833698],[103.8672725,1.2833131],[103.8672624,1.2832607],[103.867551,1.2832167],[103.8677384,1.2829976],[103.8675722,1.2827786],[103.8673258,1.2825189],[103.8672699,1.2824656],[103.8672151,1.2824345],[103.8671529,1.2824395],[103.8670444,1.2824787],[103.8670287,1.282455],[103.8670187,1.2824399],[103.8671616,1.2823935],[103.8672309,1.2823253],[103.8672754,1.2822191],[103.8672798,1.2821546],[103.8671977,1.2820912],[103.8671074,1.2820414],[103.867019,1.2819773],[103.8669476,1.2818909],[103.8669065,1.2818212],[103.8668991,1.2817366],[103.8669252,1.2815475],[103.86696,1.2813223],[103.8669671,1.2811011],[103.8669314,1.2810319],[103.8668896,1.2809803],[103.8668118,1.2809538],[103.8666085,1.2809373],[103.8664156,1.2809156],[103.8661777,1.280876],[103.8661839,1.2808359]]]}},{"type":"Feature","id":"osm-way-171981664","properties":{"kind":"water","name":""},"geometry":{"type":"Polygon","coordinates":[[[103.8639896,1.2795466],[103.8636755,1.2790819],[103.8627394,1.2776167],[103.8627819,1.277591],[103.863686,1.2790045],[103.8640337,1.2795148],[103.8639896,1.2795466]]]}},{"type":"Feature","id":"osm-way-171985737","properties":{"kind":"building","name":"Kreta Ayer Heights"},"geometry":{"type":"Polygon","coordinates":[[[103.8424429,1.2819679],[103.8428638,1.2817338],[103.8428446,1.2816994],[103.8428318,1.2816764],[103.8428891,1.2816446],[103.8429021,1.281668],[103.842921,1.2817019],[103.8433328,1.2814729],[103.8433784,1.2815549],[103.8433248,1.2815847],[103.8433289,1.281592],[103.843304,1.2816059],[103.8432999,1.2815986],[103.8432017,1.2816532],[103.8432056,1.2816603],[103.8431755,1.2816771],[103.8431715,1.28167],[103.843076,1.2817231],[103.8430798,1.2817298],[103.8430489,1.2817469],[103.8430452,1.2817403],[103.8429486,1.281794],[103.8429526,1.2818013],[103.8429262,1.281816],[103.8429222,1.2818087],[103.8428188,1.2818662],[103.8428229,1.2818737],[103.8427953,1.2818891],[103.8427911,1.2818816],[103.8426954,1.2819349],[103.8426995,1.2819422],[103.8426689,1.2819592],[103.8426649,1.2819518],[103.8425718,1.2820036],[103.8425765,1.282012],[103.8425382,1.2820334],[103.8425335,1.2820249],[103.8424886,1.2820499],[103.8424429,1.2819679]]]}},{"type":"Feature","id":"osm-way-171987820","properties":{"kind":"building","name":"URA Centre (East Wing)"},"geometry":{"type":"Polygon","coordinates":[[[103.8457926,1.2804034],[103.8452974,1.2800278],[103.8455471,1.2797211],[103.8460296,1.280111],[103.8457926,1.2804034]]]}},{"type":"Feature","id":"osm-way-171995552","properties":{"kind":"building","name":"Far Eastern Bank Building"},"geometry":{"type":"Polygon","coordinates":[[[103.8482488,1.2797575],[103.8483888,1.2799947],[103.8481048,1.2801622],[103.8480355,1.2802031],[103.8478955,1.2799658],[103.8482488,1.2797575]]]}},{"type":"Feature","id":"osm-way-171995553","properties":{"kind":"building","name":"The Clift"},"geometry":{"type":"Polygon","coordinates":[[[103.8476439,1.2794806],[103.8472514,1.2796891],[103.8470664,1.2793785],[103.8474482,1.2791511],[103.8476439,1.2794806]]]}},{"type":"Feature","id":"osm-way-171995555","properties":{"kind":"building","name":"Wing On Life Building"},"geometry":{"type":"Polygon","coordinates":[[[103.8483888,1.2799947],[103.8484899,1.2801496],[103.848201,1.2803285],[103.8481048,1.2801622],[103.8483888,1.2799947]]]}},{"type":"Feature","id":"osm-way-171995558","properties":{"kind":"building","name":"Tokio Marine Centre"},"geometry":{"type":"Polygon","coordinates":[[[103.8481891,1.2796563],[103.8478358,1.2798647],[103.8477177,1.2796515],[103.8477315,1.2795403],[103.8479807,1.2793918],[103.8480538,1.2794125],[103.8481891,1.2796563]]]}},{"type":"Feature","id":"osm-way-171995559","properties":{"kind":"building","name":"Bangkok Bank"},"geometry":{"type":"Polygon","coordinates":[[[103.8478905,1.2792674],[103.8476492,1.2794194],[103.8474755,1.279153],[103.8477737,1.2789729],[103.8479038,1.2791942],[103.8478905,1.2792674]]]}},{"type":"Feature","id":"osm-way-171995560","properties":{"kind":"building","name":"158 Cecil Street"},"geometry":{"type":"Polygon","coordinates":[[[103.8481891,1.2796563],[103.8482488,1.2797575],[103.8478955,1.2799658],[103.8478358,1.2798647],[103.8481891,1.2796563]]]}},{"type":"Feature","id":"osm-way-171995562","properties":{"kind":"building","name":"Solitaire on Cecil"},"geometry":{"type":"Polygon","coordinates":[[[103.8487504,1.28057],[103.8484106,1.2807805],[103.8481501,1.28036],[103.848201,1.2803285],[103.8484899,1.2801496],[103.8487504,1.28057]]]}},{"type":"Feature","id":"osm-way-171999278","properties":{"kind":"building","name":"GSH Plaza"},"geometry":{"type":"Polygon","coordinates":[[[103.85066,1.2832838],[103.8504164,1.2832988],[103.8504164,1.2832895],[103.8503922,1.2832895],[103.8503855,1.2832774],[103.8503574,1.2832801],[103.8503574,1.2832653],[103.8503265,1.2832653],[103.8503252,1.2832023],[103.8502648,1.283209],[103.8502606,1.2831299],[103.8502747,1.2830472],[103.8503152,1.2829639],[103.8503627,1.2829087],[103.8504459,1.2828591],[103.8505176,1.2828318],[103.8505953,1.2828191],[103.8505974,1.2828551],[103.8506229,1.2828537],[103.8506243,1.2828765],[103.8506444,1.2828765],[103.85066,1.2832838]]]}},{"type":"Feature","id":"osm-way-171999282","properties":{"kind":"building","name":"UOB Plaza Tower 2"},"geometry":{"type":"Polygon","coordinates":[[[103.8512627,1.2855737],[103.8512123,1.2855789],[103.8511965,1.2855985],[103.8511776,1.2855825],[103.8511325,1.2855871],[103.8510805,1.2855437],[103.8510739,1.2855382],[103.8510298,1.2855079],[103.8510233,1.285452],[103.8510066,1.2854416],[103.85102,1.2854257],[103.8510139,1.2853742],[103.8510985,1.2852686],[103.851116,1.2852667],[103.8511512,1.285263],[103.8511604,1.2852512],[103.8511714,1.2852609],[103.8512295,1.2852548],[103.8513356,1.2853425],[103.8513402,1.2854007],[103.8513478,1.2854068],[103.8513413,1.2854148],[103.8513457,1.2854707],[103.8512627,1.2855737]]]}},{"type":"Feature","id":"osm-way-171999283","properties":{"kind":"building","name":"MYP Centre"},"geometry":{"type":"Polygon","coordinates":[[[103.8524988,1.2853274],[103.8520649,1.2851198],[103.8520499,1.2849667],[103.852381,1.284946],[103.8523395,1.2845122],[103.8523524,1.2845098],[103.8523838,1.2846021],[103.8524047,1.2846131],[103.8525206,1.2849708],[103.8525495,1.2849724],[103.8525698,1.2852613],[103.8525736,1.2853158],[103.8524988,1.2853274]]]}},{"type":"Feature","id":"osm-way-171999284","properties":{"kind":"building","name":"The Arcade"},"geometry":{"type":"Polygon","coordinates":[[[103.8524746,1.2835954],[103.8520276,1.2837173],[103.851665,1.2838143],[103.851621,1.283654],[103.8519811,1.2835425],[103.8523972,1.2834137],[103.852441,1.2834001],[103.8525032,1.2835885],[103.8524746,1.2835954]]]}},{"type":"Feature","id":"osm-way-171999290","properties":{"kind":"building","name":"Yueh Hai Ching Temple"},"geometry":{"type":"Polygon","coordinates":[[[103.8493864,1.2844296],[103.84945,1.2846103],[103.8492484,1.2846812],[103.8491848,1.2845006],[103.8493864,1.2844296]]]}},{"type":"Feature","id":"osm-way-171999291","properties":{"kind":"building","name":"KPB Building"},"geometry":{"type":"Polygon","coordinates":[[[103.8496423,1.2820968],[103.8496922,1.2821793],[103.8496882,1.2822624],[103.8495447,1.282422],[103.8494709,1.2824126],[103.849371,1.2822718],[103.8496423,1.2820968]]]}},{"type":"Feature","id":"osm-way-171999293","properties":{"kind":"building","name":"One Raffles Place"},"geometry":{"type":"Polygon","coordinates":[[[103.8512964,1.2848323],[103.8509246,1.2848652],[103.8509299,1.2849168],[103.8505187,1.2849584],[103.850502,1.2847932],[103.8504973,1.2847464],[103.8504795,1.2845709],[103.8508906,1.2845293],[103.8508871,1.2844984],[103.8508528,1.2840981],[103.8509846,1.2840868],[103.8509597,1.2837956],[103.8512088,1.2837742],[103.851273,1.2845238],[103.8512342,1.2845271],[103.8512374,1.2845647],[103.8511973,1.2845681],[103.8512007,1.2846078],[103.8511694,1.2846105],[103.8511742,1.284727],[103.8512964,1.2848323]]]}},{"type":"Feature","id":"osm-way-171999295","properties":{"kind":"building","name":"imPAct@Hong Lim Green"},"geometry":{"type":"Polygon","coordinates":[[[103.8463061,1.2860951],[103.8465328,1.2859666],[103.8466616,1.2861908],[103.8465931,1.2862294],[103.8465684,1.2861862],[103.8464251,1.2861369],[103.8463537,1.28617],[103.8463061,1.2860951]]]}},{"type":"Feature","id":"osm-way-171999297","properties":{"kind":"building","name":"Malacca Centre"},"geometry":{"type":"Polygon","coordinates":[[[103.8507453,1.2840306],[103.8506707,1.2840365],[103.8506497,1.2840215],[103.8506329,1.283822],[103.8507267,1.2838142],[103.8507453,1.2840306]]]}},{"type":"Feature","id":"osm-way-171999300","properties":{"kind":"building","name":"TPI Building"},"geometry":{"type":"Polygon","coordinates":[[[103.849371,1.2822718],[103.8493138,1.282183],[103.849585,1.282008],[103.8496423,1.2820968],[103.849371,1.2822718]]]}},{"type":"Feature","id":"osm-way-171999302","properties":{"kind":"building","name":"Kreta Ayer Neighbourhood Police Post"},"geometry":{"type":"Polygon","coordinates":[[[103.847081,1.286651],[103.8470323,1.2865554],[103.8471649,1.286488],[103.8472135,1.2865836],[103.847081,1.286651]]]}},{"type":"Feature","id":"osm-way-171999304","properties":{"kind":"building","name":"Republic Plaza"},"geometry":{"type":"Polygon","coordinates":[[[103.8510494,1.2835853],[103.8507173,1.2836112],[103.8506979,1.2836127],[103.8503938,1.2836317],[103.8503744,1.2833224],[103.8506786,1.2833035],[103.8506424,1.2827329],[103.851173,1.2826962],[103.8511882,1.2829208],[103.8512056,1.2831836],[103.8512113,1.28325],[103.8510271,1.2832628],[103.8510494,1.2835853]]]}},{"type":"Feature","id":"osm-way-171999306","properties":{"kind":"building","name":"Prudential Tower"},"geometry":{"type":"Polygon","coordinates":[[[103.8499301,1.2831552],[103.8497655,1.2830212],[103.8498129,1.2829571],[103.8496493,1.282662],[103.8499009,1.2825186],[103.8499342,1.282573],[103.8499756,1.2826209],[103.8500178,1.2826656],[103.8500747,1.2826948],[103.8501015,1.2827427],[103.8501137,1.2827801],[103.8501128,1.2828264],[103.8501023,1.2828588],[103.8499301,1.2831552]]]}},{"type":"Feature","id":"osm-way-171999314","properties":{"kind":"building","name":"RB Capita Building"},"geometry":{"type":"Polygon","coordinates":[[[103.850965,1.2840118],[103.8507453,1.2840306],[103.8507267,1.2838142],[103.8509464,1.2837953],[103.850965,1.2840118]]]}},{"type":"Feature","id":"osm-way-171999325","properties":{"kind":"building","name":"OCBC Bank"},"geometry":{"type":"Polygon","coordinates":[[[103.8487523,1.2853871],[103.848612,1.285114],[103.8487242,1.2850564],[103.8486949,1.2849993],[103.8486461,1.2850056],[103.8485952,1.2849815],[103.848563,1.2849346],[103.8485576,1.2848877],[103.8485724,1.2848354],[103.8486107,1.2848008],[103.8489653,1.2846021],[103.8490163,1.2845927],[103.8490747,1.2846104],[103.8491128,1.2846463],[103.8491236,1.2846973],[103.8491115,1.2847536],[103.8490858,1.2847849],[103.848899,1.2848946],[103.8489213,1.2849379],[103.8493687,1.2847082],[103.8495026,1.2849688],[103.8495788,1.2849305],[103.8494906,1.284624],[103.8497002,1.2845578],[103.84987,1.2851252],[103.8498343,1.285133],[103.8498478,1.2851813],[103.8497432,1.2851907],[103.84966,1.2851558],[103.849605,1.2851008],[103.8495594,1.285015],[103.8496005,1.2849965],[103.8495868,1.2849583],[103.8494059,1.2850516],[103.849428,1.2850955],[103.8494731,1.285077],[103.8495272,1.2850807],[103.8495701,1.2851142],[103.8495956,1.2851545],[103.8495943,1.2851974],[103.8495755,1.2852363],[103.8495178,1.2852738],[103.849542,1.2853261],[103.8492317,1.2854765],[103.8492096,1.2854303],[103.8491715,1.2854462],[103.8491276,1.2854468],[103.8490833,1.2854293],[103.8490578,1.2853931],[103.8490485,1.2853395],[103.8490646,1.2852939],[103.849086,1.2852671],[103.8491203,1.2852473],[103.8490981,1.2852096],[103.8487523,1.2853871]]]}},{"type":"Feature","id":"osm-way-171999336","properties":{"kind":"building","name":"CIMB Plaza"},"geometry":{"type":"Polygon","coordinates":[[[103.8522738,1.2845096],[103.8522497,1.2843527],[103.85172,1.2844432],[103.851714,1.2843795],[103.8516835,1.2840584],[103.8520795,1.2839869],[103.8522819,1.2839504],[103.852291,1.2839808],[103.852473,1.2839205],[103.8526116,1.2838694],[103.8526274,1.2839174],[103.8526366,1.2839445],[103.8527099,1.2841722],[103.8527861,1.284409],[103.8525482,1.2844568],[103.852441,1.2844774],[103.8523495,1.284495],[103.8522738,1.2845096]]]}},{"type":"Feature","id":"osm-way-171999340","properties":{"kind":"building","name":"Manulife Tower"},"geometry":{"type":"Polygon","coordinates":[[[103.8489854,1.2827344],[103.848854,1.2825333],[103.8487373,1.2823388],[103.8487494,1.2822504],[103.8490318,1.2820817],[103.8491262,1.2820921],[103.8492469,1.2822959],[103.8493784,1.2825064],[103.8489854,1.2827344]]]}},{"type":"Feature","id":"osm-way-171999341","properties":{"kind":"building","name":"Bank of Singapore Centre"},"geometry":{"type":"Polygon","coordinates":[[[103.8504418,1.2843905],[103.8504053,1.2838376],[103.8505645,1.2838271],[103.8505886,1.2841925],[103.8507615,1.2841811],[103.8507739,1.2843685],[103.8504418,1.2843905]]]}},{"type":"Feature","id":"osm-way-172000296","properties":{"kind":"park","name":""},"geometry":{"type":"Polygon","coordinates":[[[103.8516864,1.2825547],[103.851677,1.2824984],[103.8519474,1.2823324],[103.8523221,1.2827947],[103.8523006,1.2828122],[103.8521424,1.2826875],[103.8519627,1.2826244],[103.8516864,1.2825547]]]}},{"type":"Feature","id":"osm-way-172000299","properties":{"kind":"building","name":"ASO Building"},"geometry":{"type":"Polygon","coordinates":[[[103.850915,1.2821587],[103.8509708,1.2822528],[103.8508091,1.2823518],[103.8507876,1.2823276],[103.8507673,1.2823289],[103.8507593,1.2823128],[103.8506984,1.2823195],[103.8506803,1.2822901],[103.850915,1.2821587]]]}},{"type":"Feature","id":"osm-way-172000303","properties":{"kind":"building","name":"The Quadrant"},"geometry":{"type":"Polygon","coordinates":[[[103.8506176,1.2825681],[103.8505384,1.282548],[103.8504821,1.2825011],[103.8504539,1.2824274],[103.8504539,1.282363],[103.850617,1.2823619],[103.8506176,1.2825681]]]}},{"type":"Feature","id":"osm-way-172000305","properties":{"kind":"building","name":"Grace Global Raffles"},"geometry":{"type":"Polygon","coordinates":[[[103.8506234,1.2823394],[103.8504216,1.2823363],[103.8504245,1.2821499],[103.8504922,1.2821537],[103.8506274,1.2821541],[103.8506234,1.2823394]]]}},{"type":"Feature","id":"osm-way-172000306","properties":{"kind":"building","name":"The House of Eden"},"geometry":{"type":"Polygon","coordinates":[[[103.8509708,1.2822528],[103.8510894,1.2824349],[103.8510639,1.2824859],[103.850958,1.2824926],[103.8509248,1.282427],[103.8508694,1.2823799],[103.8508091,1.2823518],[103.8509708,1.2822528]]]}},{"type":"Feature","id":"osm-way-172000308","properties":{"kind":"building","name":"Far East Financial Building"},"geometry":{"type":"Polygon","coordinates":[[[103.8506803,1.2822901],[103.8506515,1.2822441],[103.8507245,1.2822002],[103.8506683,1.2821131],[103.8506997,1.2820946],[103.8506844,1.2820823],[103.8506659,1.2820725],[103.8506645,1.2820577],[103.8507045,1.2820286],[103.8507972,1.2819795],[103.850915,1.2821587],[103.8506803,1.2822901]]]}},{"type":"Feature","id":"osm-way-172002558","properties":{"kind":"building","name":"Royal Group Building"},"geometry":{"type":"Polygon","coordinates":[[[103.8499497,1.2849011],[103.8498545,1.2845699],[103.8500605,1.2845206],[103.8501334,1.2848555],[103.8499497,1.2849011]]]}},{"type":"Feature","id":"osm-way-172002559","properties":{"kind":"building","name":"Tan Ean Kiam Building"},"geometry":{"type":"Polygon","coordinates":[[[103.8498525,1.284557],[103.8498213,1.2844379],[103.8500129,1.2843878],[103.8500441,1.2845068],[103.8499734,1.2845253],[103.8498525,1.284557]]]}},{"type":"Feature","id":"osm-way-172002560","properties":{"kind":"building","name":"Royal One Phillip"},"geometry":{"type":"Polygon","coordinates":[[[103.8500769,1.2850834],[103.8499953,1.2850365],[103.8499591,1.2849105],[103.8501221,1.2848705],[103.8501495,1.2849802],[103.8501221,1.2849858],[103.8501388,1.2850378],[103.850116,1.2850459],[103.85012,1.2850687],[103.8500769,1.2850834]]]}},{"type":"Feature","id":"osm-way-172002561","properties":{"kind":"building","name":"Grand Building"},"geometry":{"type":"Polygon","coordinates":[[[103.8497754,1.2842657],[103.8498384,1.2842496],[103.8498453,1.2842767],[103.8499111,1.2842598],[103.8499161,1.2842793],[103.8499336,1.2842748],[103.8499629,1.2843893],[103.8498165,1.2844267],[103.8497754,1.2842657]]]}},{"type":"Feature","id":"osm-way-172013197","properties":{"kind":"building","name":"Crystal Pavilion North"},"geometry":{"type":"Polygon","coordinates":[[[103.8584976,1.2853978],[103.8583887,1.285151],[103.8584534,1.2850028],[103.8585076,1.2850032],[103.8585188,1.2850033],[103.8585167,1.2849457],[103.8585193,1.2849014],[103.8585206,1.2848802],[103.8585853,1.2848831],[103.8585945,1.2849001],[103.8586036,1.2849168],[103.8587634,1.2852102],[103.8587268,1.2852925],[103.8585552,1.2852937],[103.8585551,1.2853974],[103.8584976,1.2853978]]]}},{"type":"Feature","id":"osm-way-172015629","properties":{"kind":"road","name":"Event Plaza"},"geometry":{"type":"LineString","coordinates":[[103.858762,1.2843782],[103.8586446,1.28458],[103.8586279,1.2846088],[103.8584375,1.2844506],[103.8583667,1.2843567],[103.8582945,1.2842405],[103.8581912,1.2841502],[103.8581371,1.2839867],[103.8581283,1.2837999],[103.8581749,1.2837759],[103.858315,1.283704],[103.858762,1.2843782]]}},{"type":"Feature","id":"osm-way-172021006","properties":{"kind":"building","name":"Kingly Building"},"geometry":{"type":"Polygon","coordinates":[[[103.8483176,1.2879942],[103.8482746,1.2879205],[103.84828,1.2878829],[103.8483953,1.2878065],[103.8484369,1.2878119],[103.8484758,1.2878789],[103.8483176,1.2879942]]]}},{"type":"Feature","id":"osm-way-172021051","properties":{"kind":"building","name":"Drangon Bran Bird's Nests"},"geometry":{"type":"Polygon","coordinates":[[[103.8480475,1.2875827],[103.8480288,1.287551],[103.848228,1.2874334],[103.8482467,1.287465],[103.8480475,1.2875827]]]}},{"type":"Feature","id":"osm-way-172022212","properties":{"kind":"building","name":"Pearl's Hill Care Home"},"geometry":{"type":"Polygon","coordinates":[[[103.8417627,1.2865974],[103.8416451,1.2865733],[103.8419373,1.2851526],[103.8420549,1.2851767],[103.8417627,1.2865974]]]}},{"type":"Feature","id":"osm-way-172023453","properties":{"kind":"building","name":"Nanyang Khek Community Guild"},"geometry":{"type":"Polygon","coordinates":[[[103.8449973,1.2785393],[103.8450251,1.2787313],[103.8448201,1.2787695],[103.8447902,1.2785815],[103.8449973,1.2785393]]]}},{"type":"Feature","id":"osm-way-172023459","properties":{"kind":"building","name":"Airview Building"},"geometry":{"type":"Polygon","coordinates":[[[103.8450251,1.2787313],[103.8450835,1.2790929],[103.8449091,1.2793266],[103.8448201,1.2787695],[103.8450251,1.2787313]]]}},{"type":"Feature","id":"osm-way-172024967","properties":{"kind":"building","name":"Finexis Building"},"geometry":{"type":"Polygon","coordinates":[[[103.8489624,1.2797471],[103.848875,1.2795957],[103.8490535,1.2794866],[103.8490827,1.2794693],[103.8491769,1.2796176],[103.8489624,1.2797471]]]}},{"type":"Feature","id":"osm-way-172024968","properties":{"kind":"building","name":"Tung Ann Association Building"},"geometry":{"type":"Polygon","coordinates":[[[103.8483599,1.2794527],[103.8482519,1.2792724],[103.8484746,1.2791332],[103.8485881,1.2793148],[103.8485379,1.2793404],[103.8483599,1.2794527]]]}},{"type":"Feature","id":"osm-way-172024969","properties":{"kind":"building","name":"HB Robinson"},"geometry":{"type":"Polygon","coordinates":[[[103.848791,1.2794793],[103.8487452,1.2795076],[103.8486185,1.2793026],[103.8487812,1.279202],[103.848771,1.2791855],[103.8488176,1.2791567],[103.8489546,1.2793782],[103.848791,1.2794793]]]}},{"type":"Feature","id":"osm-way-172024971","properties":{"kind":"building","name":"Cecil Suites"},"geometry":{"type":"Polygon","coordinates":[[[103.8483599,1.2794527],[103.8485379,1.2793404],[103.8487604,1.279693],[103.8485784,1.2798038],[103.8483599,1.2794527]]]}},{"type":"Feature","id":"osm-way-172024973","properties":{"kind":"building","name":"Keck Seng Tower"},"geometry":{"type":"Polygon","coordinates":[[[103.8487148,1.2800256],[103.8489503,1.2798827],[103.8491946,1.2802848],[103.8489591,1.2804278],[103.8487148,1.2800256]]]}},{"type":"Feature","id":"osm-way-172024974","properties":{"kind":"building","name":"MYP Plaza"},"geometry":{"type":"Polygon","coordinates":[[[103.8485784,1.2798038],[103.8487604,1.279693],[103.8488158,1.2796592],[103.8489503,1.2798827],[103.8487148,1.2800256],[103.8485784,1.2798038]]]}},{"type":"Feature","id":"osm-way-172025312","properties":{"kind":"building","name":"Cecil Court"},"geometry":{"type":"Polygon","coordinates":[[[103.8487578,1.2805777],[103.8488834,1.2807803],[103.8488579,1.2808744],[103.848641,1.2810071],[103.8485451,1.280997],[103.8484572,1.2808487],[103.8484173,1.2807814],[103.8487578,1.2805777]]]}},{"type":"Feature","id":"osm-way-172025313","properties":{"kind":"building","name":"The Globe"},"geometry":{"type":"Polygon","coordinates":[[[103.8489105,1.281297],[103.8488178,1.2811483],[103.8488178,1.2811188],[103.8488406,1.2810826],[103.8489366,1.2810279],[103.8489822,1.2810265],[103.8490243,1.281037],[103.8491126,1.2811765],[103.8489105,1.281297]]]}},{"type":"Feature","id":"osm-way-172025314","properties":{"kind":"park","name":"Telok Ayer Park"},"geometry":{"type":"Polygon","coordinates":[[[103.8465205,1.2786867],[103.8465044,1.2784802],[103.8464092,1.2781235],[103.8463931,1.2779103],[103.8466023,1.2776757],[103.8467042,1.2775738],[103.8467954,1.2775403],[103.8468665,1.2775563],[103.8470046,1.277598],[103.8471704,1.2778757],[103.8468826,1.2780833],[103.846841,1.2782683],[103.8468249,1.2785231],[103.8468249,1.2786894],[103.8465205,1.2786867]]]}},{"type":"Feature","id":"osm-way-172025316","properties":{"kind":"building","name":"RHB Bank"},"geometry":{"type":"Polygon","coordinates":[[[103.8489105,1.281297],[103.8491126,1.2811765],[103.8492536,1.2814131],[103.8490515,1.2815335],[103.8489105,1.281297]]]}},{"type":"Feature","id":"osm-way-172025317","properties":{"kind":"building","name":"Telok Ayer Chinese Methodist Church"},"geometry":{"type":"Polygon","coordinates":[[[103.8470771,1.2783327],[103.8470986,1.2785955],[103.8469202,1.2786089],[103.8469323,1.2783435],[103.8470771,1.2783327]]]}},{"type":"Feature","id":"osm-way-172090787","properties":{"kind":"building","name":"Orchard Road Presbyterian Church"},"geometry":{"type":"Polygon","coordinates":[[[103.8474317,1.2980435],[103.8473291,1.2979143],[103.8473527,1.2978956],[103.8472849,1.2978102],[103.8471819,1.297892],[103.8471638,1.2979063],[103.8471474,1.2978857],[103.8471152,1.2978479],[103.8470708,1.2978808],[103.8469745,1.2977507],[103.8470399,1.2977022],[103.847143,1.2976387],[103.847173,1.2976693],[103.847248,1.2977638],[103.8473818,1.2976577],[103.8474413,1.2977327],[103.8475056,1.2976874],[103.8474805,1.2976587],[103.8474914,1.2976511],[103.8474814,1.2976363],[103.8476644,1.297583],[103.8476839,1.2976103],[103.8477505,1.2976981],[103.8477982,1.2977612],[103.8478534,1.297834],[103.847703,1.2979479],[103.8476478,1.2978751],[103.8476,1.2978121],[103.8475657,1.2977667],[103.847509,1.2978179],[103.8475878,1.2979172],[103.8475455,1.2979508],[103.8475731,1.2979847],[103.8475027,1.2980408],[103.8474759,1.2980084],[103.8474317,1.2980435]]]}},{"type":"Feature","id":"osm-way-172090788","properties":{"kind":"building","name":"Citadines Connect"},"geometry":{"type":"Polygon","coordinates":[[[103.8439483,1.2976097],[103.8442319,1.2976253],[103.8442162,1.2979122],[103.8439597,1.2978981],[103.8439325,1.2978966],[103.8439483,1.2976097]]]}},{"type":"Feature","id":"osm-way-172090790","properties":{"kind":"building","name":"Haw Par Glass Tower"},"geometry":{"type":"Polygon","coordinates":[[[103.8440775,1.2968934],[103.8440443,1.296851],[103.8440312,1.2967874],[103.8440433,1.2967387],[103.8440692,1.2967018],[103.8440908,1.2966846],[103.8441327,1.2966671],[103.8441777,1.2966651],[103.8442102,1.2966738],[103.8442483,1.2966979],[103.8442672,1.2967193],[103.8442887,1.296771],[103.8442854,1.2968305],[103.8442585,1.2968794],[103.8442106,1.2969166],[103.8441689,1.2969187],[103.8441214,1.2969179],[103.8440775,1.2968934]]]}},{"type":"Feature","id":"osm-way-172090791","properties":{"kind":"building","name":"Ji Hotel Orchard"},"geometry":{"type":"Polygon","coordinates":[[[103.844424,1.2975407],[103.84453,1.2975456],[103.8445099,1.2978834],[103.8444042,1.2979133],[103.844424,1.2975407]]]}},{"type":"Feature","id":"osm-way-172090793","properties":{"kind":"building","name":"Red Cross House"},"geometry":{"type":"Polygon","coordinates":[[[103.8444212,1.2974776],[103.8444473,1.2970631],[103.8445635,1.2970704],[103.844553,1.2972377],[103.8446322,1.2972427],[103.8446264,1.2973351],[103.8445835,1.2973324],[103.8445772,1.297432],[103.8445316,1.2974292],[103.8445282,1.2974843],[103.8444212,1.2974776]]]}},{"type":"Feature","id":"osm-way-172205489","properties":{"kind":"road","name":"Dragonfly Bridge"},"geometry":{"type":"LineString","coordinates":[[103.8620098,1.2825557],[103.8619353,1.2825719],[103.861887,1.2825778],[103.8618521,1.2825713],[103.8618165,1.2825353],[103.8617164,1.2823982]]}},{"type":"Feature","id":"osm-way-172263106","properties":{"kind":"road","name":"Raffles Place"},"geometry":{"type":"LineString","coordinates":[[103.8515862,1.2835789],[103.8515928,1.2836317],[103.8516397,1.2840053],[103.851687,1.2843831],[103.8516929,1.28443],[103.8515627,1.2844517]]}},{"type":"Feature","id":"osm-way-172270393","properties":{"kind":"building","name":"United Overseas Insurance Building"},"geometry":{"type":"Polygon","coordinates":[[[103.8480174,1.2782849],[103.8479659,1.2782022],[103.8482008,1.2780562],[103.8482522,1.2781388],[103.8482395,1.2781467],[103.8480174,1.2782849]]]}},{"type":"Feature","id":"osm-way-172270395","properties":{"kind":"building","name":"Oxley Tower"},"geometry":{"type":"Polygon","coordinates":[[[103.8484003,1.2789282],[103.8483877,1.2789154],[103.8481748,1.2785733],[103.8484128,1.2784253],[103.8484881,1.2785466],[103.8484896,1.278554],[103.8484889,1.2785612],[103.8484842,1.2785686],[103.8484994,1.2785833],[103.8485125,1.2785995],[103.8485266,1.2786237],[103.8485391,1.2786555],[103.8485429,1.278671],[103.8485685,1.2786825],[103.8485871,1.2787054],[103.8486238,1.2787698],[103.8486262,1.2787952],[103.8486166,1.2788135],[103.8486001,1.278827],[103.8484412,1.2789258],[103.848422,1.2789319],[103.8484003,1.2789282]]]}},{"type":"Feature","id":"osm-way-172270399","properties":{"kind":"building","name":"Robinson Square"},"geometry":{"type":"Polygon","coordinates":[[[103.8480605,1.2783894],[103.8480016,1.2782947],[103.8480174,1.2782849],[103.8482395,1.2781467],[103.8482473,1.2781593],[103.8482984,1.2782414],[103.8480605,1.2783894]]]}},{"type":"Feature","id":"osm-way-172270403","properties":{"kind":"building","name":"Liberty House"},"geometry":{"type":"Polygon","coordinates":[[[103.8460116,1.2821005],[103.8458954,1.2819448],[103.8458992,1.2819063],[103.8460078,1.281791],[103.8460403,1.2817906],[103.8461551,1.2819369],[103.8460116,1.2821005]]]}},{"type":"Feature","id":"osm-way-172270415","properties":{"kind":"building","name":"SIF Building"},"geometry":{"type":"Polygon","coordinates":[[[103.8491129,1.2799961],[103.8489624,1.2797471],[103.8491769,1.2796176],[103.8493274,1.2798668],[103.849198,1.2799417],[103.8491347,1.2799797],[103.8491129,1.2799961]]]}},{"type":"Feature","id":"osm-way-172270428","properties":{"kind":"building","name":"TAHIR Building"},"geometry":{"type":"Polygon","coordinates":[[[103.8480605,1.2783894],[103.8482984,1.2782414],[103.8484128,1.2784253],[103.8481748,1.2785733],[103.8480605,1.2783894]]]}},{"type":"Feature","id":"osm-way-172271291","properties":{"kind":"building","name":"Dynasty Travel Hub"},"geometry":{"type":"Polygon","coordinates":[[[103.8471371,1.2883287],[103.8472669,1.2882357],[103.8473358,1.2883334],[103.8473372,1.2883482],[103.8473195,1.2883741],[103.847235,1.2884224],[103.8472071,1.2884192],[103.8471371,1.2883287]]]}},{"type":"Feature","id":"osm-way-172271316","properties":{"kind":"building","name":"Maybank Kim Eng Securities"},"geometry":{"type":"Polygon","coordinates":[[[103.8470514,1.2882699],[103.8469997,1.2881977],[103.8471597,1.2880832],[103.8472114,1.2881554],[103.8470514,1.2882699]]]}},{"type":"Feature","id":"osm-way-172271707","properties":{"kind":"building","name":"PARKROYAL COLLECTION Pickering, Singapore"},"geometry":{"type":"Polygon","coordinates":[[[103.8455724,1.2858617],[103.8458457,1.285711],[103.84598,1.2856369],[103.8462536,1.2854861],[103.8463871,1.2854124],[103.8466596,1.2852622],[103.8467955,1.2851872],[103.8468009,1.2851843],[103.8468358,1.2851924],[103.8468845,1.2852855],[103.846879,1.285304],[103.8468949,1.2853415],[103.846918,1.2853516],[103.846956,1.2854283],[103.84695,1.2854477],[103.8469429,1.2854516],[103.8468065,1.2855265],[103.846534,1.2856762],[103.8463978,1.285751],[103.8461254,1.2859006],[103.8459899,1.285975],[103.8458392,1.2860578],[103.8457173,1.2861247],[103.8455724,1.2858617]]]}},{"type":"Feature","id":"osm-way-172272609","properties":{"kind":"building","name":"Nagore Durgha Indian Muslim Heritage Centre"},"geometry":{"type":"Polygon","coordinates":[[[103.8478121,1.2815546],[103.8477584,1.2814586],[103.8479277,1.2813639],[103.847954,1.2814109],[103.8479814,1.2814599],[103.8478121,1.2815546]]]}},{"type":"Feature","id":"osm-way-172272611","properties":{"kind":"building","name":"Thian Hock Keng"},"geometry":{"type":"Polygon","coordinates":[[[103.8474264,1.2813638],[103.8474158,1.2813444],[103.8474057,1.281326],[103.8473778,1.2812751],[103.8473503,1.2812247],[103.847331,1.2811896],[103.8473076,1.2811469],[103.8472889,1.2811127],[103.8472647,1.2810685],[103.8472488,1.2810434],[103.8472404,1.2810241],[103.8474204,1.280926],[103.847339,1.2807362],[103.8475239,1.2806486],[103.8477059,1.280985],[103.847833,1.2812198],[103.8475781,1.2813594],[103.847545,1.2812989],[103.8474264,1.2813638]]]}},{"type":"Feature","id":"osm-way-172275307","properties":{"kind":"building","name":"安溪会馆"},"geometry":{"type":"Polygon","coordinates":[[[103.8424202,1.2826016],[103.8423697,1.2826525],[103.8423278,1.2826457],[103.8422803,1.2825882],[103.8423509,1.2825212],[103.8423658,1.2825366],[103.8424202,1.2826016]]]}},{"type":"Feature","id":"osm-way-172288974","properties":{"kind":"water","name":""},"geometry":{"type":"Polygon","coordinates":[[[103.8658675,1.2830503],[103.8658725,1.2830242],[103.8658725,1.2828376],[103.8660703,1.2827032],[103.8661151,1.2827368],[103.8660492,1.2828675],[103.8660268,1.2830192],[103.866023,1.2830553],[103.8660243,1.2828774],[103.8660467,1.2828115],[103.8660492,1.2827941],[103.866033,1.2827816],[103.8660068,1.2827903],[103.8659061,1.2828513],[103.8658936,1.2828786],[103.8658936,1.2830329],[103.8658837,1.283064],[103.8658675,1.2830503]]]}},{"type":"Feature","id":"osm-way-172297160","properties":{"kind":"building","name":"The Canopy"},"geometry":{"type":"Polygon","coordinates":[[[103.865603,1.2844191],[103.8654542,1.2844345],[103.8654388,1.2843923],[103.8654142,1.2843977],[103.8653892,1.2843125],[103.865319,1.2842585],[103.8653521,1.2842324],[103.8652235,1.2842052],[103.8651558,1.2841395],[103.8651179,1.284108],[103.8650653,1.2840685],[103.8649385,1.2840162],[103.8648212,1.28398],[103.8648295,1.2839549],[103.8648386,1.283929],[103.8648913,1.2839317],[103.8649493,1.2839394],[103.8650039,1.2839478],[103.8649647,1.2839277],[103.8649198,1.2839009],[103.8649003,1.2838818],[103.8648819,1.2838603],[103.8647924,1.2837091],[103.8648087,1.283697],[103.8648574,1.2836582],[103.8648692,1.283683],[103.864907,1.2837621],[103.8649426,1.283803],[103.8649727,1.2838285],[103.8650277,1.2838466],[103.8651578,1.283872],[103.8652262,1.2839035],[103.8653006,1.2839619],[103.8652913,1.283868],[103.8653006,1.2838184],[103.8653476,1.2837078],[103.8653697,1.2836542],[103.8653938,1.2835603],[103.8653938,1.2835127],[103.8653938,1.2834906],[103.865371,1.2834081],[103.8653496,1.2833217],[103.8653901,1.2833243],[103.8654301,1.2833217],[103.8654649,1.2834557],[103.8654689,1.2835643],[103.865473,1.2836971],[103.8655125,1.2836461],[103.8656151,1.2835281],[103.8656822,1.2834665],[103.8656909,1.2834785],[103.8657063,1.2834946],[103.865646,1.2835616],[103.8655749,1.2836703],[103.865544,1.2837373],[103.8655266,1.2838808],[103.8655266,1.2839786],[103.8655548,1.2840685],[103.8655854,1.2841365],[103.8656147,1.2841969],[103.8656477,1.2842352],[103.8655682,1.2842723],[103.8656151,1.2843567],[103.865603,1.2844191]]]}},{"type":"Feature","id":"osm-way-172297161","properties":{"kind":"building","name":"Visitors Centre"},"geometry":{"type":"Polygon","coordinates":[[[103.8653952,1.2825051],[103.8655238,1.2820871],[103.8654887,1.2820036],[103.8654864,1.2819688],[103.8654983,1.2819431],[103.8655141,1.2819259],[103.8655326,1.2819102],[103.8655635,1.2818972],[103.8655669,1.281864],[103.8655375,1.2818593],[103.8655395,1.2818182],[103.8655731,1.2818176],[103.865571,1.2816862],[103.8656274,1.2816439],[103.865647,1.2815026],[103.8656558,1.2814827],[103.8656809,1.2813278],[103.8657471,1.281301],[103.8657042,1.2815692],[103.8657245,1.2816231],[103.8656736,1.2818713],[103.8656654,1.2819594],[103.8657262,1.2819676],[103.8661717,1.2820318],[103.8662716,1.2820164],[103.8665224,1.281873],[103.8665452,1.2819454],[103.866281,1.2820828],[103.8661737,1.2820955],[103.865937,1.2820623],[103.8657546,1.2820381],[103.8657163,1.282033],[103.865654,1.2820247],[103.8654877,1.2825018],[103.8655461,1.2826727],[103.8655755,1.2827562],[103.8654421,1.2832741],[103.8654341,1.2833029],[103.8654301,1.2833217],[103.8653901,1.2833243],[103.8653496,1.2833217],[103.8653617,1.28326],[103.8654039,1.2830817],[103.8654455,1.2829094],[103.8654689,1.2827813],[103.8653952,1.2825051]]]}},{"type":"Feature","id":"osm-way-172297177","properties":{"kind":"road","name":""},"geometry":{"type":"LineString","coordinates":[[103.8621966,1.2791079],[103.8623163,1.2790781],[103.8624554,1.2790903],[103.8625488,1.2791156],[103.862618,1.2792003],[103.8626313,1.279268],[103.8626401,1.2794035],[103.8626208,1.2795724],[103.8626013,1.2796596],[103.8625274,1.2798179],[103.8624026,1.2798971],[103.8623074,1.2799248],[103.862169,1.2799314],[103.8620578,1.2799129],[103.8619362,1.2798961],[103.8618271,1.2798592],[103.8617672,1.2797976],[103.8617408,1.279729],[103.8617444,1.2796199],[103.8617567,1.2795302],[103.8617983,1.2794301],[103.8618264,1.2793954],[103.8620057,1.2792307],[103.8621966,1.2791079]]}},{"type":"Feature","id":"osm-way-172297263","properties":{"kind":"road","name":""},"geometry":{"type":"LineString","coordinates":[[103.8621966,1.2791079],[103.8621788,1.2786934],[103.8621667,1.2784904],[103.8621352,1.2783066]]}},{"type":"Feature","id":"osm-way-172297277","properties":{"kind":"road","name":""},"geometry":{"type":"LineString","coordinates":[[103.8650972,1.2832237],[103.8649593,1.2826649],[103.8649572,1.2825145],[103.8649565,1.2824461],[103.8649858,1.2821363],[103.8650062,1.2817719],[103.8650033,1.2817025],[103.8649948,1.2816612],[103.8649902,1.281639],[103.8648511,1.281259],[103.8648064,1.2811603],[103.8647903,1.2811135]]}},{"type":"Feature","id":"osm-way-172297291","properties":{"kind":"road","name":""},"geometry":{"type":"LineString","coordinates":[[103.8628044,1.2823981],[103.8628505,1.2824001],[103.8628811,1.2824019],[103.8629234,1.2824186]]}},{"type":"Feature","id":"osm-way-172297298","properties":{"kind":"road","name":""},"geometry":{"type":"LineString","coordinates":[[103.8621667,1.2784904],[103.8622125,1.2784587],[103.862263,1.2781439],[103.861955,1.2781879],[103.8619909,1.2782469],[103.862121,1.2784605],[103.8621667,1.2784904]]}},{"type":"Feature","id":"osm-way-172299352","properties":{"kind":"road","name":""},"geometry":{"type":"LineString","coordinates":[[103.8629604,1.2819206],[103.8629739,1.2817698],[103.8629844,1.2817408],[103.8629924,1.2817073],[103.8629518,1.2816499],[103.8628944,1.2813771],[103.8627766,1.2812264],[103.8623862,1.2806904],[103.8623245,1.2806281],[103.8623157,1.2802103],[103.862169,1.2799314]]}},{"type":"Feature","id":"osm-way-172299356","properties":{"kind":"road","name":""},"geometry":{"type":"LineString","coordinates":[[103.8629291,1.2822102],[103.8629604,1.2819206]]}},{"type":"Feature","id":"osm-way-172299378","properties":{"kind":"water","name":""},"geometry":{"type":"Polygon","coordinates":[[[103.8663184,1.2830139],[103.8663034,1.2830052],[103.8663016,1.2829847],[103.8663196,1.2829561],[103.8663451,1.2829374],[103.8663688,1.2829411],[103.8663773,1.2829453],[103.8663812,1.2829579],[103.8663806,1.2829859],[103.8663588,1.2830077],[103.8663352,1.2830177],[103.8663184,1.2830139]]]}},{"type":"Feature","id":"osm-way-172299381","properties":{"kind":"water","name":""},"geometry":{"type":"Polygon","coordinates":[[[103.8658032,1.2831757],[103.8658499,1.2830786],[103.8658698,1.2830898],[103.8658586,1.2831651],[103.8658324,1.2831956],[103.8658144,1.2831906],[103.8658032,1.2831757]]]}},{"type":"Feature","id":"osm-way-172299382","properties":{"kind":"water","name":""},"geometry":{"type":"Polygon","coordinates":[[[103.8631114,1.2810899],[103.8630422,1.2809932],[103.8629153,1.2808788],[103.8628046,1.2808178],[103.8627511,1.2807991],[103.8627548,1.2807481],[103.8629526,1.2808365],[103.8630796,1.2809223],[103.8631654,1.2809877],[103.8631114,1.2810899]]]}},{"type":"Feature","id":"osm-way-172307471","properties":{"kind":"building","name":"Marina Bay Sands Tower 3"},"geometry":{"type":"Polygon","coordinates":[[[103.8611752,1.2846907],[103.8611459,1.284699],[103.8610342,1.2847306],[103.8610137,1.2846581],[103.8609398,1.284679],[103.8608858,1.2846942],[103.8607721,1.2842924],[103.8610409,1.2842163],[103.8611752,1.2846907]]]}},{"type":"Feature","id":"osm-way-172307472","properties":{"kind":"building","name":"Marina Bay Sands Tower 2"},"geometry":{"type":"Polygon","coordinates":[[[103.8606018,1.2839324],[103.860369,1.2834367],[103.8607815,1.2832456],[103.8610143,1.2837414],[103.860892,1.2837988],[103.8606018,1.2839324]]]}},{"type":"Feature","id":"osm-way-172307473","properties":{"kind":"road","name":"Sheares Link"},"geometry":{"type":"LineString","coordinates":[[103.8598361,1.2820616],[103.859486,1.2822751],[103.8594737,1.2822824],[103.859437,1.2823044]]}},{"type":"Feature","id":"osm-way-172364977","properties":{"kind":"building","name":"Bugis Junction"},"geometry":{"type":"Polygon","coordinates":[[[103.8554141,1.299853],[103.8555491,1.299752],[103.8555255,1.2997185],[103.8554673,1.2996399],[103.8556205,1.2995265],[103.8556485,1.2995643],[103.8556787,1.2996051],[103.8557074,1.2996451],[103.8558492,1.2995353],[103.855876,1.2995146],[103.855804,1.2994231],[103.8559339,1.2993269],[103.8560118,1.2992692],[103.8563905,1.2997775],[103.8563404,1.2999883],[103.8559642,1.3003623],[103.8558236,1.3003352],[103.8554141,1.299853]]]}},{"type":"Feature","id":"osm-way-172364980","properties":{"kind":"building","name":"Bugis Cube Shopping Mall"},"geometry":{"type":"Polygon","coordinates":[[[103.8558612,1.2982994],[103.8557232,1.2984096],[103.8554473,1.2980654],[103.8554153,1.2980255],[103.8555532,1.2979151],[103.8558272,1.2982588],[103.8558612,1.2982994]]]}},{"type":"Feature","id":"osm-way-172364985","properties":{"kind":"building","name":"Chan Brothers Building"},"geometry":{"type":"Polygon","coordinates":[[[103.8554329,1.2977477],[103.8553189,1.2978391],[103.8552893,1.2978583],[103.8552621,1.2978205],[103.8552751,1.2977057],[103.8553402,1.2976596],[103.8553733,1.2976643],[103.8554329,1.2977477]]]}},{"type":"Feature","id":"osm-way-172368086","properties":{"kind":"building","name":"Central Fire Station"},"geometry":{"type":"Polygon","coordinates":[[[103.8486444,1.2922397],[103.8485982,1.2921487],[103.8490356,1.2919267],[103.8490856,1.2920251],[103.849112,1.2920117],[103.8490797,1.2919482],[103.8491094,1.2919331],[103.8490871,1.2918892],[103.8491125,1.2918763],[103.849134,1.2919187],[103.8491683,1.2919013],[103.8492038,1.2919711],[103.8492211,1.2919624],[103.849263,1.292045],[103.8492456,1.2920538],[103.8492808,1.2921232],[103.8492521,1.2921377],[103.849353,1.2923363],[103.8493362,1.2923448],[103.8493519,1.2923758],[103.8492793,1.2924127],[103.8492744,1.2924031],[103.8492589,1.2924109],[103.8492473,1.2923882],[103.8492546,1.2923845],[103.8491553,1.2921889],[103.8491537,1.2921897],[103.849144,1.2921705],[103.8491362,1.2921745],[103.8491065,1.292116],[103.8490799,1.2921295],[103.8490363,1.2920436],[103.8487478,1.29219],[103.8487867,1.2922667],[103.8487872,1.2922664],[103.8488323,1.2923553],[103.8487346,1.2924049],[103.8486871,1.2923115],[103.8487253,1.2922921],[103.8486875,1.2922178],[103.8486444,1.2922397]]]}},{"type":"Feature","id":"osm-way-172368087","properties":{"kind":"building","name":"National Archives of Singapore"},"geometry":{"type":"Polygon","coordinates":[[[103.8484828,1.2934738],[103.8484707,1.293499],[103.8482973,1.2934158],[103.848275,1.2934621],[103.8480969,1.2933766],[103.8481157,1.2933376],[103.8480955,1.2933279],[103.8481908,1.2931293],[103.8484098,1.2926732],[103.8484233,1.2926797],[103.8484542,1.2926154],[103.8486241,1.2926969],[103.8485746,1.2928],[103.8484905,1.2927597],[103.8483387,1.2930759],[103.8483867,1.2930989],[103.8484556,1.2929554],[103.8485849,1.2930174],[103.8485034,1.2931872],[103.8484331,1.2931534],[103.8484241,1.2931721],[103.8483673,1.2931448],[103.8483758,1.2931272],[103.8483752,1.2931269],[103.8483261,1.2931034],[103.8482879,1.293183],[103.84827,1.2932202],[103.8485413,1.2933504],[103.8485345,1.2933646],[103.8485584,1.2933761],[103.8485688,1.2933811],[103.8485408,1.2934395],[103.8485166,1.29349],[103.8485052,1.2934845],[103.8484828,1.2934738]]]}},{"type":"Feature","id":"osm-way-172368088","properties":{"kind":"building","name":"Registry of Marriages"},"geometry":{"type":"Polygon","coordinates":[[[103.8479441,1.2944971],[103.8479083,1.2944882],[103.8478897,1.294563],[103.8477151,1.2945198],[103.8477397,1.2944208],[103.8476547,1.2943998],[103.847706,1.2941928],[103.8477897,1.2942135],[103.8478141,1.2941149],[103.8479886,1.2941581],[103.8480127,1.2940607],[103.8480507,1.2940701],[103.8479881,1.2943223],[103.8480653,1.2943415],[103.84809,1.2943476],[103.848068,1.2944363],[103.8480446,1.2944305],[103.8479655,1.2944109],[103.8479441,1.2944971]]]}},{"type":"Feature","id":"osm-way-172368089","properties":{"kind":"building","name":"Children's Museum Singapore"},"geometry":{"type":"Polygon","coordinates":[[[103.8488115,1.292995],[103.8486317,1.2928709],[103.8486745,1.292809],[103.8486181,1.29277],[103.8486777,1.2926837],[103.8489124,1.2928457],[103.8488915,1.292876],[103.848893,1.292877],[103.8488656,1.2929167],[103.8488115,1.292995]]]}},{"type":"Feature","id":"osm-way-172368090","properties":{"kind":"building","name":"Fort Canning Centre"},"geometry":{"type":"Polygon","coordinates":[[[103.8467122,1.2951262],[103.846784,1.2947731],[103.8469613,1.2948091],[103.8468902,1.295159],[103.846914,1.2951638],[103.8468984,1.2952408],[103.8468823,1.2953198],[103.8468565,1.2953146],[103.8467889,1.295647],[103.8466116,1.295611],[103.8466785,1.2952818],[103.8466459,1.2952752],[103.8466605,1.2952033],[103.8466776,1.2951192],[103.8467122,1.2951262]]]}},{"type":"Feature","id":"osm-way-172368091","properties":{"kind":"building","name":"Freemasons' Hall"},"geometry":{"type":"Polygon","coordinates":[[[103.8492192,1.2924407],[103.8492307,1.2924342],[103.8492546,1.2924767],[103.8492703,1.2924678],[103.8492835,1.2924913],[103.8492959,1.2924843],[103.8493157,1.2925195],[103.849279,1.2925401],[103.8492825,1.2925463],[103.8492498,1.2925647],[103.8492467,1.2925592],[103.8492257,1.292571],[103.8491844,1.2924975],[103.8492027,1.2924872],[103.8491706,1.2924301],[103.849203,1.2924119],[103.8492192,1.2924407]]]}},{"type":"Feature","id":"osm-way-172368093","properties":{"kind":"building","name":"Armenian Church of Saint Gregory the Illuminator"},"geometry":{"type":"Polygon","coordinates":[[[103.8492829,1.2931957],[103.8492718,1.2931745],[103.8492606,1.2931531],[103.8493051,1.2931298],[103.8492835,1.2930886],[103.8493544,1.2930515],[103.8493358,1.2930159],[103.849386,1.2929896],[103.8494046,1.293025],[103.8494338,1.2930097],[103.8494499,1.2930404],[103.8494959,1.2930163],[103.8495256,1.2930729],[103.8494797,1.293097],[103.8494948,1.2931258],[103.8494686,1.2931396],[103.8494893,1.2931792],[103.8494391,1.2932055],[103.8494184,1.293166],[103.8493446,1.2932047],[103.8493275,1.2931723],[103.8492829,1.2931957]]]}},{"type":"Feature","id":"osm-way-172368094","properties":{"kind":"building","name":"Masonic Hall"},"geometry":{"type":"Polygon","coordinates":[[[103.8488387,1.2924421],[103.848847,1.2924587],[103.8489934,1.2923859],[103.8491155,1.2926296],[103.849004,1.2926859],[103.8489012,1.2927378],[103.8487826,1.292501],[103.8488091,1.2924878],[103.8488035,1.2924766],[103.8487945,1.2924586],[103.8487326,1.2924894],[103.8487071,1.2924382],[103.8490141,1.2922855],[103.8490418,1.2923411],[103.8488387,1.2924421]]]}},{"type":"Feature","id":"osm-way-172368097","properties":{"kind":"building","name":"Armenian Heritage Gallery"},"geometry":{"type":"Polygon","coordinates":[[[103.8491613,1.2929348],[103.8491929,1.2929187],[103.8492166,1.2929649],[103.8491844,1.2929813],[103.8492031,1.2930178],[103.8490688,1.2930865],[103.8490078,1.2929673],[103.8491427,1.2928983],[103.8491613,1.2929348]]]}},{"type":"Feature","id":"osm-way-172469228","properties":{"kind":"water","name":""},"geometry":{"type":"Polygon","coordinates":[[[103.8699239,1.2816565],[103.869952,1.2815847],[103.8699411,1.2815191],[103.8699442,1.2814426],[103.8700051,1.2813286],[103.870052,1.2812927],[103.8701067,1.2811928],[103.8701301,1.2812693],[103.8700692,1.2813442],[103.8700426,1.281427],[103.8700364,1.2815222],[103.8700083,1.2815878],[103.8699239,1.2816565]]]}},{"type":"Feature","id":"osm-way-172474137","properties":{"kind":"building","name":"Singapore Flyer Car Park"},"geometry":{"type":"Polygon","coordinates":[[[103.8628224,1.2908711],[103.8624778,1.2909967],[103.8624209,1.2908405],[103.8621451,1.2900897],[103.8620958,1.289949],[103.8621744,1.2899203],[103.8621514,1.2899102],[103.8621234,1.2898841],[103.8621135,1.2898651],[103.8621057,1.2898501],[103.8621004,1.2898122],[103.8621079,1.2897747],[103.8621275,1.2897418],[103.862157,1.2897173],[103.8621929,1.2897041],[103.8622312,1.2897035],[103.8622675,1.2897157],[103.8622963,1.2897378],[103.8623168,1.2897681],[103.8623303,1.289805],[103.8624214,1.2897718],[103.8624496,1.2898489],[103.8625007,1.2899891],[103.8628224,1.2908711]]]}},{"type":"Feature","id":"osm-way-172524619","properties":{"kind":"building","name":"The Oxley"},"geometry":{"type":"Polygon","coordinates":[[[103.8420133,1.2992416],[103.8419528,1.2990147],[103.8420293,1.2989773],[103.8421931,1.2988778],[103.8422135,1.2989126],[103.8422235,1.2989045],[103.8422176,1.2988924],[103.8422157,1.2988828],[103.8422159,1.2988731],[103.8422181,1.298864],[103.842222,1.2988556],[103.842227,1.2988489],[103.8422331,1.2988432],[103.8422425,1.2988376],[103.8422531,1.2988344],[103.8422641,1.2988339],[103.8422779,1.2988372],[103.84229,1.2988446],[103.8422993,1.2988555],[103.8423047,1.2988687],[103.8423058,1.2988798],[103.8423042,1.2988908],[103.8422996,1.2989018],[103.8422923,1.2989111],[103.8422828,1.2989183],[103.8422934,1.2989303],[103.8423293,1.2989053],[103.8423862,1.2989996],[103.8422417,1.2991552],[103.8422453,1.299173],[103.8420133,1.2992416]]]}},{"type":"Feature","id":"osm-way-172524632","properties":{"kind":"building","name":"Regency House"},"geometry":{"type":"Polygon","coordinates":[[[103.8416185,1.2995237],[103.8423826,1.2992816],[103.8423843,1.2992867],[103.842472,1.2992565],[103.8424961,1.2993974],[103.8424555,1.299412],[103.8422295,1.2994935],[103.8419765,1.299565],[103.8417191,1.2996072],[103.8416392,1.2995723],[103.8416185,1.2995237]]]}},{"type":"Feature","id":"osm-way-172596704","properties":{"kind":"building","name":"Hotel Grand Pacific"},"geometry":{"type":"Polygon","coordinates":[[[103.852552,1.2971011],[103.8526855,1.2972615],[103.8529174,1.2975401],[103.8527336,1.297693],[103.8525018,1.2974143],[103.8524771,1.2974348],[103.852451,1.2974027],[103.8523884,1.2973276],[103.8523436,1.2972744],[103.852552,1.2971011]]]}},{"type":"Feature","id":"osm-way-172596706","properties":{"kind":"building","name":"Singapore Calligraphy Centre"},"geometry":{"type":"Polygon","coordinates":[[[103.850919,1.2985753],[103.850932,1.2985906],[103.8508313,1.2986759],[103.850733,1.2985598],[103.8507804,1.2985196],[103.850839,1.2985888],[103.8508772,1.2985565],[103.850839,1.2985115],[103.85099,1.2983837],[103.8510548,1.2984603],[103.850919,1.2985753]]]}},{"type":"Feature","id":"osm-way-172596709","properties":{"kind":"building","name":"V Hotel"},"geometry":{"type":"Polygon","coordinates":[[[103.8505572,1.2989056],[103.850745,1.298749],[103.8509801,1.2990287],[103.8509006,1.2990949],[103.8507923,1.2991852],[103.8506734,1.2990438],[103.8505572,1.2989056]]]}},{"type":"Feature","id":"osm-way-172596712","properties":{"kind":"building","name":"Dance Ensemble Singapore"},"geometry":{"type":"Polygon","coordinates":[[[103.8512628,1.29879],[103.8512022,1.2988401],[103.8512329,1.2988777],[103.8511049,1.2989819],[103.8509588,1.2988027],[103.8510867,1.2986984],[103.8511095,1.2987264],[103.8511693,1.298677],[103.8511992,1.2987132],[103.8512355,1.2986858],[103.8512745,1.2987374],[103.8512405,1.298763],[103.8512628,1.29879]]]}},{"type":"Feature","id":"osm-way-172596713","properties":{"kind":"building","name":"Singapore Council of Women's Organisation"},"geometry":{"type":"Polygon","coordinates":[[[103.8518695,1.2993885],[103.8518924,1.2994154],[103.8518131,1.2994844],[103.8518524,1.2995323],[103.8517559,1.2996112],[103.851713,1.2996054],[103.8515727,1.2994339],[103.8516967,1.2993325],[103.8517351,1.2993795],[103.8518085,1.299317],[103.8518299,1.299342],[103.8518651,1.299314],[103.8519031,1.2993618],[103.8518695,1.2993885]]]}},{"type":"Feature","id":"osm-way-172596714","properties":{"kind":"building","name":"NAFA Campus 1"},"geometry":{"type":"Polygon","coordinates":[[[103.8518499,1.2997552],[103.8520375,1.2999802],[103.8517531,1.3002172],[103.8517021,1.300156],[103.8516429,1.3002053],[103.8514645,1.2999914],[103.8510011,1.2994356],[103.8512241,1.2992497],[103.8512974,1.2993336],[103.8514643,1.2995245],[103.851458,1.2995604],[103.8513848,1.2995588],[103.8513496,1.2995642],[103.8514792,1.2997243],[103.8515052,1.2996965],[103.8515,1.2996495],[103.8515532,1.2996386],[103.8516125,1.2997155],[103.8515307,1.2997838],[103.8515942,1.29986],[103.8515741,1.2998767],[103.8515855,1.2998904],[103.8516274,1.2999406],[103.8518499,1.2997552]]]}},{"type":"Feature","id":"osm-way-172596715","properties":{"kind":"building","name":"Centre 42"},"geometry":{"type":"Polygon","coordinates":[[[103.8508965,1.2983776],[103.8509141,1.298399],[103.8507404,1.298538],[103.8506751,1.2984591],[103.8507107,1.2984297],[103.8507521,1.2984798],[103.8507758,1.2984611],[103.8507541,1.2984348],[103.8507676,1.2984236],[103.8507463,1.2983977],[103.8508457,1.2983159],[103.8508611,1.2983346],[103.8508837,1.2983155],[103.8509045,1.2983105],[103.8509227,1.2983218],[103.8509276,1.2983425],[103.8509164,1.2983607],[103.8508965,1.2983776]]]}},{"type":"Feature","id":"osm-way-172596716","properties":{"kind":"building","name":"Masjid Bencoolen"},"geometry":{"type":"Polygon","coordinates":[[[103.8503522,1.299615],[103.8500605,1.2992809],[103.8503333,1.299062],[103.8506342,1.2993893],[103.8503522,1.299615]]]}},{"type":"Feature","id":"osm-way-172596717","properties":{"kind":"building","name":"Jacob Ballas Centre and School"},"geometry":{"type":"Polygon","coordinates":[[[103.8504953,1.2982292],[103.8504178,1.2981339],[103.8505949,1.2979899],[103.8506724,1.2980852],[103.8504953,1.2982292]]]}},{"type":"Feature","id":"osm-way-172596721","properties":{"kind":"building","name":"Hotel Bencoolen"},"geometry":{"type":"Polygon","coordinates":[[[103.8500605,1.2992809],[103.8499641,1.299175],[103.8502379,1.2989491],[103.8503333,1.299062],[103.8500605,1.2992809]]]}},{"type":"Feature","id":"osm-way-172596722","properties":{"kind":"building","name":"Midtown House @ Old Police Station"},"geometry":{"type":"Polygon","coordinates":[[[103.8572982,1.297424],[103.8570323,1.2971539],[103.8571295,1.2970624],[103.8572337,1.2969644],[103.8572778,1.2970145],[103.8571772,1.2971126],[103.8573439,1.2972879],[103.8574469,1.2971881],[103.8574936,1.2972384],[103.8573902,1.2973366],[103.8572982,1.297424]]]}},{"type":"Feature","id":"osm-way-172596723","properties":{"kind":"building","name":"Stamford Arts Centre"},"geometry":{"type":"Polygon","coordinates":[[[103.8530042,1.3003425],[103.8528324,1.3001323],[103.8527788,1.300176],[103.8526877,1.3000645],[103.8529036,1.2998882],[103.8531665,1.30021],[103.8530042,1.3003425]]]}},{"type":"Feature","id":"osm-way-172596727","properties":{"kind":"building","name":"The Theatre Practice"},"geometry":{"type":"Polygon","coordinates":[[[103.8509462,1.2987759],[103.8508645,1.2986689],[103.8511325,1.2984643],[103.8512142,1.2985713],[103.8509462,1.2987759]]]}},{"type":"Feature","id":"osm-way-172596730","properties":{"kind":"building","name":"Income Centre"},"geometry":{"type":"Polygon","coordinates":[[[103.8494083,1.2992645],[103.8492244,1.2990417],[103.8493193,1.2989634],[103.8495132,1.2988034],[103.8496971,1.2990262],[103.8494083,1.2992645]]]}},{"type":"Feature","id":"osm-way-172596734","properties":{"kind":"building","name":"Hotel Mi"},"geometry":{"type":"Polygon","coordinates":[[[103.8499641,1.299175],[103.8497905,1.2989646],[103.8498427,1.2989215],[103.8500643,1.2987387],[103.8502379,1.2989491],[103.8499641,1.299175]]]}},{"type":"Feature","id":"osm-way-172596735","properties":{"kind":"building","name":"Old St Joseph's Institution"},"geometry":{"type":"Polygon","coordinates":[[[103.850986,1.2972243],[103.8510641,1.2971575],[103.8510046,1.2970882],[103.8510357,1.2970418],[103.8510409,1.2969898],[103.8510274,1.2969367],[103.8510037,1.296906],[103.8510281,1.2968881],[103.8510236,1.2968827],[103.851072,1.296841],[103.8510782,1.2968466],[103.8511027,1.296827],[103.8511391,1.2968766],[103.8511613,1.2969265],[103.8511721,1.2969993],[103.8511676,1.2970476],[103.8511504,1.2970987],[103.8513015,1.2972792],[103.8511618,1.2973931],[103.8512991,1.2975683],[103.8511996,1.2976438],[103.8510569,1.2974812],[103.850955,1.297563],[103.8509087,1.2975565],[103.8508489,1.2974894],[103.8507971,1.2974289],[103.8507341,1.2974236],[103.850654,1.2974074],[103.8505947,1.2973594],[103.8505505,1.2973034],[103.8505651,1.2972932],[103.8506673,1.2972223],[103.8507173,1.2972721],[103.8507809,1.2972704],[103.8508324,1.2972421],[103.8508923,1.2973089],[103.8509565,1.2972579],[103.8509171,1.2972078],[103.8509401,1.2971708],[103.850986,1.2972243]]]}},{"type":"Feature","id":"osm-way-172596737","properties":{"kind":"building","name":"Wisma Alsagoff"},"geometry":{"type":"Polygon","coordinates":[[[103.85593,1.2987015],[103.856043,1.2986063],[103.8561523,1.298737],[103.8561236,1.2987687],[103.8560462,1.2988599],[103.85593,1.2987015]]]}},{"type":"Feature","id":"osm-way-172596738","properties":{"kind":"building","name":"Somerset Bencoolen Singapore"},"geometry":{"type":"Polygon","coordinates":[[[103.8504573,1.2997312],[103.8503522,1.299615],[103.8506342,1.2993893],[103.8506691,1.2993613],[103.8507625,1.2994745],[103.8507086,1.2995198],[103.8504573,1.2997312]]]}},{"type":"Feature","id":"osm-way-172596751","properties":{"kind":"building","name":"Sculpture"},"geometry":{"type":"Polygon","coordinates":[[[103.8520977,1.2997763],[103.8519886,1.2996302],[103.8520749,1.2995657],[103.852184,1.2997119],[103.8520977,1.2997763]]]}},{"type":"Feature","id":"osm-way-172596755","properties":{"kind":"building","name":"SPACE"},"geometry":{"type":"Polygon","coordinates":[[[103.8505505,1.2998301],[103.8507994,1.2996224],[103.8509122,1.299737],[103.8506527,1.2999525],[103.8505505,1.2998301]]]}},{"type":"Feature","id":"osm-way-172596766","properties":{"kind":"building","name":"Heritage Place"},"geometry":{"type":"Polygon","coordinates":[[[103.856462,1.2983934],[103.8566211,1.2985376],[103.8563359,1.2988501],[103.8561773,1.2987054],[103.856462,1.2983934]]]}},{"type":"Feature","id":"osm-way-172596785","properties":{"kind":"building","name":"Waterloo Centre"},"geometry":{"type":"Polygon","coordinates":[[[103.8518796,1.2984484],[103.8520316,1.2983215],[103.8521369,1.2982411],[103.8523355,1.2984788],[103.8524199,1.2984083],[103.8524808,1.2984812],[103.8526988,1.2987421],[103.8525787,1.2988423],[103.8525463,1.2988694],[103.8521682,1.299185],[103.8520922,1.2992485],[103.8520191,1.2991609],[103.851674,1.2987479],[103.8516201,1.2986833],[103.8516058,1.2986662],[103.8514534,1.2984837],[103.8517218,1.2982596],[103.8518796,1.2984484]]]}},{"type":"Feature","id":"osm-way-172596786","properties":{"kind":"building","name":"Maghain Aboth Synagogue"},"geometry":{"type":"Polygon","coordinates":[[[103.8508054,1.2981806],[103.8508445,1.2982291],[103.8506598,1.2983779],[103.8505455,1.2982361],[103.8507302,1.2980873],[103.8507663,1.2981321],[103.8507997,1.2981058],[103.8508383,1.2981547],[103.8508054,1.2981806]]]}},{"type":"Feature","id":"osm-way-172596790","properties":{"kind":"building","name":"Selegie Arts Centre"},"geometry":{"type":"Polygon","coordinates":[[[103.849834,1.3002154],[103.8497638,1.2999679],[103.8497648,1.2999513],[103.8497794,1.2999377],[103.8498018,1.2999406],[103.8499113,1.3000792],[103.8498623,1.3001179],[103.8498798,1.3001852],[103.849834,1.3002154]]]}},{"type":"Feature","id":"osm-way-172596793","properties":{"kind":"building","name":"Nanyang Academy of Fine Arts Campus 2"},"geometry":{"type":"Polygon","coordinates":[[[103.8505893,1.2986561],[103.8506194,1.298692],[103.8506659,1.2986531],[103.8507386,1.2987401],[103.8505466,1.2989005],[103.8503563,1.2986728],[103.8505427,1.2985171],[103.8506163,1.2984556],[103.8507039,1.2985604],[103.8505893,1.2986561]]]}},{"type":"Feature","id":"osm-way-172597222","properties":{"kind":"building","name":"Block D"},"geometry":{"type":"Polygon","coordinates":[[[103.8452348,1.2895923],[103.8455292,1.2897208],[103.8460137,1.2900007],[103.8456199,1.2901702],[103.8454142,1.2900849],[103.8452348,1.2895923]]]}},{"type":"Feature","id":"osm-way-172597223","properties":{"kind":"building","name":"Merchants' Court"},"geometry":{"type":"Polygon","coordinates":[[[103.8447761,1.2904794],[103.8448045,1.2901564],[103.8448292,1.2900119],[103.8449476,1.2900522],[103.845251,1.290166],[103.8452018,1.2902961],[103.8452901,1.2903439],[103.8452088,1.2903839],[103.8448344,1.2905424],[103.8447806,1.2905093],[103.8447761,1.2904794]]]}},{"type":"Feature","id":"osm-way-172748749","properties":{"kind":"building","name":"Sri Thendayuthapani Temple"},"geometry":{"type":"Polygon","coordinates":[[[103.8426717,1.2943739],[103.8427144,1.2944079],[103.8426951,1.2944321],[103.8426526,1.2943982],[103.8426411,1.2944071],[103.8425306,1.2943191],[103.8426951,1.2941127],[103.8427296,1.2941401],[103.842748,1.2941171],[103.8428266,1.2941797],[103.8426717,1.2943739]]]}},{"type":"Feature","id":"osm-way-172748756","properties":{"kind":"building","name":"Chesed-El Synagogue"},"geometry":{"type":"Polygon","coordinates":[[[103.8427466,1.2972007],[103.8427838,1.2972365],[103.8427819,1.2972814],[103.8427429,1.2973186],[103.8427417,1.2973568],[103.8424952,1.2973492],[103.842497,1.2972935],[103.8424828,1.2972928],[103.8424608,1.2972728],[103.8424589,1.2972355],[103.8424866,1.2972088],[103.8424996,1.2972093],[103.8425014,1.2971488],[103.842748,1.2971564],[103.8427466,1.2972007]]]}},{"type":"Feature","id":"osm-way-172748757","properties":{"kind":"building","name":"SHRM College"},"geometry":{"type":"Polygon","coordinates":[[[103.843531,1.2962491],[103.8435354,1.2962292],[103.8434833,1.2962319],[103.8434784,1.2961412],[103.8435682,1.2961365],[103.8435699,1.2961666],[103.843639,1.2961393],[103.8436439,1.2961516],[103.8437111,1.2961216],[103.8437365,1.2961784],[103.8436111,1.2962343],[103.8435803,1.2963396],[103.8435291,1.2963246],[103.84355,1.2962533],[103.843531,1.2962491]]]}},{"type":"Feature","id":"osm-way-172748763","properties":{"kind":"building","name":"Sri Thendayuthapani Temple"},"geometry":{"type":"Polygon","coordinates":[[[103.8428035,1.2945401],[103.8428602,1.2945153],[103.8428927,1.2945896],[103.8429252,1.2945755],[103.8429438,1.2946181],[103.8433011,1.2944622],[103.8433352,1.2945404],[103.8430131,1.2946809],[103.8429908,1.2946298],[103.8428664,1.2946841],[103.8428035,1.2945401]]]}},{"type":"Feature","id":"osm-way-172748765","properties":{"kind":"building","name":"Sri Thendayuthapani Temple"},"geometry":{"type":"Polygon","coordinates":[[[103.8429417,1.2944879],[103.8428671,1.2943121],[103.8430843,1.2942199],[103.8430566,1.2941548],[103.8431424,1.2941183],[103.8431852,1.2942193],[103.8432504,1.2941916],[103.8432933,1.2942928],[103.8432643,1.2943051],[103.8433077,1.2944072],[103.8430642,1.2945106],[103.8430373,1.2944473],[103.8429417,1.2944879]]]}},{"type":"Feature","id":"osm-way-172748774","properties":{"kind":"building","name":"UE Square Residences"},"geometry":{"type":"Polygon","coordinates":[[[103.8417035,1.2925647],[103.841783,1.2925434],[103.8418286,1.2926212],[103.8418052,1.2926347],[103.8417546,1.2926651],[103.841912,1.292927],[103.8418531,1.2929624],[103.8420575,1.2933025],[103.8421744,1.2932322],[103.8422828,1.2934125],[103.8422131,1.2934544],[103.8422445,1.2935067],[103.8419965,1.2936557],[103.8413833,1.2926354],[103.8414961,1.2925681],[103.8416221,1.292574],[103.8417035,1.2925647]]]}},{"type":"Feature","id":"osm-way-172748831","properties":{"kind":"building","name":"Teochew Building"},"geometry":{"type":"Polygon","coordinates":[[[103.8436746,1.2956462],[103.8432142,1.2957516],[103.8430957,1.2952345],[103.8435561,1.295129],[103.8436746,1.2956462]]]}},{"type":"Feature","id":"osm-way-172748870","properties":{"kind":"building","name":"Sri Thendayuthapani Temple"},"geometry":{"type":"Polygon","coordinates":[[[103.8428832,1.2944696],[103.8427895,1.2945061],[103.8427324,1.2943595],[103.8428261,1.2943231],[103.8428832,1.2944696]]]}},{"type":"Feature","id":"osm-way-172748913","properties":{"kind":"building","name":"Church of the Sacred Heart"},"geometry":{"type":"Polygon","coordinates":[[[103.8433288,1.2960482],[103.8433168,1.2959126],[103.8437349,1.2958755],[103.8437469,1.296011],[103.8433288,1.2960482]]]}},{"type":"Feature","id":"osm-way-172748991","properties":{"kind":"building","name":"White Room Studio"},"geometry":{"type":"Polygon","coordinates":[[[103.8422799,1.2935596],[103.8423486,1.2935051],[103.8424473,1.2936324],[103.8424474,1.2936968],[103.8424148,1.2937244],[103.8422799,1.2935596]]]}},{"type":"Feature","id":"osm-way-172748994","properties":{"kind":"building","name":"Gianurn Building"},"geometry":{"type":"Polygon","coordinates":[[[103.8419943,1.2940792],[103.8420108,1.2941026],[103.8419997,1.2941606],[103.8418236,1.2943749],[103.8417889,1.2943902],[103.8417099,1.2942763],[103.8419943,1.2940792]]]}},{"type":"Feature","id":"osm-way-172749016","properties":{"kind":"building","name":"UE Square"},"geometry":{"type":"Polygon","coordinates":[[[103.8423477,1.2920581],[103.8424088,1.2920179],[103.8424881,1.2920189],[103.8425837,1.2919874],[103.8426534,1.2919224],[103.8426993,1.2918355],[103.8427643,1.2917935],[103.8430127,1.292242],[103.8428031,1.292369],[103.842591,1.2924975],[103.8423477,1.2920581]]]}},{"type":"Feature","id":"osm-way-172768639","properties":{"kind":"building","name":"X-Press Feeders Headquarters"},"geometry":{"type":"Polygon","coordinates":[[[103.8426319,1.2793312],[103.8425893,1.2793027],[103.8427075,1.2791164],[103.8427465,1.2791454],[103.8426319,1.2793312]]]}},{"type":"Feature","id":"osm-way-172768839","properties":{"kind":"building","name":"The Southbridge Hotel"},"geometry":{"type":"Polygon","coordinates":[[[103.8459193,1.2835159],[103.845715,1.2836359],[103.8455947,1.2834312],[103.845799,1.2833112],[103.8459193,1.2835159]]]}},{"type":"Feature","id":"osm-way-172769057","properties":{"kind":"building","name":"BBQ"},"geometry":{"type":"Polygon","coordinates":[[[103.8448324,1.2821036],[103.8448752,1.2820794],[103.8449147,1.2820571],[103.8450299,1.2819919],[103.8450541,1.2820346],[103.8448566,1.2821463],[103.8448324,1.2821036]]]}},{"type":"Feature","id":"osm-way-172769084","properties":{"kind":"building","name":"Applebox Asia"},"geometry":{"type":"Polygon","coordinates":[[[103.8446885,1.2818479],[103.8448764,1.2817365],[103.8449012,1.2817784],[103.8447134,1.2818898],[103.8446885,1.2818479]]]}},{"type":"Feature","id":"osm-way-172769128","properties":{"kind":"building","name":"TAMBA"},"geometry":{"type":"Polygon","coordinates":[[[103.8431303,1.2799437],[103.8430852,1.2799214],[103.843181,1.2797574],[103.8432235,1.2797844],[103.8431303,1.2799437]]]}},{"type":"Feature","id":"osm-way-172769129","properties":{"kind":"building","name":"Habyt Chinatown"},"geometry":{"type":"Polygon","coordinates":[[[103.8441676,1.2822426],[103.8440852,1.2820974],[103.8441253,1.2820747],[103.8442077,1.2822199],[103.8441676,1.2822426]]]}},{"type":"Feature","id":"osm-way-172769297","properties":{"kind":"building","name":"Coconut Chicken Hot Pot"},"geometry":{"type":"Polygon","coordinates":[[[103.8448863,1.2838071],[103.8449675,1.2839516],[103.8449219,1.2839772],[103.8448407,1.2838327],[103.8448863,1.2838071]]]}},{"type":"Feature","id":"osm-way-172769462","properties":{"kind":"building","name":"Huda Restaurant 胡大饭店"},"geometry":{"type":"Polygon","coordinates":[[[103.8435254,1.2835295],[103.8434238,1.2833521],[103.8434624,1.2833293],[103.8435686,1.2835038],[103.8435254,1.2835295]]]}},{"type":"Feature","id":"osm-way-172769590","properties":{"kind":"building","name":"Caracara"},"geometry":{"type":"Polygon","coordinates":[[[103.8421951,1.2792022],[103.84216,1.2791647],[103.8423677,1.2789708],[103.8424027,1.2790084],[103.8421951,1.2792022]]]}},{"type":"Feature","id":"osm-way-172775170","properties":{"kind":"building","name":"Galaxy Pods Capsule Hotel (Boat Quay)"},"geometry":{"type":"Polygon","coordinates":[[[103.8489322,1.2876477],[103.8490973,1.2876794],[103.8490999,1.2877291],[103.8489292,1.2876879],[103.8489322,1.2876477]]]}},{"type":"Feature","id":"osm-way-172775187","properties":{"kind":"building","name":"EF Singapore"},"geometry":{"type":"Polygon","coordinates":[[[103.8478971,1.2881477],[103.8480542,1.2883747],[103.8479591,1.2884406],[103.8478019,1.2882136],[103.8478971,1.2881477]]]}},{"type":"Feature","id":"osm-way-172775211","properties":{"kind":"building","name":"Jayleen Clarke Quay Hotel"},"geometry":{"type":"Polygon","coordinates":[[[103.8474341,1.2887383],[103.8475346,1.2886655],[103.8476285,1.2885975],[103.847662,1.2886436],[103.8476365,1.2886621],[103.8474877,1.2887701],[103.8474712,1.288782],[103.8474341,1.2887383]]]}},{"type":"Feature","id":"osm-way-172775217","properties":{"kind":"building","name":"21 Carpenter"},"geometry":{"type":"Polygon","coordinates":[[[103.8473097,1.288592],[103.8473175,1.2885511],[103.8475133,1.2884219],[103.8475486,1.2884757],[103.8476285,1.2885975],[103.8475346,1.2886655],[103.8474341,1.2887383],[103.8473097,1.288592]]]}},{"type":"Feature","id":"osm-way-172775272","properties":{"kind":"building","name":"Heisei Japanese Restaurant"},"geometry":{"type":"Polygon","coordinates":[[[103.8494959,1.2859522],[103.8495281,1.2859033],[103.8496672,1.2860117],[103.8496368,1.2860531],[103.8494959,1.2859522]]]}},{"type":"Feature","id":"osm-way-172775331","properties":{"kind":"building","name":"GeoInstinct"},"geometry":{"type":"Polygon","coordinates":[[[103.8490506,1.2864665],[103.8489097,1.2863585],[103.848933,1.2863254],[103.8490718,1.2864335],[103.8490506,1.2864665]]]}},{"type":"Feature","id":"osm-way-172775369","properties":{"kind":"building","name":"Bake It Yourself"},"geometry":{"type":"Polygon","coordinates":[[[103.8489224,1.2877754],[103.849101,1.2878206],[103.8491028,1.2878623],[103.8489187,1.2878219],[103.8489224,1.2877754]]]}},{"type":"Feature","id":"osm-way-172779689","properties":{"kind":"building","name":"The Quay Hotel"},"geometry":{"type":"Polygon","coordinates":[[[103.8483978,1.2869604],[103.8484433,1.287051],[103.8482616,1.2871272],[103.8482107,1.2870325],[103.8483978,1.2869604]]]}},{"type":"Feature","id":"osm-way-172779716","properties":{"kind":"building","name":"Leong Sen & Co."},"geometry":{"type":"Polygon","coordinates":[[[103.8483523,1.2872845],[103.8485385,1.2872139],[103.848566,1.2872643],[103.8483796,1.2873302],[103.8483523,1.2872845]]]}},{"type":"Feature","id":"osm-way-172779717","properties":{"kind":"building","name":"Tak Heng Co. Ltd"},"geometry":{"type":"Polygon","coordinates":[[[103.8483259,1.2872409],[103.8485149,1.2871697],[103.8485385,1.2872139],[103.8483523,1.2872845],[103.8483259,1.2872409]]]}},{"type":"Feature","id":"osm-way-172781429","properties":{"kind":"building","name":"The Novelty House"},"geometry":{"type":"Polygon","coordinates":[[[103.8474628,1.2879174],[103.8473084,1.2876751],[103.8474293,1.2875981],[103.8475836,1.2878405],[103.8474628,1.2879174]]]}},{"type":"Feature","id":"osm-way-172781435","properties":{"kind":"building","name":"ibis Budget Hotel Clarke Quay"},"geometry":{"type":"Polygon","coordinates":[[[103.8471249,1.2879443],[103.8470684,1.2878506],[103.8470787,1.2878201],[103.8471434,1.2877801],[103.8472977,1.2880225],[103.8472391,1.2880578],[103.847213,1.2880536],[103.8471249,1.2879443]]]}},{"type":"Feature","id":"osm-way-172781438","properties":{"kind":"building","name":"Safra@29"},"geometry":{"type":"Polygon","coordinates":[[[103.847535,1.288265],[103.8474239,1.2883363],[103.8472788,1.2881104],[103.8473899,1.288039],[103.847535,1.288265]]]}},{"type":"Feature","id":"osm-way-172781440","properties":{"kind":"building","name":"See Hoy Chan Equities Pte Ltd"},"geometry":{"type":"Polygon","coordinates":[[[103.847535,1.288265],[103.8473899,1.288039],[103.8474359,1.2880095],[103.8475809,1.2882355],[103.847535,1.288265]]]}},{"type":"Feature","id":"osm-way-172781442","properties":{"kind":"building","name":"Wing Joo Loong Ginseng Hong"},"geometry":{"type":"Polygon","coordinates":[[[103.8473903,1.2868027],[103.847404,1.2868268],[103.8475026,1.2870135],[103.8474578,1.2870387],[103.8473453,1.2868253],[103.8473903,1.2868027]]]}},{"type":"Feature","id":"osm-way-172781470","properties":{"kind":"building","name":"Hui Seng Building"},"geometry":{"type":"Polygon","coordinates":[[[103.8478377,1.2880706],[103.8476927,1.2878447],[103.8477678,1.2877965],[103.8479129,1.2880224],[103.8478377,1.2880706]]]}},{"type":"Feature","id":"osm-way-172781472","properties":{"kind":"building","name":"Champion Hotel City"},"geometry":{"type":"Polygon","coordinates":[[[103.8470795,1.2869592],[103.8471967,1.287179],[103.8471524,1.2872028],[103.8470334,1.2869825],[103.8470795,1.2869592]]]}},{"type":"Feature","id":"osm-way-172781477","properties":{"kind":"building","name":"Habyt Clarke Quay"},"geometry":{"type":"Polygon","coordinates":[[[103.8469876,1.2870055],[103.8471106,1.2872253],[103.847063,1.2872509],[103.8469393,1.2870298],[103.8469876,1.2870055]]]}},{"type":"Feature","id":"osm-way-172781482","properties":{"kind":"building","name":"Jayleen 1918 Hotel"},"geometry":{"type":"Polygon","coordinates":[[[103.847998,1.2879678],[103.8478529,1.2877419],[103.8479367,1.287688],[103.8480818,1.287914],[103.847998,1.2879678]]]}},{"type":"Feature","id":"osm-way-172781493","properties":{"kind":"building","name":"Lew Building"},"geometry":{"type":"Polygon","coordinates":[[[103.8467202,1.2871402],[103.8468467,1.2873671],[103.8468088,1.2873874],[103.8466818,1.2871595],[103.8467202,1.2871402]]]}},{"type":"Feature","id":"osm-way-172781498","properties":{"kind":"building","name":"MMI Building"},"geometry":{"type":"Polygon","coordinates":[[[103.8478237,1.2871047],[103.8477933,1.2870515],[103.8479405,1.2869674],[103.8479709,1.2870205],[103.8478237,1.2871047]]]}},{"type":"Feature","id":"osm-way-172814219","properties":{"kind":"park","name":""},"geometry":{"type":"Polygon","coordinates":[[[103.8426648,1.2782102],[103.8428273,1.2781392],[103.8428632,1.2781236],[103.8429106,1.2782322],[103.8427122,1.2783188],[103.8426648,1.2782102]]]}},{"type":"Feature","id":"osm-way-172814586","properties":{"kind":"building","name":"NS Nail Studio"},"geometry":{"type":"Polygon","coordinates":[[[103.8437534,1.2783696],[103.8435923,1.2784326],[103.8435781,1.2783965],[103.8437392,1.2783335],[103.8437534,1.2783696]]]}},{"type":"Feature","id":"osm-way-172815257","properties":{"kind":"building","name":"ST Signature Tanjong Pagar"},"geometry":{"type":"Polygon","coordinates":[[[103.844147,1.2787809],[103.844126,1.2786928],[103.8441463,1.2786523],[103.8441349,1.2786126],[103.8444174,1.2785651],[103.8444476,1.2787236],[103.844147,1.2787809]]]}},{"type":"Feature","id":"osm-way-172892207","properties":{"kind":"building","name":"Maxwell Reserve"},"geometry":{"type":"Polygon","coordinates":[[[103.8445381,1.2796129],[103.8443248,1.2796504],[103.8442971,1.2794837],[103.8442602,1.2792372],[103.8442349,1.2789239],[103.8443147,1.2789098],[103.844306,1.2788575],[103.8444176,1.2788376],[103.8444494,1.2788585],[103.8445736,1.2795634],[103.8445381,1.2796129]]]}},{"type":"Feature","id":"osm-way-172892316","properties":{"kind":"road","name":""},"geometry":{"type":"LineString","coordinates":[[103.8605007,1.2877761],[103.860489,1.2877476],[103.8604909,1.2877166],[103.8605032,1.2876907],[103.8605207,1.2876761],[103.8605386,1.2876776],[103.8605474,1.2876983],[103.8605495,1.2877106],[103.8605518,1.2877365],[103.8605493,1.2877466],[103.8605424,1.2877731],[103.8605346,1.2877905],[103.8605183,1.2877933],[103.8605007,1.2877761]]}},{"type":"Feature","id":"osm-way-172892317","properties":{"kind":"road","name":""},"geometry":{"type":"LineString","coordinates":[[103.8603261,1.2866752],[103.8603037,1.2866541],[103.8602924,1.2866252],[103.8602928,1.2865965],[103.8603026,1.2865759],[103.8603195,1.2865698],[103.8603362,1.286585],[103.8603431,1.2865953],[103.8603532,1.2866124],[103.860358,1.2866281],[103.8603628,1.286655],[103.860363,1.2866741],[103.8603493,1.2866834],[103.8603261,1.2866752]]}},{"type":"Feature","id":"osm-way-172892318","properties":{"kind":"road","name":""},"geometry":{"type":"LineString","coordinates":[[103.8604827,1.2872168],[103.8604646,1.2871918],[103.8604591,1.2871613],[103.860465,1.2871332],[103.8604785,1.2871149],[103.8604962,1.2871121],[103.8605097,1.2871301],[103.8605146,1.2871416],[103.8605212,1.2871603],[103.8605229,1.2871766],[103.8605226,1.287204],[103.8605191,1.2872227],[103.8605038,1.2872293],[103.8604827,1.2872168]]}},{"type":"Feature","id":"osm-way-172892319","properties":{"kind":"road","name":""},"geometry":{"type":"LineString","coordinates":[[103.8604018,1.2883366],[103.8603976,1.288306],[103.8604071,1.2882765],[103.8604255,1.2882545],[103.8604461,1.2882446],[103.860463,1.2882505],[103.8604664,1.2882728],[103.8604653,1.2882851],[103.8604616,1.2883091],[103.8604562,1.28832],[103.860443,1.288344],[103.8604312,1.2883589],[103.8604146,1.2883575],[103.8604018,1.2883366]]}},{"type":"Feature","id":"osm-way-172892320","properties":{"kind":"road","name":""},"geometry":{"type":"LineString","coordinates":[[103.8629291,1.2822102],[103.8629165,1.2823494],[103.8629234,1.2824186],[103.8631596,1.282531],[103.8633381,1.2826092],[103.8635303,1.2829605],[103.86358,1.2830942],[103.8637308,1.2830778],[103.8638368,1.2831],[103.8640335,1.2831325],[103.8641404,1.2831908],[103.8643318,1.2832886],[103.8646605,1.2834014],[103.8647653,1.2834451],[103.8647938,1.2834647],[103.8648785,1.2835669],[103.8649432,1.2836206],[103.8650051,1.2836592],[103.8650814,1.2836897],[103.865211,1.283719]]}},{"type":"Feature","id":"osm-way-172892325","properties":{"kind":"road","name":""},"geometry":{"type":"LineString","coordinates":[[103.865529,1.2842382],[103.8655032,1.2841826],[103.8653933,1.284072],[103.8653372,1.2839512],[103.8652913,1.283868]]}},{"type":"Feature","id":"osm-way-172904277","properties":{"kind":"road","name":"Club Street"},"geometry":{"type":"LineString","coordinates":[[103.845811,1.2819592],[103.8459143,1.2818388]]}},{"type":"Feature","id":"osm-way-172904279","properties":{"kind":"road","name":"Gemmill Lane"},"geometry":{"type":"LineString","coordinates":[[103.8469838,1.282692],[103.8471126,1.2824693],[103.8471216,1.2824542],[103.8471408,1.2824217],[103.8471887,1.282357],[103.8472722,1.282293],[103.8473702,1.2822604]]}},{"type":"Feature","id":"osm-way-172904411","properties":{"kind":"building","name":"Hatha vidya traditional Yoga"},"geometry":{"type":"Polygon","coordinates":[[[103.84723,1.2805065],[103.8472098,1.2804639],[103.847415,1.2803665],[103.8474353,1.2804092],[103.84723,1.2805065]]]}},{"type":"Feature","id":"osm-way-172904416","properties":{"kind":"building","name":"Masjid Al-Abrar"},"geometry":{"type":"Polygon","coordinates":[[[103.8473945,1.2803233],[103.8471893,1.2804207],[103.8471276,1.2802924],[103.8473323,1.2801947],[103.8473945,1.2803233]]]}},{"type":"Feature","id":"osm-way-172904451","properties":{"kind":"building","name":"Eagles Center"},"geometry":{"type":"Polygon","coordinates":[[[103.8488534,1.2813561],[103.8488139,1.2813832],[103.8486846,1.2811654],[103.84874,1.281136],[103.8488563,1.2813304],[103.8488534,1.2813561]]]}},{"type":"Feature","id":"osm-way-172904455","properties":{"kind":"building","name":"Ajoomma Korean Charcoal BBQ"},"geometry":{"type":"Polygon","coordinates":[[[103.8469984,1.282597],[103.8469039,1.2825531],[103.8469256,1.2825105],[103.8470228,1.2825592],[103.8469984,1.282597]]]}},{"type":"Feature","id":"osm-way-172904473","properties":{"kind":"building","name":"Smash Street"},"geometry":{"type":"Polygon","coordinates":[[[103.8470374,1.2802063],[103.8468752,1.2802746],[103.8468681,1.2802535],[103.846861,1.2802323],[103.847018,1.28016],[103.8470374,1.2802063]]]}},{"type":"Feature","id":"osm-way-172904538","properties":{"kind":"building","name":"CARNE Singapore"},"geometry":{"type":"Polygon","coordinates":[[[103.8468332,1.2811878],[103.8468016,1.2811301],[103.8470835,1.2809635],[103.8471187,1.2810172],[103.8468332,1.2811878]]]}},{"type":"Feature","id":"osm-way-172904545","properties":{"kind":"building","name":"Yim"},"geometry":{"type":"Polygon","coordinates":[[[103.8456565,1.281644],[103.8456352,1.2816085],[103.8457631,1.2814932],[103.845776,1.2815315],[103.8456565,1.281644]]]}},{"type":"Feature","id":"osm-way-172904556","properties":{"kind":"road","name":"Mohamed Ali Lane"},"geometry":{"type":"LineString","coordinates":[[103.846323,1.2824666],[103.8462681,1.2826428]]}},{"type":"Feature","id":"osm-way-172915341","properties":{"kind":"building","name":"OUE Downtown Tower 2"},"geometry":{"type":"Polygon","coordinates":[[[103.8488985,1.2780195],[103.848576,1.2774862],[103.8487926,1.2773553],[103.849115,1.2778886],[103.8488985,1.2780195]]]}},{"type":"Feature","id":"osm-way-172915345","properties":{"kind":"building","name":"One Raffles Quay North Tower"},"geometry":{"type":"Polygon","coordinates":[[[103.852002,1.2812132],[103.8524319,1.2814807],[103.8522695,1.2817434],[103.8522523,1.2817326],[103.8522387,1.2817857],[103.8518143,1.2815183],[103.851853,1.2814828],[103.8518436,1.2814753],[103.8519462,1.2813055],[103.8519741,1.2812593],[103.852002,1.2812132]]]}},{"type":"Feature","id":"osm-way-172915346","properties":{"kind":"building","name":"Ocean Financial Centre"},"geometry":{"type":"Polygon","coordinates":[[[103.8524364,1.2833894],[103.852441,1.2834001],[103.8523972,1.2834137],[103.8519811,1.2835425],[103.851621,1.283654],[103.8516174,1.2836394],[103.8516452,1.2835953],[103.8516394,1.2835308],[103.8516013,1.2831031],[103.8517563,1.282814],[103.8518277,1.2828501],[103.8518466,1.282814],[103.8519166,1.2828451],[103.8519765,1.282877],[103.8520395,1.2829143],[103.8521033,1.2829563],[103.8521756,1.2830154],[103.8522308,1.283066],[103.8522814,1.2831189],[103.8523203,1.2831702],[103.8523514,1.2832246],[103.8523079,1.2832985],[103.852255,1.2832962],[103.8521912,1.2832915],[103.8521219,1.2832822],[103.8520325,1.2832589],[103.8520014,1.2833133],[103.8520171,1.2833215],[103.8520371,1.283332],[103.8521303,1.2833009],[103.8524364,1.2833894]]]}},{"type":"Feature","id":"osm-way-172915347","properties":{"kind":"building","name":"One Raffles Quay South Tower"},"geometry":{"type":"Polygon","coordinates":[[[103.8519751,1.2809805],[103.8516125,1.2812152],[103.8513813,1.2808411],[103.8517439,1.2805797],[103.8519751,1.2809805]]]}},{"type":"Feature","id":"osm-way-172915350","properties":{"kind":"building","name":"NTUC Centre"},"geometry":{"type":"Polygon","coordinates":[[[103.8526477,1.2821109],[103.8528104,1.2820065],[103.8530132,1.2823222],[103.8529724,1.2823484],[103.8529801,1.2823604],[103.8528608,1.2824371],[103.8528529,1.2824248],[103.8528437,1.2824307],[103.8527665,1.2823106],[103.8526324,1.2823966],[103.8526708,1.2824564],[103.8525027,1.2825644],[103.8523997,1.282404],[103.852394,1.2824077],[103.8523625,1.2823587],[103.8523684,1.2823548],[103.852339,1.2823091],[103.8524026,1.2822682],[103.8525078,1.2822007],[103.8524939,1.2821791],[103.8526338,1.2820892],[103.8526477,1.2821109]]]}},{"type":"Feature","id":"osm-way-172915352","properties":{"kind":"building","name":"Robinson Suites"},"geometry":{"type":"Polygon","coordinates":[[[103.8497381,1.281011],[103.8496792,1.2809103],[103.849681,1.2808827],[103.8498325,1.2807874],[103.8498575,1.2807892],[103.8499439,1.2809165],[103.849968,1.2809148],[103.8499893,1.2809495],[103.8499521,1.2809907],[103.8498958,1.2810226],[103.8498869,1.2810074],[103.8498263,1.2810422],[103.8497986,1.2809976],[103.8497621,1.281019],[103.8497381,1.281011]]]}},{"type":"Feature","id":"osm-way-172915367","properties":{"kind":"building","name":"Bank of East Asia"},"geometry":{"type":"Polygon","coordinates":[[[103.8496436,1.2808782],[103.8495215,1.2806662],[103.8496828,1.28057],[103.8497068,1.2805887],[103.8497603,1.2806288],[103.849812,1.2806805],[103.8498575,1.2807535],[103.8496436,1.2808782]]]}},{"type":"Feature","id":"osm-way-172916311","properties":{"kind":"building","name":"Six Battery Road"},"geometry":{"type":"Polygon","coordinates":[[[103.8522109,1.28543],[103.8520273,1.2858416],[103.8515103,1.2855999],[103.8514774,1.2851428],[103.8515246,1.2851197],[103.8517209,1.2852085],[103.8522109,1.28543]]]}},{"type":"Feature","id":"osm-way-172931401","properties":{"kind":"building","name":"The Fullerton Waterboat House"},"geometry":{"type":"Polygon","coordinates":[[[103.853541,1.2869659],[103.8535434,1.2869244],[103.8535705,1.286928],[103.8535867,1.2869346],[103.8536096,1.2869586],[103.8536265,1.2869815],[103.8536517,1.2869815],[103.8536656,1.2870194],[103.8536638,1.2870741],[103.8536577,1.2871108],[103.8536349,1.2871463],[103.853603,1.2871788],[103.8535615,1.2871999],[103.8535609,1.2871728],[103.8535379,1.2871734],[103.8535374,1.2872083],[103.8534658,1.2872047],[103.8534032,1.2871277],[103.8534339,1.2870976],[103.8534598,1.2870627],[103.8534796,1.2870086],[103.8534869,1.2869665],[103.853541,1.2869659]]]}},{"type":"Feature","id":"osm-way-172999762","properties":{"kind":"building","name":"Victoria Hotel"},"geometry":{"type":"Polygon","coordinates":[[[103.8523436,1.2972744],[103.8522559,1.2971611],[103.8525081,1.2969509],[103.852518,1.2969676],[103.8525823,1.2970759],[103.852552,1.2971011],[103.8523436,1.2972744]]]}},{"type":"Feature","id":"osm-way-173000482","properties":{"kind":"building","name":"Jun Xin Building"},"geometry":{"type":"Polygon","coordinates":[[[103.8543451,1.2965812],[103.8542924,1.2965165],[103.8543096,1.2964396],[103.8543899,1.2963694],[103.854434,1.2963766],[103.8544978,1.2964661],[103.8543451,1.2965812]]]}},{"type":"Feature","id":"osm-way-173000483","properties":{"kind":"building","name":"Lubritrade Building"},"geometry":{"type":"Polygon","coordinates":[[[103.8544336,1.2966987],[103.8543451,1.2965812],[103.8544978,1.2964661],[103.8545864,1.2965836],[103.8544336,1.2966987]]]}},{"type":"Feature","id":"osm-way-173000485","properties":{"kind":"building","name":"China Cultural Centre"},"geometry":{"type":"Polygon","coordinates":[[[103.8519024,1.2983375],[103.8517785,1.2981824],[103.8519128,1.2980756],[103.8519021,1.2980607],[103.8519498,1.298022],[103.851932,1.298],[103.8519689,1.29797],[103.8520301,1.297918],[103.852194,1.2981125],[103.8519024,1.2983375]]]}},{"type":"Feature","id":"osm-way-173001008","properties":{"kind":"building","name":"Raffles House"},"geometry":{"type":"Polygon","coordinates":[[[103.8474768,1.29197],[103.8473879,1.2920154],[103.8473189,1.2918802],[103.8474082,1.2918345],[103.8474294,1.291876],[103.8474518,1.2918646],[103.8474771,1.291914],[103.8474542,1.2919257],[103.8474768,1.29197]]]}},{"type":"Feature","id":"osm-way-173108758","properties":{"kind":"building","name":"Bayfront Station Linkway"},"geometry":{"type":"Polygon","coordinates":[[[103.8610156,1.2820309],[103.8610035,1.2820015],[103.8609367,1.2818388],[103.860999,1.2818133],[103.8610523,1.2819431],[103.8610653,1.2819747],[103.8610779,1.2820053],[103.8610156,1.2820309]]]}},{"type":"Feature","id":"osm-way-173166846","properties":{"kind":"primaryRoad","name":"Bras Basah Road"},"geometry":{"type":"LineString","coordinates":[[103.8495178,1.297951],[103.8495898,1.2978959],[103.8496064,1.2978828],[103.8497208,1.2977928]]}},{"type":"Feature","id":"osm-way-173166893","properties":{"kind":"primaryRoad","name":"Stamford Road"},"geometry":{"type":"LineString","coordinates":[[103.850537,1.2945195],[103.8504482,1.2945744]]}},{"type":"Feature","id":"osm-way-173713417","properties":{"kind":"primaryRoad","name":"New Bridge Road"},"geometry":{"type":"LineString","coordinates":[[103.8438788,1.2846779],[103.8436784,1.2844355]]}},{"type":"Feature","id":"osm-way-173767590","properties":{"kind":"primaryRoad","name":"Bras Basah Road"},"geometry":{"type":"LineString","coordinates":[[103.8553292,1.2934669],[103.8557229,1.2932314],[103.8558226,1.293172]]}},{"type":"Feature","id":"osm-way-173767648","properties":{"kind":"primaryRoad","name":"Clemenceau Avenue"},"geometry":{"type":"LineString","coordinates":[[103.8439091,1.293528],[103.8440124,1.2937597],[103.8440715,1.2940198],[103.8440793,1.2942983],[103.844043,1.2945722],[103.8440216,1.2947914]]}},{"type":"Feature","id":"osm-way-173767676","properties":{"kind":"primaryRoad","name":"East Coast Parkway"},"geometry":{"type":"LineString","coordinates":[[103.8706988,1.2950994],[103.8691905,1.2947932]]}},{"type":"Feature","id":"osm-way-173767773","properties":{"kind":"primaryRoad","name":"Nicoll Highway"},"geometry":{"type":"LineString","coordinates":[[103.8560902,1.2936106],[103.8563465,1.2940077]]}},{"type":"Feature","id":"osm-way-173767774","properties":{"kind":"primaryRoad","name":"Orchard Road"},"geometry":{"type":"LineString","coordinates":[[103.8429499,1.3000417],[103.8431335,1.2999773]]}},{"type":"Feature","id":"osm-way-173767817","properties":{"kind":"primaryRoad","name":"Penang Road"},"geometry":{"type":"LineString","coordinates":[[103.8441591,1.2985922],[103.843808,1.2987681],[103.8436442,1.2988513]]}},{"type":"Feature","id":"osm-way-173767818","properties":{"kind":"primaryRoad","name":"Penang Road"},"geometry":{"type":"LineString","coordinates":[[103.8433675,1.2990247],[103.8431461,1.2991707]]}},{"type":"Feature","id":"osm-way-173767834","properties":{"kind":"primaryRoad","name":"River Valley Road"},"geometry":{"type":"LineString","coordinates":[[103.8437449,1.2929362],[103.8436365,1.2930037]]}},{"type":"Feature","id":"osm-way-173767912","properties":{"kind":"road","name":"Fountain of Wealth"},"geometry":{"type":"LineString","coordinates":[[103.8592898,1.294648],[103.8592637,1.2945813],[103.8592237,1.2945195],[103.8591778,1.2944674],[103.8591209,1.294424]]}},{"type":"Feature","id":"osm-way-173767975","properties":{"kind":"primaryRoad","name":"Clemenceau Avenue"},"geometry":{"type":"LineString","coordinates":[[103.8437449,1.2929362],[103.8437117,1.2928794],[103.8430337,1.2917161],[103.842819,1.2913046]]}},{"type":"Feature","id":"osm-way-173779715","properties":{"kind":"primaryRoad","name":"Bras Basah Road"},"geometry":{"type":"LineString","coordinates":[[103.8546543,1.2939345],[103.8547866,1.2938316]]}},{"type":"Feature","id":"osm-way-173779730","properties":{"kind":"primaryRoad","name":"Fullerton Road"},"geometry":{"type":"LineString","coordinates":[[103.8537113,1.2863939],[103.8537625,1.2866054]]}},{"type":"Feature","id":"osm-way-173779732","properties":{"kind":"primaryRoad","name":"Esplanade Drive"},"geometry":{"type":"LineString","coordinates":[[103.8538963,1.2864287],[103.8538808,1.286353],[103.8538783,1.2863408],[103.8538728,1.286314]]}},{"type":"Feature","id":"osm-way-173779754","properties":{"kind":"road","name":"Saint Andrew's Road"},"geometry":{"type":"LineString","coordinates":[[103.853252,1.2923897],[103.8533954,1.2925175],[103.8534982,1.2925756],[103.8536185,1.2926038]]}},{"type":"Feature","id":"osm-way-173779755","properties":{"kind":"primaryRoad","name":"Stamford Road"},"geometry":{"type":"LineString","coordinates":[[103.8530891,1.2929424],[103.8527436,1.2931673],[103.8524616,1.2933496]]}},{"type":"Feature","id":"osm-way-173791984","properties":{"kind":"primaryRoad","name":"Bras Basah Road"},"geometry":{"type":"LineString","coordinates":[[103.8523784,1.2956728],[103.8525329,1.2955563],[103.8528475,1.2953191],[103.8530449,1.2951699],[103.8531036,1.2951261]]}},{"type":"Feature","id":"osm-way-173791987","properties":{"kind":"primaryRoad","name":"Finlayson Green"},"geometry":{"type":"LineString","coordinates":[[103.8517376,1.2823291],[103.8518207,1.2822829],[103.851904,1.2822371],[103.85198,1.282188]]}},{"type":"Feature","id":"osm-way-173791992","properties":{"kind":"primaryRoad","name":"Marina Boulevard"},"geometry":{"type":"LineString","coordinates":[[103.8570906,1.2788922],[103.8572079,1.2788165]]}},{"type":"Feature","id":"osm-way-173791995","properties":{"kind":"primaryRoad","name":"Raffles Avenue"},"geometry":{"type":"LineString","coordinates":[[103.8608765,1.289565],[103.860775,1.2895704],[103.8605926,1.2895801]]}},{"type":"Feature","id":"osm-way-173791997","properties":{"kind":"primaryRoad","name":"Raffles Boulevard"},"geometry":{"type":"LineString","coordinates":[[103.8577256,1.2920774],[103.8578775,1.2919894]]}},{"type":"Feature","id":"osm-way-173791998","properties":{"kind":"primaryRoad","name":"Collyer Quay"},"geometry":{"type":"LineString","coordinates":[[103.8513125,1.2825625],[103.851415,1.2825831],[103.851522,1.2825869],[103.8517499,1.2826224]]}},{"type":"Feature","id":"osm-way-173792001","properties":{"kind":"road","name":"Fountain of Wealth"},"geometry":{"type":"LineString","coordinates":[[103.8591209,1.294424],[103.8590571,1.2943915],[103.8589885,1.294371],[103.8589173,1.2943633]]}},{"type":"Feature","id":"osm-way-173792002","properties":{"kind":"road","name":"Fountain of Wealth"},"geometry":{"type":"LineString","coordinates":[[103.8589173,1.2943633],[103.8588519,1.2943676],[103.8587881,1.2943827],[103.8587277,1.294408],[103.8586724,1.294443],[103.8586235,1.2944867],[103.8585826,1.2945378]]}},{"type":"Feature","id":"osm-way-173792007","properties":{"kind":"primaryRoad","name":"Victoria Street"},"geometry":{"type":"LineString","coordinates":[[103.851599,1.2955226],[103.8514429,1.2953687],[103.8512933,1.2952201]]}},{"type":"Feature","id":"osm-way-173960125","properties":{"kind":"primaryRoad","name":"Collyer Quay"},"geometry":{"type":"LineString","coordinates":[[103.8517499,1.2826224],[103.851813,1.2826345],[103.8519283,1.2826773],[103.851983,1.2827056],[103.8520169,1.2827296],[103.8520458,1.2827494]]}},{"type":"Feature","id":"osm-way-173960126","properties":{"kind":"primaryRoad","name":"Hill Street"},"geometry":{"type":"LineString","coordinates":[[103.8502957,1.2940826],[103.8504705,1.2944135],[103.850537,1.2945195]]}},{"type":"Feature","id":"osm-way-174035871","properties":{"kind":"road","name":"Beach Road"},"geometry":{"type":"LineString","coordinates":[[103.8549499,1.2942132],[103.8548149,1.2940008],[103.8548018,1.2939705],[103.8547942,1.2939429],[103.8547894,1.2939133],[103.8547873,1.2938795],[103.8547866,1.2938316]]}},{"type":"Feature","id":"osm-way-174035882","properties":{"kind":"road","name":"Middle Road"},"geometry":{"type":"LineString","coordinates":[[103.8562969,1.2963356],[103.8562528,1.2965189]]}},{"type":"Feature","id":"osm-way-174035888","properties":{"kind":"primaryRoad","name":"Nicoll Highway"},"geometry":{"type":"LineString","coordinates":[[103.8574446,1.2954443],[103.8570723,1.2948938]]}},{"type":"Feature","id":"osm-way-174035889","properties":{"kind":"road","name":"North Bridge Road"},"geometry":{"type":"LineString","coordinates":[[103.8541193,1.2964783],[103.8540899,1.2964392],[103.8538448,1.2961139]]}},{"type":"Feature","id":"osm-way-174262754","properties":{"kind":"building","name":"Intelligent Transport Systems Centre"},"geometry":{"type":"Polygon","coordinates":[[[103.8440906,1.2925485],[103.844047,1.292581],[103.8439658,1.2926415],[103.8438467,1.2927301],[103.8437838,1.2927094],[103.8435575,1.2923439],[103.8438592,1.292164],[103.8440906,1.2925485]]]}},{"type":"Feature","id":"osm-way-174262763","properties":{"kind":"primaryRoad","name":"Raffles Boulevard"},"geometry":{"type":"LineString","coordinates":[[103.8619805,1.291294],[103.862347,1.2912552]]}},{"type":"Feature","id":"osm-way-174262765","properties":{"kind":"primaryRoad","name":"Republic Boulevard"},"geometry":{"type":"LineString","coordinates":[[103.8626601,1.2967229],[103.8626881,1.2969562],[103.8626858,1.2970349]]}},{"type":"Feature","id":"osm-way-174262766","properties":{"kind":"primaryRoad","name":"River Valley Road"},"geometry":{"type":"LineString","coordinates":[[103.8482584,1.2902039],[103.8484334,1.2901798]]}},{"type":"Feature","id":"osm-way-174262771","properties":{"kind":"road","name":"Temasek Avenue"},"geometry":{"type":"LineString","coordinates":[[103.8609332,1.2913321],[103.8609364,1.2912273],[103.860962,1.29038]]}},{"type":"Feature","id":"osm-way-174262831","properties":{"kind":"primaryRoad","name":"Republic Boulevard"},"geometry":{"type":"LineString","coordinates":[[103.8618205,1.2962695],[103.8616314,1.2960948],[103.8613771,1.2958526]]}},{"type":"Feature","id":"osm-way-174407830","properties":{"kind":"road","name":"Beach Road"},"geometry":{"type":"LineString","coordinates":[[103.8562969,1.2963356],[103.8562537,1.296267],[103.8561527,1.2961365]]}},{"type":"Feature","id":"osm-way-174407831","properties":{"kind":"primaryRoad","name":"Bencoolen Street"},"geometry":{"type":"LineString","coordinates":[[103.8502048,1.2986857],[103.8501484,1.2986196]]}},{"type":"Feature","id":"osm-way-174407832","properties":{"kind":"road","name":"Middle Road"},"geometry":{"type":"LineString","coordinates":[[103.8562528,1.2965189],[103.8562246,1.2965926],[103.8562125,1.2966235],[103.8562045,1.2966442],[103.8561844,1.2966851],[103.8561562,1.296724],[103.8561006,1.2967656],[103.8560209,1.2968279],[103.8558084,1.2970249]]}},{"type":"Feature","id":"osm-way-174552486","properties":{"kind":"primaryRoad","name":"Central Expressway"},"geometry":{"type":"LineString","coordinates":[[103.8421353,1.2895016],[103.842165,1.2895477]]}},{"type":"Feature","id":"osm-way-174552492","properties":{"kind":"primaryRoad","name":"Eu Tong Sen Street"},"geometry":{"type":"LineString","coordinates":[[103.8459283,1.2873956],[103.8459996,1.2874818]]}},{"type":"Feature","id":"osm-way-174552494","properties":{"kind":"primaryRoad","name":"Eu Tong Sen Street"},"geometry":{"type":"LineString","coordinates":[[103.8465239,1.2880819],[103.8466218,1.2881974],[103.8467424,1.2883397]]}},{"type":"Feature","id":"osm-way-174552495","properties":{"kind":"primaryRoad","name":"Havelock Road"},"geometry":{"type":"LineString","coordinates":[[103.8438571,1.2873594],[103.8442979,1.287114]]}},{"type":"Feature","id":"osm-way-174552500","properties":{"kind":"road","name":"Merchant Road"},"geometry":{"type":"LineString","coordinates":[[103.8452674,1.2878257],[103.8447513,1.2882148]]}},{"type":"Feature","id":"osm-way-174552502","properties":{"kind":"road","name":"Merchant Road"},"geometry":{"type":"LineString","coordinates":[[103.8449949,1.2882276],[103.8453249,1.2879421],[103.8455109,1.2878076],[103.8455428,1.2877873]]}},{"type":"Feature","id":"osm-way-174552503","properties":{"kind":"primaryRoad","name":"New Bridge Road"},"geometry":{"type":"LineString","coordinates":[[103.8461528,1.2873755],[103.8460811,1.2872905]]}},{"type":"Feature","id":"osm-way-174552504","properties":{"kind":"primaryRoad","name":"New Bridge Road"},"geometry":{"type":"LineString","coordinates":[[103.8460811,1.2872905],[103.8460152,1.2872123]]}},{"type":"Feature","id":"osm-way-174552505","properties":{"kind":"road","name":"North Canal Road"},"geometry":{"type":"LineString","coordinates":[[103.8461528,1.2873755],[103.846237,1.287327],[103.8465201,1.2871639]]}},{"type":"Feature","id":"osm-way-174552511","properties":{"kind":"primaryRoad","name":"Upper Cross Street"},"geometry":{"type":"LineString","coordinates":[[103.8424909,1.2873862],[103.8424778,1.2874423],[103.8424526,1.2874879]]}},{"type":"Feature","id":"osm-way-174552515","properties":{"kind":"road","name":"South Canal Road"},"geometry":{"type":"LineString","coordinates":[[103.8460811,1.2872905],[103.8459283,1.2873956]]}},{"type":"Feature","id":"osm-way-174552518","properties":{"kind":"primaryRoad","name":"Havelock Road"},"geometry":{"type":"LineString","coordinates":[[103.8432444,1.2876379],[103.8435177,1.2874766],[103.8435835,1.2874378],[103.8437015,1.2873922],[103.8438571,1.2873594]]}},{"type":"Feature","id":"osm-way-174552522","properties":{"kind":"primaryRoad","name":"Upper Cross Street"},"geometry":{"type":"LineString","coordinates":[[103.8425945,1.287394],[103.8426595,1.2874888],[103.8427472,1.2875804],[103.8428219,1.2876312],[103.8429213,1.2876545]]}},{"type":"Feature","id":"osm-way-174554431","properties":{"kind":"primaryRoad","name":"New Bridge Road"},"geometry":{"type":"LineString","coordinates":[[103.8421034,1.2825578],[103.8420311,1.2825237],[103.8419942,1.2825286],[103.8419593,1.2825433],[103.8419359,1.282555],[103.8419225,1.2825806],[103.8419219,1.2826179]]}},{"type":"Feature","id":"osm-way-174717964","properties":{"kind":"building","name":"Visitors Centre"},"geometry":{"type":"Polygon","coordinates":[[[103.8679778,1.2943115],[103.8678691,1.2938714],[103.8680628,1.2938236],[103.8681714,1.2942637],[103.8679778,1.2943115]]]}},{"type":"Feature","id":"osm-way-174718140","properties":{"kind":"water","name":""},"geometry":{"type":"Polygon","coordinates":[[[103.8687925,1.2897051],[103.8687701,1.2896724],[103.8687701,1.2896472],[103.8687597,1.2896323],[103.868727,1.2896323],[103.8686958,1.2896234],[103.8686765,1.2895981],[103.8686765,1.2895565],[103.8686675,1.2895282],[103.8686319,1.2894911],[103.8686125,1.2894643],[103.8686155,1.2894257],[103.8686215,1.289393],[103.8686452,1.2893677],[103.868675,1.2893469],[103.868678,1.2893201],[103.868678,1.2892785],[103.8687047,1.2892517],[103.8687211,1.2892354],[103.8687285,1.2892101],[103.8687493,1.2891819],[103.8687612,1.2891492],[103.8687612,1.2890986],[103.868791,1.2890808],[103.8688252,1.2890823],[103.868849,1.2891046],[103.8688504,1.2891328],[103.8688207,1.2891625],[103.8687925,1.2891923],[103.8687627,1.2892428],[103.8687731,1.2892859],[103.8687597,1.2893276],[103.8687047,1.2894108],[103.8687122,1.2894613],[103.8687464,1.2894762],[103.8687791,1.2894762],[103.8687999,1.2894955],[103.8688014,1.2895297],[103.8687925,1.2895951],[103.8688088,1.2896174],[103.8688356,1.2896264],[103.8688683,1.2896501],[103.8688787,1.2896769],[103.8688668,1.2897111],[103.8688267,1.28972],[103.8687925,1.2897051]]]}},{"type":"Feature","id":"osm-way-175139008","properties":{"kind":"building","name":"School of Social Sciences & College of Integrative Studies"},"geometry":{"type":"Polygon","coordinates":[[[103.8483149,1.2946739],[103.8483184,1.294483],[103.8483823,1.2940997],[103.848446,1.294065],[103.8488256,1.2947532],[103.8483746,1.2950054],[103.8483149,1.2946739]]]}},{"type":"Feature","id":"osm-way-175139010","properties":{"kind":"road","name":"Loke Yew Street"},"geometry":{"type":"LineString","coordinates":[[103.8492496,1.2939811],[103.8492927,1.2939999],[103.8493503,1.29399]]}},{"type":"Feature","id":"osm-way-175146816","properties":{"kind":"building","name":"Roman Catholic Archdiocese of Singapore"},"geometry":{"type":"Polygon","coordinates":[[[103.8510765,1.2957407],[103.8509454,1.2955777],[103.8510927,1.2954593],[103.8511313,1.2955072],[103.8511575,1.2954862],[103.8511838,1.295465],[103.8512369,1.295531],[103.8512106,1.2955522],[103.8511836,1.2955739],[103.8512231,1.2956229],[103.8510765,1.2957407]]]}},{"type":"Feature","id":"osm-way-175957564","properties":{"kind":"primaryRoad","name":"Sheares Avenue"},"geometry":{"type":"LineString","coordinates":[[103.8590518,1.2787027],[103.8586535,1.2780941],[103.8585584,1.2779486]]}},{"type":"Feature","id":"osm-way-176174562","properties":{"kind":"road","name":"Middle Road"},"geometry":{"type":"LineString","coordinates":[[103.8539445,1.2984936],[103.8538691,1.2985563],[103.8532441,1.2990763],[103.8531659,1.2991413]]}},{"type":"Feature","id":"osm-way-176204514","properties":{"kind":"primaryRoad","name":"Victoria Street"},"geometry":{"type":"LineString","coordinates":[[103.8540378,1.2986159],[103.8540608,1.2986427],[103.854281,1.2988992]]}},{"type":"Feature","id":"osm-way-176296653","properties":{"kind":"road","name":"North Bridge Road"},"geometry":{"type":"LineString","coordinates":[[103.8569985,1.3002575],[103.8569917,1.3002498],[103.8566812,1.2999002],[103.8566322,1.2998451]]}},{"type":"Feature","id":"osm-way-176298699","properties":{"kind":"primaryRoad","name":"Raffles Boulevard"},"geometry":{"type":"LineString","coordinates":[[103.8608319,1.2913301],[103.8609332,1.2913321]]}},{"type":"Feature","id":"osm-way-176298701","properties":{"kind":"primaryRoad","name":"East Coast Parkway"},"geometry":{"type":"LineString","coordinates":[[103.8596328,1.2966532],[103.8591376,1.2971174]]}},{"type":"Feature","id":"osm-way-176298702","properties":{"kind":"road","name":"Temasek Avenue"},"geometry":{"type":"LineString","coordinates":[[103.8608296,1.2917228],[103.8608255,1.2921193]]}},{"type":"Feature","id":"osm-way-176298703","properties":{"kind":"road","name":"Fountain of Wealth"},"geometry":{"type":"LineString","coordinates":[[103.8589781,1.2951475],[103.8590445,1.2951299],[103.8591068,1.2951011],[103.8591632,1.295062],[103.8592119,1.2950136],[103.8592516,1.2949576]]}},{"type":"Feature","id":"osm-way-177101207","properties":{"kind":"road","name":""},"geometry":{"type":"LineString","coordinates":[[103.8653617,1.28326],[103.8652289,1.2832325],[103.8650972,1.2832237],[103.8650157,1.2832345],[103.864957,1.2832525],[103.8649021,1.28328],[103.8648359,1.2833806],[103.8647938,1.2834647]]}},{"type":"Feature","id":"osm-way-180551367","properties":{"kind":"primaryRoad","name":"Raffles Avenue"},"geometry":{"type":"LineString","coordinates":[[103.8599725,1.289613],[103.8596687,1.2896305]]}},{"type":"Feature","id":"osm-way-180551368","properties":{"kind":"primaryRoad","name":"Raffles Avenue"},"geometry":{"type":"LineString","coordinates":[[103.8630066,1.2909718],[103.8629816,1.2907619],[103.8628918,1.2904885]]}},{"type":"Feature","id":"osm-way-180551369","properties":{"kind":"primaryRoad","name":"Republic Boulevard"},"geometry":{"type":"LineString","coordinates":[[103.8624556,1.2951265],[103.8624814,1.2953435],[103.8624882,1.2955205],[103.8625016,1.295672],[103.8625204,1.2958323],[103.862529,1.295918]]}},{"type":"Feature","id":"osm-way-182819162","properties":{"kind":"building","name":"Sinsov Building"},"geometry":{"type":"Polygon","coordinates":[[[103.8504418,1.2843905],[103.8507739,1.2843685],[103.8507837,1.284516],[103.8504516,1.2845379],[103.8504418,1.2843905]]]}},{"type":"Feature","id":"osm-way-183320721","properties":{"kind":"building","name":"Former Dormitories"},"geometry":{"type":"Polygon","coordinates":[[[103.8522633,1.2946605],[103.852378,1.2945792],[103.8524876,1.2947337],[103.8525069,1.29472],[103.8525609,1.294796],[103.8525433,1.2948085],[103.8525984,1.2948861],[103.8526043,1.294882],[103.85262,1.2949041],[103.852638,1.2948913],[103.8526892,1.2949634],[103.8526716,1.2949759],[103.8527803,1.2951289],[103.8526625,1.2952125],[103.8526437,1.2951859],[103.8525734,1.2952358],[103.8525854,1.2952526],[103.8522325,1.295503],[103.8521494,1.2953858],[103.8522487,1.2953154],[103.8522298,1.2952887],[103.8522772,1.2952552],[103.852267,1.2952409],[103.8523268,1.2951985],[103.8523357,1.2952111],[103.8523835,1.2951772],[103.8524009,1.2952017],[103.8524988,1.2951322],[103.852506,1.2951424],[103.8525745,1.2950938],[103.8525512,1.295061],[103.8525368,1.2950712],[103.8524844,1.2949973],[103.8524995,1.2949866],[103.8524155,1.2948683],[103.8523956,1.2948824],[103.8523411,1.2948056],[103.8523578,1.2947937],[103.8522633,1.2946605]]]}},{"type":"Feature","id":"osm-way-184297026","properties":{"kind":"road","name":""},"geometry":{"type":"LineString","coordinates":[[103.8538662,1.2849875],[103.8538628,1.2849507],[103.8538497,1.2846709],[103.8538278,1.2842714],[103.8538208,1.2841442]]}},{"type":"Feature","id":"osm-way-184650705","properties":{"kind":"road","name":"New Market Road"},"geometry":{"type":"LineString","coordinates":[[103.8442979,1.287114],[103.8443309,1.2869688],[103.844333,1.2869278],[103.8443222,1.2868867],[103.8442326,1.2867363]]}},{"type":"Feature","id":"osm-way-184785166","properties":{"kind":"road","name":"Amoy Street"},"geometry":{"type":"LineString","coordinates":[[103.8478767,1.2822534],[103.8479819,1.282423],[103.848036,1.2825076]]}},{"type":"Feature","id":"osm-way-184786263","properties":{"kind":"road","name":"Solomon Street"},"geometry":{"type":"LineString","coordinates":[[103.84295,1.2886608],[103.8429187,1.2886788],[103.8429027,1.2886978],[103.8428926,1.2887206],[103.8428894,1.2887453],[103.8428931,1.2887699],[103.8429037,1.2887924],[103.8429201,1.2888111],[103.8429411,1.2888244],[103.842965,1.2888313],[103.8429899,1.2888313],[103.8430138,1.2888242],[103.8430347,1.2888108],[103.8430511,1.288792],[103.8430615,1.2887694],[103.8430651,1.2887448],[103.8430617,1.2887201],[103.8430515,1.2886974],[103.8430395,1.2886823],[103.8430244,1.2886702],[103.843007,1.2886617],[103.8429882,1.2886572],[103.8429689,1.2886569],[103.84295,1.2886608]]}},{"type":"Feature","id":"osm-way-188366231","properties":{"kind":"road","name":"Flint Street"},"geometry":{"type":"LineString","coordinates":[[103.8523223,1.2860374],[103.8523579,1.2859415]]}},{"type":"Feature","id":"osm-way-188366232","properties":{"kind":"road","name":""},"geometry":{"type":"LineString","coordinates":[[103.8524869,1.2863276],[103.8525418,1.2862545],[103.8525869,1.2862102],[103.8526281,1.2861797]]}},{"type":"Feature","id":"osm-way-190945734","properties":{"kind":"primaryRoad","name":"Republic Avenue"},"geometry":{"type":"LineString","coordinates":[[103.8638211,1.3009328],[103.8634608,1.3006533],[103.8628335,1.3001823],[103.8626017,1.3000349],[103.862124,1.2997661]]}},{"type":"Feature","id":"osm-way-190945737","properties":{"kind":"building","name":"PARKROYAL Serviced Suites Singapore"},"geometry":{"type":"Polygon","coordinates":[[[103.8604631,1.2998327],[103.8604728,1.2997115],[103.860475,1.2996838],[103.860604,1.2996838],[103.860732,1.2996468],[103.860822,1.2995908],[103.8609109,1.2994929],[103.8609979,1.2995518],[103.8609339,1.2996768],[103.8609089,1.2997797],[103.8609079,1.2998996],[103.8609376,1.3000069],[103.8609469,1.3000406],[103.8608811,1.3000675],[103.86082,1.3000925],[103.860761,1.2999966],[103.860673,1.2999216],[103.860592,1.2998637],[103.8604631,1.2998327]]]}},{"type":"Feature","id":"osm-way-190945744","properties":{"kind":"building","name":"The Furniture Mall"},"geometry":{"type":"Polygon","coordinates":[[[103.8604728,1.2997115],[103.8603947,1.2996432],[103.8603266,1.2995837],[103.8603053,1.299565],[103.8603732,1.2994708],[103.8604105,1.2995097],[103.8604484,1.2995491],[103.8604808,1.2995828],[103.8605508,1.2995858],[103.8606538,1.2995739],[103.8607487,1.2995299],[103.8608417,1.2994419],[103.8610566,1.2995898],[103.8610263,1.2996384],[103.8610675,1.2996332],[103.8610979,1.2995936],[103.8611255,1.2995491],[103.8616161,1.2999144],[103.8614273,1.3002205],[103.8613863,1.3002381],[103.8612315,1.3004607],[103.861076,1.3003463],[103.8610993,1.3003109],[103.8609459,1.3002021],[103.8609841,1.300142],[103.8608811,1.3000675],[103.8609469,1.3000406],[103.8609376,1.3000069],[103.8609079,1.2998996],[103.8609089,1.2997797],[103.8609339,1.2996768],[103.8609979,1.2995518],[103.8609109,1.2994929],[103.860822,1.2995908],[103.860732,1.2996468],[103.860604,1.2996838],[103.860475,1.2996838],[103.8604728,1.2997115]]]}},{"type":"Feature","id":"osm-way-190945770","properties":{"kind":"primaryRoad","name":""},"geometry":{"type":"LineString","coordinates":[[103.8637626,1.2998479],[103.8638187,1.2999411],[103.8638529,1.2999967],[103.8638781,1.3000428],[103.8638877,1.3001065],[103.8638768,1.3002587]]}},{"type":"Feature","id":"osm-way-193444038","properties":{"kind":"road","name":""},"geometry":{"type":"LineString","coordinates":[[103.8508724,1.2934365],[103.8508815,1.2934502],[103.8509006,1.2934935]]}},{"type":"Feature","id":"osm-way-198990366","properties":{"kind":"road","name":"Seah Street"},"geometry":{"type":"LineString","coordinates":[[103.8551873,1.2956449],[103.8550083,1.2957981]]}},{"type":"Feature","id":"osm-way-218239415","properties":{"kind":"road","name":""},"geometry":{"type":"LineString","coordinates":[[103.8435787,1.2838926],[103.8435862,1.283905],[103.8437985,1.2837777],[103.8455259,1.2827695],[103.8455029,1.2827408],[103.8454783,1.2827073],[103.8446027,1.2832144],[103.8444235,1.2833245],[103.8441535,1.282874],[103.8439243,1.2824514],[103.8437964,1.2822055],[103.84371,1.2820428],[103.8445229,1.2815894],[103.8447424,1.2814713],[103.8447304,1.2814486],[103.8446995,1.2813963],[103.8446557,1.2814204],[103.8439678,1.2818027],[103.8436615,1.2819696],[103.843612,1.2820003],[103.8438703,1.2824825],[103.8439514,1.2826327],[103.8441045,1.2829023],[103.8443511,1.2833326],[103.8441665,1.283439],[103.8435303,1.2838056],[103.843537,1.2838227],[103.8434237,1.2838916],[103.8433986,1.2839068],[103.8433839,1.2838898],[103.8433567,1.2839105],[103.8434135,1.2839775],[103.8434194,1.2839744],[103.8434235,1.283983],[103.8435787,1.2838926]]}},{"type":"Feature","id":"osm-way-218253805","properties":{"kind":"road","name":"Ann Siang Road"},"geometry":{"type":"LineString","coordinates":[[103.8461912,1.2804265],[103.8460677,1.2806084],[103.8459377,1.2807796]]}},{"type":"Feature","id":"osm-way-218253806","properties":{"kind":"park","name":"Ann Siang Hill Park"},"geometry":{"type":"Polygon","coordinates":[[[103.846487,1.2812048],[103.8464217,1.2812249],[103.8464324,1.2810801],[103.8463734,1.2809675],[103.8462608,1.2809085],[103.846073,1.2811739],[103.8459362,1.2813161],[103.8458182,1.2813992],[103.8455768,1.2815011],[103.8455688,1.2814501],[103.8457485,1.2813777],[103.8458558,1.2813322],[103.8459926,1.2811981],[103.8462205,1.2809501],[103.8463635,1.280726],[103.8463564,1.2805831],[103.8461969,1.2804517],[103.8462066,1.2803994],[103.846186,1.2802684],[103.8463843,1.2801721],[103.8463968,1.2802944],[103.8464083,1.280407],[103.8464271,1.2804848],[103.8465692,1.2808468],[103.8466417,1.2809809],[103.8467007,1.2810801],[103.846487,1.2812048]]]}},{"type":"Feature","id":"osm-way-223868462","properties":{"kind":"primaryRoad","name":"Orchard Road"},"geometry":{"type":"LineString","coordinates":[[103.8431335,1.2999773],[103.8435446,1.2998446],[103.8436685,1.2998015],[103.8438222,1.299748]]}},{"type":"Feature","id":"osm-way-230082125","properties":{"kind":"building","name":"Singapore Flyer"},"geometry":{"type":"Polygon","coordinates":[[[103.8625828,1.2890295],[103.8626271,1.2889732],[103.8636678,1.2897913],[103.8636235,1.2898476],[103.8625828,1.2890295]]]}},{"type":"Feature","id":"osm-way-231917912","properties":{"kind":"building","name":"My Art Space"},"geometry":{"type":"Polygon","coordinates":[[[103.8439134,1.2993682],[103.8438654,1.29922],[103.8440142,1.2991719],[103.8440622,1.2993201],[103.8439134,1.2993682]]]}},{"type":"Feature","id":"osm-way-231917921","properties":{"kind":"building","name":"Istana Heritage Gallery"},"geometry":{"type":"Polygon","coordinates":[[[103.8433126,1.2995539],[103.8432631,1.2993943],[103.8434236,1.2993445],[103.8434731,1.2995041],[103.8433126,1.2995539]]]}},{"type":"Feature","id":"osm-way-231924810","properties":{"kind":"road","name":""},"geometry":{"type":"LineString","coordinates":[[103.8432664,1.2844586],[103.8431956,1.2843751],[103.8431727,1.2843482],[103.8431936,1.2843306],[103.8432714,1.2842645],[103.8433109,1.2842309],[103.8432002,1.2841004],[103.8431511,1.2840427],[103.8432799,1.2839326],[103.8433358,1.2838859],[103.8433567,1.2839105],[103.8433682,1.283924],[103.8434135,1.2839775],[103.8434493,1.2840196],[103.8433767,1.2840812],[103.8433431,1.2841098],[103.8435005,1.2842951],[103.843382,1.2843956],[103.8433204,1.284448],[103.843303,1.2844275],[103.8432664,1.2844586]]}},{"type":"Feature","id":"osm-way-243427705","properties":{"kind":"building","name":"The Arts House"},"geometry":{"type":"Polygon","coordinates":[[[103.851213,1.2889716],[103.8511821,1.2889312],[103.8511724,1.2889386],[103.851092,1.2888333],[103.8510604,1.2888574],[103.8510167,1.2888002],[103.8509909,1.2888198],[103.8509129,1.2887177],[103.8509371,1.2886992],[103.850897,1.2886468],[103.8509446,1.2886105],[103.8508604,1.2885003],[103.8508809,1.2884846],[103.8508352,1.2884248],[103.8509253,1.288356],[103.8509737,1.2884194],[103.8510209,1.2883833],[103.8511104,1.2885005],[103.8511555,1.2884661],[103.8512784,1.2886271],[103.8512613,1.2886402],[103.851301,1.2886923],[103.8512366,1.2887414],[103.8513004,1.2888249],[103.8512629,1.2888536],[103.8513015,1.288904],[103.851213,1.2889716]]]}},{"type":"Feature","id":"osm-way-243427888","properties":{"kind":"building","name":"Old Civil District Court"},"geometry":{"type":"Polygon","coordinates":[[[103.8510533,1.2881967],[103.850997,1.2882396],[103.8509623,1.2881981],[103.8509326,1.2882182],[103.8507404,1.2879724],[103.850702,1.2879232],[103.8507502,1.2878776],[103.8507905,1.2879259],[103.8508253,1.287891],[103.8509112,1.2880036],[103.8509514,1.2879715],[103.8509943,1.2880251],[103.8509541,1.28806],[103.8510533,1.2881967]]]}},{"type":"Feature","id":"osm-way-243430507","properties":{"kind":"building","name":"25 North Bridge"},"geometry":{"type":"Polygon","coordinates":[[[103.8498743,1.2901881],[103.849848,1.2902062],[103.8498631,1.2902281],[103.849673,1.290367],[103.8495192,1.2901679],[103.849733,1.290014],[103.8497704,1.2900264],[103.8498743,1.2901881]]]}},{"type":"Feature","id":"osm-way-243430556","properties":{"kind":"building","name":"High Street Plaza"},"geometry":{"type":"Polygon","coordinates":[[[103.8492795,1.2906732],[103.8491335,1.2904874],[103.8493978,1.2902799],[103.8495438,1.2904657],[103.8494121,1.2905691],[103.8492795,1.2906732]]]}},{"type":"Feature","id":"osm-way-244776082","properties":{"kind":"primaryRoad","name":"Marina Boulevard"},"geometry":{"type":"LineString","coordinates":[[103.8572079,1.2788165],[103.8572706,1.2787828]]}},{"type":"Feature","id":"osm-way-244776140","properties":{"kind":"primaryRoad","name":"Marina Boulevard"},"geometry":{"type":"LineString","coordinates":[[103.8583813,1.2780633],[103.8585584,1.2779486]]}},{"type":"Feature","id":"osm-way-251601520","properties":{"kind":"building","name":"Utility"},"geometry":{"type":"Polygon","coordinates":[[[103.8420402,1.2896344],[103.8424793,1.289359],[103.8426092,1.2895659],[103.8425279,1.2896447],[103.8424283,1.2897223],[103.8423273,1.2897838],[103.8421701,1.2898413],[103.8420402,1.2896344]]]}},{"type":"Feature","id":"osm-way-251795074","properties":{"kind":"road","name":""},"geometry":{"type":"LineString","coordinates":[[103.8544525,1.2807261],[103.8545745,1.2809398],[103.8548537,1.2813861],[103.8546955,1.2814907],[103.854548,1.2821504],[103.8538801,1.282019],[103.8537084,1.2821128],[103.8534362,1.2816829],[103.8533006,1.2814663]]}},{"type":"Feature","id":"osm-way-251796138","properties":{"kind":"building","name":"Monti I-Pavilion"},"geometry":{"type":"Polygon","coordinates":[[[103.8539427,1.2847744],[103.8539102,1.2847482],[103.8538894,1.284712],[103.8538831,1.2846708],[103.8538921,1.28463],[103.8539152,1.2845953],[103.8539493,1.2845712],[103.8539898,1.2845611],[103.8540312,1.2845663],[103.8540679,1.2845861],[103.8540951,1.2846178],[103.8541089,1.2846572],[103.8541075,1.2846989],[103.8540912,1.2847373],[103.8540621,1.2847672],[103.8540241,1.2847846],[103.8539825,1.2847871],[103.8539427,1.2847744]]]}},{"type":"Feature","id":"osm-way-253945337","properties":{"kind":"road","name":"Commerce Street"},"geometry":{"type":"LineString","coordinates":[[103.8505593,1.2799487],[103.85067,1.2798884],[103.8508005,1.2798064],[103.8510279,1.2796711]]}},{"type":"Feature","id":"osm-way-253945358","properties":{"kind":"primaryRoad","name":"Sheares Avenue"},"geometry":{"type":"LineString","coordinates":[[103.8583813,1.2780633],[103.8584744,1.2782104],[103.8588566,1.2787923],[103.8594446,1.2796877]]}},{"type":"Feature","id":"osm-way-253945391","properties":{"kind":"road","name":"Marina Way"},"geometry":{"type":"LineString","coordinates":[[103.8546002,1.2782889],[103.8546732,1.278409],[103.8549283,1.2788127]]}},{"type":"Feature","id":"osm-way-253945399","properties":{"kind":"road","name":"Shenton Lane"},"geometry":{"type":"LineString","coordinates":[[103.8500706,1.278089],[103.8500933,1.2781277],[103.8501879,1.2782834]]}},{"type":"Feature","id":"osm-way-254344606","properties":{"kind":"road","name":"Maxwell Road"},"geometry":{"type":"LineString","coordinates":[[103.8447871,1.2797238],[103.8448956,1.2795928]]}},{"type":"Feature","id":"osm-way-254344607","properties":{"kind":"road","name":"Spring Street"},"geometry":{"type":"LineString","coordinates":[[103.8442597,1.2807532],[103.8441474,1.2808247],[103.8439593,1.2809446],[103.8437882,1.2810438]]}},{"type":"Feature","id":"osm-way-254815861","properties":{"kind":"building","name":"Bugis Junction Tower"},"geometry":{"type":"Polygon","coordinates":[[[103.8559282,1.3003213],[103.855766,1.3001101],[103.8557181,1.3001462],[103.8556526,1.3000592],[103.8557307,1.3000005],[103.8557132,1.2999772],[103.8560906,1.2996932],[103.8561082,1.2997166],[103.856187,1.2996573],[103.8562524,1.2997441],[103.8562274,1.2997629],[103.8562485,1.2997915],[103.8562762,1.2997683],[103.856366,1.2998729],[103.8559282,1.3003213]]]}},{"type":"Feature","id":"osm-way-254815870","properties":{"kind":"building","name":"利佳大廈 Lee Kai House"},"geometry":{"type":"Polygon","coordinates":[[[103.853754,1.299237],[103.8536372,1.2993349],[103.8534696,1.2991301],[103.8535854,1.2990355],[103.853754,1.299237]]]}},{"type":"Feature","id":"osm-way-254815871","properties":{"kind":"building","name":"ICB Enterprise House 工商企業大廈"},"geometry":{"type":"Polygon","coordinates":[[[103.8536372,1.2993349],[103.8535395,1.2994169],[103.8534633,1.2994092],[103.8533685,1.2992834],[103.8533775,1.2992054],[103.8534696,1.2991301],[103.8536372,1.2993349]]]}},{"type":"Feature","id":"osm-way-254815875","properties":{"kind":"building","name":"Bylands Building"},"geometry":{"type":"Polygon","coordinates":[[[103.8528267,1.2993168],[103.8526133,1.2994975],[103.8523964,1.2992377],[103.8526043,1.299056],[103.8528267,1.2993168]]]}},{"type":"Feature","id":"osm-way-254815904","properties":{"kind":"building","name":"Hotel 81 (Bugis)"},"geometry":{"type":"Polygon","coordinates":[[[103.8557693,1.2969558],[103.8556844,1.2970208],[103.8555102,1.2967934],[103.8555951,1.2967284],[103.8557693,1.2969558]]]}},{"type":"Feature","id":"osm-way-254815906","properties":{"kind":"building","name":"Fragrance Hotel (Bugis)"},"geometry":{"type":"Polygon","coordinates":[[[103.8556844,1.2970208],[103.8556065,1.2970804],[103.8554323,1.296853],[103.8555102,1.2967934],[103.8556844,1.2970208]]]}},{"type":"Feature","id":"osm-way-254815908","properties":{"kind":"building","name":"TEG International College"},"geometry":{"type":"Polygon","coordinates":[[[103.8556065,1.2970804],[103.8555249,1.2971429],[103.8553507,1.2969155],[103.8554323,1.296853],[103.8556065,1.2970804]]]}},{"type":"Feature","id":"osm-way-254815915","properties":{"kind":"building","name":"Bugis Point"},"geometry":{"type":"Polygon","coordinates":[[[103.8561236,1.2987687],[103.856229,1.2988637],[103.8561792,1.2989188],[103.8561559,1.298946],[103.856167,1.2989597],[103.8561365,1.2989898],[103.8560462,1.2988599],[103.8561236,1.2987687]]]}},{"type":"Feature","id":"osm-way-254815922","properties":{"kind":"building","name":"Fu Yuen Building"},"geometry":{"type":"Polygon","coordinates":[[[103.8565248,1.2970777],[103.8563496,1.2972188],[103.8562793,1.2971132],[103.8564535,1.2969746],[103.8565248,1.2970777]]]}},{"type":"Feature","id":"osm-way-254815925","properties":{"kind":"building","name":"Park View Hotel"},"geometry":{"type":"Polygon","coordinates":[[[103.8566351,1.2972165],[103.8564579,1.2973557],[103.8563496,1.2972188],[103.8565248,1.2970777],[103.8566351,1.2972165]]]}},{"type":"Feature","id":"osm-way-254815926","properties":{"kind":"building","name":"ST Signature"},"geometry":{"type":"Polygon","coordinates":[[[103.8565009,1.2974148],[103.8564579,1.2973557],[103.8566351,1.2972165],[103.8566817,1.2972786],[103.8565009,1.2974148]]]}},{"type":"Feature","id":"osm-way-254815929","properties":{"kind":"building","name":"Beach Hotel"},"geometry":{"type":"Polygon","coordinates":[[[103.8566032,1.2975589],[103.8567898,1.2974309],[103.856804,1.2974517],[103.8567969,1.2975309],[103.8566921,1.2976301],[103.8566501,1.2976273],[103.8566032,1.2975589]]]}},{"type":"Feature","id":"osm-way-256153661","properties":{"kind":"road","name":""},"geometry":{"type":"LineString","coordinates":[[103.8531516,1.2884622],[103.8531443,1.2884529],[103.8531359,1.2884447],[103.8531263,1.2884378],[103.8531159,1.2884323],[103.8531049,1.2884283],[103.8530934,1.2884259],[103.8530816,1.2884251],[103.8530734,1.2884256],[103.8530699,1.288426],[103.8530584,1.2884285],[103.8530474,1.2884326],[103.853037,1.2884381],[103.8530276,1.2884451],[103.8530192,1.2884533],[103.853012,1.2884626],[103.8530062,1.2884728],[103.8530018,1.2884838],[103.8529991,1.2884952],[103.852998,1.2885069],[103.8529985,1.2885186],[103.8530006,1.2885302],[103.8530044,1.2885414],[103.8530097,1.2885521],[103.8530167,1.2885621],[103.8530251,1.288571],[103.8530347,1.2885786],[103.8530452,1.2885847],[103.8530566,1.2885892],[103.8530654,1.2885914],[103.8530684,1.288592],[103.8530806,1.2885931],[103.8530928,1.2885924],[103.8531048,1.2885899],[103.8531162,1.2885858],[103.853127,1.28858],[103.853129,1.2885787],[103.8531368,1.2885727],[103.8531454,1.2885641],[103.8531527,1.2885543],[103.8531585,1.2885436],[103.8531627,1.2885321],[103.8531652,1.2885201],[103.8531659,1.288511],[103.8531659,1.2885079],[103.8531649,1.2884958],[103.853162,1.2884839],[103.8531575,1.2884725],[103.8531516,1.2884622]]}},{"type":"Feature","id":"osm-way-256153662","properties":{"kind":"road","name":""},"geometry":{"type":"LineString","coordinates":[[103.8542497,1.2910725],[103.8541916,1.2910484],[103.8541685,1.2910517],[103.8541063,1.2910809],[103.8540635,1.291101],[103.8541269,1.2912445],[103.8541677,1.291227],[103.8542027,1.291212],[103.8542497,1.2911887],[103.854273,1.2911417],[103.8542737,1.2911306],[103.854257,1.2910903],[103.8542497,1.2910725]]}},{"type":"Feature","id":"osm-way-256153667","properties":{"kind":"road","name":""},"geometry":{"type":"LineString","coordinates":[[103.8526099,1.2883258],[103.852903,1.2886852],[103.8529679,1.2888022],[103.8532268,1.2893368],[103.8533136,1.2895113],[103.8534085,1.2896982],[103.853645,1.2902048],[103.8537133,1.2903425],[103.8537721,1.2904611],[103.8539711,1.2907775],[103.8541063,1.2910809],[103.8541677,1.291227],[103.8542031,1.2913116],[103.8543031,1.2913604],[103.8543429,1.2913627],[103.854433,1.2913265]]}},{"type":"Feature","id":"osm-way-256153668","properties":{"kind":"road","name":""},"geometry":{"type":"LineString","coordinates":[[103.8541882,1.2901073],[103.8539081,1.2902341]]}},{"type":"Feature","id":"osm-way-256153676","properties":{"kind":"road","name":""},"geometry":{"type":"LineString","coordinates":[[103.8538323,1.2894515],[103.8534085,1.2896982]]}},{"type":"Feature","id":"osm-way-256153678","properties":{"kind":"road","name":"Queen Elizabeth Walk"},"geometry":{"type":"LineString","coordinates":[[103.8539019,1.2894907],[103.8541882,1.2901073],[103.8542221,1.2902503]]}},{"type":"Feature","id":"osm-way-256153679","properties":{"kind":"road","name":""},"geometry":{"type":"LineString","coordinates":[[103.8531659,1.288511],[103.8532674,1.2885027],[103.8533336,1.2884972]]}},{"type":"Feature","id":"osm-way-256153683","properties":{"kind":"road","name":"Queen Elizabeth Walk"},"geometry":{"type":"LineString","coordinates":[[103.8542638,1.290413],[103.8543672,1.290747],[103.854399,1.2908642],[103.8544399,1.2909796],[103.8544505,1.2910169],[103.8544929,1.2911659],[103.8545348,1.2912132],[103.8545366,1.2912347],[103.8545212,1.291261],[103.854433,1.2913265],[103.8544646,1.2913919],[103.8544906,1.2914458]]}},{"type":"Feature","id":"osm-way-256153689","properties":{"kind":"road","name":"Queen Elizabeth Walk"},"geometry":{"type":"LineString","coordinates":[[103.853857,1.2893563],[103.853783,1.2892263],[103.8536077,1.2889291]]}},{"type":"Feature","id":"osm-way-256153690","properties":{"kind":"road","name":""},"geometry":{"type":"LineString","coordinates":[[103.8530808,1.2884636],[103.853121,1.2884838],[103.8531234,1.2885287],[103.8531047,1.2885416],[103.853086,1.2885544],[103.853044,1.2885339],[103.8530425,1.2884883],[103.8530616,1.2884759],[103.8530808,1.2884636]]}},{"type":"Feature","id":"osm-way-256153714","properties":{"kind":"building","name":"The Cenotaph"},"geometry":{"type":"Polygon","coordinates":[[[103.8538286,1.2901543],[103.8539216,1.2903532],[103.8538046,1.2904079],[103.8537116,1.290209],[103.8538286,1.2901543]]]}},{"type":"Feature","id":"osm-way-256163011","properties":{"kind":"building","name":"Esplanade Concert Hall"},"geometry":{"type":"Polygon","coordinates":[[[103.8553086,1.2891493],[103.8555511,1.2892422],[103.8555905,1.2892868],[103.8556147,1.289358],[103.8556135,1.2894217],[103.8555778,1.2895375],[103.8555409,1.2896101],[103.8554899,1.2896775],[103.8554416,1.289703],[103.8553728,1.2897017],[103.8549423,1.2895978],[103.8548851,1.2895686],[103.8548445,1.2895484],[103.8547872,1.2894721],[103.8547574,1.2893963],[103.8547528,1.289301],[103.8547796,1.2891938],[103.8548177,1.2891354],[103.8548872,1.2890674],[103.8549252,1.2890528],[103.8549508,1.2890455],[103.8549815,1.2890402],[103.8550202,1.2890396],[103.8550609,1.2890451],[103.855091,1.2890523],[103.8551181,1.2890625],[103.8551994,1.2890989],[103.8553086,1.2891493]]]}},{"type":"Feature","id":"osm-way-256163012","properties":{"kind":"building","name":"Esplanade Theatre"},"geometry":{"type":"Polygon","coordinates":[[[103.8552459,1.2902159],[103.8554174,1.2898163],[103.8554428,1.2897705],[103.8554989,1.2897348],[103.8555778,1.2897246],[103.8556784,1.289745],[103.8557637,1.2897819],[103.8558452,1.2898379],[103.8558706,1.2898647],[103.8558885,1.2899067],[103.8558897,1.2899639],[103.8558132,1.2902671],[103.8557505,1.29048],[103.8557113,1.2905714],[103.8556515,1.2906284],[103.8555682,1.2906749],[103.8554843,1.2906903],[103.8553894,1.2906733],[103.8553173,1.2906424],[103.8552566,1.2905752],[103.855219,1.2905109],[103.8551869,1.2904326],[103.855188,1.2903456],[103.8552136,1.2902895],[103.8552459,1.2902159]]]}},{"type":"Feature","id":"osm-way-256275086","properties":{"kind":"park","name":""},"geometry":{"type":"Polygon","coordinates":[[[103.8548947,1.2890351],[103.8548897,1.289045],[103.8548694,1.2890572],[103.8548291,1.289092],[103.8547984,1.2891241],[103.854769,1.2891684],[103.8547496,1.2892145],[103.8547369,1.2892601],[103.8547324,1.2893008],[103.8547315,1.2893361],[103.854736,1.2893758],[103.8547423,1.2894093],[103.8547482,1.2894395],[103.8546822,1.2894065],[103.8545769,1.2893853],[103.854557,1.2892904],[103.8545832,1.2892769],[103.8545742,1.2892308],[103.8546076,1.2892204],[103.8546049,1.2891865],[103.8545986,1.2891865],[103.8545991,1.289111],[103.8545932,1.289111],[103.8545995,1.2890916],[103.8546094,1.2890721],[103.8546004,1.2890649],[103.8546131,1.2890473],[103.8546379,1.2890324],[103.8546664,1.2890247],[103.8546881,1.2890224],[103.8548947,1.2890351]]]}},{"type":"Feature","id":"osm-way-256427237","properties":{"kind":"road","name":"Marina View"},"geometry":{"type":"LineString","coordinates":[[103.8524635,1.2796915],[103.8525128,1.279763],[103.8526667,1.2800142],[103.8527318,1.2801078]]}},{"type":"Feature","id":"osm-way-256427238","properties":{"kind":"road","name":"Marina View"},"geometry":{"type":"LineString","coordinates":[[103.8513823,1.2780194],[103.8516508,1.2784491]]}},{"type":"Feature","id":"osm-way-257192963","properties":{"kind":"building","name":"Cathedral Café"},"geometry":{"type":"Polygon","coordinates":[[[103.8521851,1.2925271],[103.8522191,1.2925097],[103.8523035,1.2926735],[103.8523167,1.2926667],[103.8523424,1.2927167],[103.8521881,1.2927961],[103.8522048,1.2928285],[103.8521802,1.2928412],[103.8521989,1.2928774],[103.8521856,1.2928842],[103.852193,1.2928986],[103.8520885,1.2929525],[103.8520482,1.2928742],[103.8520377,1.2928796],[103.8520604,1.2929263],[103.8519451,1.2929933],[103.8517721,1.2926722],[103.8518901,1.2926031],[103.8520126,1.2928307],[103.8521536,1.2927582],[103.8521428,1.2927373],[103.8521814,1.2927174],[103.8521897,1.2927335],[103.8522701,1.2926922],[103.8521851,1.2925271]]]}},{"type":"Feature","id":"osm-way-257193144","properties":{"kind":"road","name":""},"geometry":{"type":"LineString","coordinates":[[103.8509006,1.2934935],[103.8509024,1.2935385],[103.8510235,1.2937745]]}},{"type":"Feature","id":"osm-way-259865048","properties":{"kind":"park","name":"Telok Ayer Green"},"geometry":{"type":"Polygon","coordinates":[[[103.847833,1.2812198],[103.8479277,1.2813639],[103.8477584,1.2814586],[103.8478121,1.2815546],[103.8477496,1.2816024],[103.8475556,1.2817392],[103.8474126,1.2814806],[103.8473644,1.2813962],[103.8474264,1.2813638],[103.847545,1.2812989],[103.8475781,1.2813594],[103.847833,1.2812198]]]}},{"type":"Feature","id":"osm-way-269909056","properties":{"kind":"road","name":"Smith Street"},"geometry":{"type":"LineString","coordinates":[[103.8438943,1.2824685],[103.8439243,1.2824514],[103.8441942,1.2822956],[103.8446138,1.2820538],[103.8447388,1.2819824],[103.8449387,1.2818661],[103.844946,1.2818618],[103.8450622,1.2817996]]}},{"type":"Feature","id":"osm-way-269909065","properties":{"kind":"primaryRoad","name":""},"geometry":{"type":"LineString","coordinates":[[103.8465058,1.2877959],[103.8464481,1.2877814],[103.8464017,1.2877796],[103.8463703,1.2877955],[103.8463552,1.2878136],[103.8463481,1.2878345],[103.8463526,1.2878841]]}},{"type":"Feature","id":"osm-way-300380459","properties":{"kind":"building","name":"Sri Mariamman Temple"},"geometry":{"type":"Polygon","coordinates":[[[103.8450421,1.2827589],[103.8450442,1.2827554],[103.8450468,1.2827523],[103.8450479,1.2827352],[103.8450412,1.2827329],[103.8450359,1.282729],[103.845032,1.2827235],[103.8450302,1.2827176],[103.8450298,1.2827109],[103.8450208,1.2827006],[103.8450135,1.2827015],[103.8450061,1.2827003],[103.8449995,1.2826969],[103.8449947,1.2826925],[103.8449913,1.2826871],[103.8449894,1.2826812],[103.8449889,1.282675],[103.84499,1.2826689],[103.8449939,1.2826613],[103.8450002,1.2826554],[103.845008,1.282652],[103.8450135,1.2826513],[103.845019,1.2826518],[103.8450268,1.2826525],[103.8450295,1.2826451],[103.8450261,1.2826412],[103.8450235,1.2826361],[103.8450223,1.2826302],[103.8450227,1.2826246],[103.8450239,1.2826204],[103.845026,1.2826165],[103.8450289,1.2826131],[103.8450325,1.2826103],[103.8450386,1.2826077],[103.8450412,1.2826072],[103.8450436,1.282607],[103.8450463,1.2826071],[103.8450516,1.2826083],[103.8450551,1.2826099],[103.8450582,1.2826122],[103.8453753,1.2825652],[103.8453773,1.282591],[103.8454,1.2825891],[103.845403,1.2826002],[103.8454055,1.2826195],[103.8454078,1.2826392],[103.845412,1.282659],[103.8453904,1.2826628],[103.8454104,1.2827222],[103.8452606,1.2827798],[103.8452346,1.282715],[103.8452079,1.2827172],[103.845211,1.282792],[103.8450792,1.2828052],[103.8450776,1.2827897],[103.8450714,1.2827879],[103.845065,1.2827899],[103.8450579,1.2827897],[103.8450509,1.2827871],[103.8450464,1.2827836],[103.845044,1.2827806],[103.8450421,1.2827773],[103.8450403,1.2827711],[103.8450403,1.2827648],[103.8450421,1.2827589]]]}},{"type":"Feature","id":"osm-way-301807884","properties":{"kind":"road","name":"Chin Chew Street"},"geometry":{"type":"LineString","coordinates":[[103.8476425,1.2833709],[103.8476181,1.2833849]]}},{"type":"Feature","id":"osm-way-301808015","properties":{"kind":"road","name":"Hokien Street"},"geometry":{"type":"LineString","coordinates":[[103.8482319,1.2842765],[103.8481971,1.2843033]]}},{"type":"Feature","id":"osm-way-301808060","properties":{"kind":"road","name":"Hokien Street"},"geometry":{"type":"LineString","coordinates":[[103.8469116,1.28503],[103.847295,1.2848124]]}},{"type":"Feature","id":"osm-way-301808161","properties":{"kind":"road","name":""},"geometry":{"type":"LineString","coordinates":[[103.8476425,1.2833709],[103.8479084,1.2832199],[103.8478815,1.2831647],[103.8480531,1.2830533],[103.8482623,1.2828686]]}},{"type":"Feature","id":"osm-way-301808163","properties":{"kind":"road","name":"Amoy Street"},"geometry":{"type":"LineString","coordinates":[[103.8482623,1.2828686],[103.8485602,1.2833431],[103.8486796,1.283469]]}},{"type":"Feature","id":"osm-way-301808164","properties":{"kind":"road","name":"Pekin Street"},"geometry":{"type":"LineString","coordinates":[[103.8490512,1.2830846],[103.8489276,1.2832007],[103.8486796,1.283469],[103.8482815,1.2839133]]}},{"type":"Feature","id":"osm-way-301808165","properties":{"kind":"road","name":""},"geometry":{"type":"LineString","coordinates":[[103.8479118,1.2838138],[103.8479641,1.2838009],[103.8481859,1.2838332],[103.8482815,1.2839133],[103.8484734,1.2840615],[103.8487607,1.2844936]]}},{"type":"Feature","id":"osm-way-301808273","properties":{"kind":"road","name":""},"geometry":{"type":"LineString","coordinates":[[103.8489276,1.2832007],[103.8491708,1.2834355],[103.8492122,1.2834755],[103.8493447,1.2836078],[103.8495617,1.2838093],[103.8494231,1.2839922]]}},{"type":"Feature","id":"osm-way-303311927","properties":{"kind":"building","name":"Marina Square"},"geometry":{"type":"Polygon","coordinates":[[[103.8583234,1.2918752],[103.8584616,1.2921001],[103.8583828,1.292146],[103.858332,1.2921751],[103.8585142,1.2924937],[103.8585248,1.2925117],[103.8585072,1.2925217],[103.858451,1.2925537],[103.8582863,1.2926474],[103.8582558,1.2926641],[103.8582008,1.2926876],[103.8581419,1.2926972],[103.8580889,1.2926976],[103.8580359,1.2926916],[103.8579769,1.2926748],[103.8579252,1.2926473],[103.857885,1.2926132],[103.8578628,1.2925798],[103.8578307,1.2925227],[103.8578059,1.292457],[103.8577972,1.2923745],[103.8578025,1.2922994],[103.8578226,1.2922391],[103.8578602,1.2921828],[103.8579058,1.2921399],[103.8579575,1.2920929],[103.8577219,1.2916971],[103.8575942,1.2914693],[103.8574745,1.29154],[103.8568569,1.2919157],[103.8569302,1.2920419],[103.8567726,1.2921302],[103.8568133,1.292198],[103.8568289,1.2922238],[103.8569224,1.29217],[103.8570046,1.2923126],[103.8568153,1.2924217],[103.856733,1.2922791],[103.8566405,1.2921284],[103.8563916,1.2922547],[103.8563943,1.2922572],[103.8564402,1.2923068],[103.8565111,1.2923444],[103.8566521,1.2923428],[103.8567306,1.2924859],[103.856645,1.292498],[103.8565607,1.292499],[103.8564344,1.2924547],[103.8563225,1.2923727],[103.856274,1.2923118],[103.8562405,1.2922372],[103.8561977,1.292068],[103.8561885,1.2920443],[103.8561811,1.2920172],[103.8561361,1.2920386],[103.8559748,1.2914982],[103.8559179,1.2913075],[103.8558978,1.2912403],[103.8559052,1.2912024],[103.8559146,1.2911632],[103.8559352,1.2911405],[103.8564568,1.2907077],[103.8565935,1.2906034],[103.8566866,1.290712],[103.8569072,1.2905794],[103.8572103,1.2904005],[103.8573657,1.2903088],[103.857491,1.2902348],[103.8576224,1.2904615],[103.8577468,1.2906679],[103.857784,1.2907309],[103.8579351,1.2906417],[103.8579174,1.2906117],[103.8578697,1.2905308],[103.8585663,1.2901207],[103.8585904,1.2901569],[103.8590899,1.2898745],[103.8591722,1.289903],[103.8591697,1.2905486],[103.8587561,1.2907836],[103.8586843,1.290826],[103.8585858,1.2908841],[103.8585794,1.2909175],[103.858575,1.2909393],[103.8586983,1.2911416],[103.858085,1.2914811],[103.8581914,1.2916575],[103.8582593,1.2917694],[103.8583234,1.2918752]]]}},{"type":"Feature","id":"osm-way-303311928","properties":{"kind":"primaryRoad","name":"Raffles Boulevard"},"geometry":{"type":"LineString","coordinates":[[103.862347,1.2912552],[103.8624205,1.2912445],[103.8625173,1.2912146],[103.8626973,1.2911682],[103.8628533,1.2910903],[103.8629373,1.2910314],[103.8630066,1.2909718]]}},{"type":"Feature","id":"osm-way-303314681","properties":{"kind":"primaryRoad","name":"Raffles Avenue"},"geometry":{"type":"LineString","coordinates":[[103.8575749,1.2897405],[103.8574822,1.2897454],[103.8574561,1.2897468],[103.8573305,1.2897535],[103.8573058,1.2897548]]}},{"type":"Feature","id":"osm-way-314214897","properties":{"kind":"road","name":"Telegraph Street"},"geometry":{"type":"LineString","coordinates":[[103.8508374,1.2818628],[103.850876,1.2818389],[103.8511204,1.281688]]}},{"type":"Feature","id":"osm-way-314352312","properties":{"kind":"building","name":"One Finlayson Green"},"geometry":{"type":"Polygon","coordinates":[[[103.851442,1.2823107],[103.8512902,1.2824059],[103.8512232,1.2823924],[103.8511114,1.2822142],[103.8513052,1.2820927],[103.851442,1.2823107]]]}},{"type":"Feature","id":"osm-way-314515961","properties":{"kind":"road","name":"Dobbie Rise"},"geometry":{"type":"LineString","coordinates":[[103.8455853,1.2950277],[103.8453648,1.2951325],[103.8453312,1.295158],[103.8453073,1.2951928],[103.8452956,1.2952334],[103.8452973,1.2952755],[103.8453121,1.295315],[103.8453387,1.2953478],[103.8456726,1.2954727],[103.845911,1.2956985],[103.8460869,1.2959757],[103.8461609,1.2962169]]}},{"type":"Feature","id":"osm-way-314515962","properties":{"kind":"road","name":""},"geometry":{"type":"LineString","coordinates":[[103.8474215,1.29376],[103.8476068,1.2933622],[103.8476712,1.2929946],[103.8477291,1.2926358],[103.8477069,1.2924329],[103.8476374,1.2922238],[103.8476149,1.2921898],[103.8475713,1.292153],[103.8475183,1.2921318],[103.847393,1.292087],[103.8470949,1.291894],[103.8468572,1.2919237]]}},{"type":"Feature","id":"osm-way-315739150","properties":{"kind":"road","name":"Jubilee Bridge"},"geometry":{"type":"LineString","coordinates":[[103.8544248,1.286991],[103.8543715,1.2871667],[103.8543449,1.2873489],[103.8543288,1.2875848],[103.8543342,1.2877913],[103.8543506,1.2879555],[103.8543845,1.2881292],[103.8544858,1.2884241]]}},{"type":"Feature","id":"osm-way-320637212","properties":{"kind":"building","name":"UE Square"},"geometry":{"type":"Polygon","coordinates":[[[103.8432006,1.2925372],[103.8432198,1.2925264],[103.8433559,1.2928009],[103.8433993,1.2928739],[103.8433247,1.2929178],[103.8433141,1.2928999],[103.8432979,1.2929097],[103.843347,1.2929891],[103.8432971,1.2930193],[103.8430878,1.2926638],[103.8430578,1.2926816],[103.8431053,1.2927594],[103.8430301,1.2928049],[103.8429822,1.2927262],[103.8429556,1.2927419],[103.8431603,1.2930916],[103.8431173,1.2931158],[103.8430717,1.2930367],[103.8430514,1.2930488],[103.8430643,1.2930661],[103.8429847,1.2931127],[103.8429401,1.2930362],[103.8428984,1.2929784],[103.842862,1.2929303],[103.8427625,1.2928013],[103.8427897,1.2927862],[103.8427416,1.2927072],[103.8428188,1.2926616],[103.8428266,1.2926738],[103.8428488,1.292661],[103.8428033,1.2925885],[103.8428505,1.2925594],[103.8429415,1.2927132],[103.8429685,1.2926969],[103.842925,1.2926253],[103.8429974,1.292582],[103.843039,1.2926545],[103.8430716,1.2926349],[103.8429786,1.2924855],[103.843023,1.2924577],[103.8430681,1.292535],[103.8430903,1.2925215],[103.8430832,1.2925088],[103.8431591,1.2924636],[103.8432006,1.2925372]]]}},{"type":"Feature","id":"osm-way-325793747","properties":{"kind":"building","name":"Central Park Tower"},"geometry":{"type":"Polygon","coordinates":[[[103.8529688,1.2809527],[103.8529242,1.2809177],[103.8528722,1.2808593],[103.8528382,1.2808074],[103.852809,1.2807594],[103.8527898,1.2807159],[103.8528139,1.2806975],[103.8527904,1.2806581],[103.852842,1.2805624],[103.8528796,1.2805962],[103.8529113,1.2805598],[103.8529908,1.2806491],[103.8530216,1.2806964],[103.8530553,1.2807554],[103.8530914,1.280821],[103.8531094,1.2808645],[103.8529688,1.2809527]]]}},{"type":"Feature","id":"osm-way-325793771","properties":{"kind":"building","name":"Marina Bay Tower"},"geometry":{"type":"Polygon","coordinates":[[[103.852612,1.2814765],[103.852621,1.2813939],[103.8526135,1.2813211],[103.85266,1.2812919],[103.8526548,1.2812828],[103.8526741,1.2812685],[103.8527417,1.2812267],[103.8527672,1.2812101],[103.8528882,1.2811317],[103.8529092,1.2811185],[103.8529561,1.2810893],[103.853,1.281069],[103.8530038,1.2810765],[103.8530488,1.281051],[103.8530999,1.2810892],[103.8531141,1.2810727],[103.8531885,1.2811147],[103.8530961,1.2812393],[103.8530188,1.2813076],[103.8529205,1.2813759],[103.8528342,1.2814232],[103.8527433,1.2814562],[103.852612,1.2814765]]]}},{"type":"Feature","id":"osm-way-325793774","properties":{"kind":"building","name":"One Shenton Tower 1"},"geometry":{"type":"Polygon","coordinates":[[[103.8505843,1.2794999],[103.8507659,1.2793991],[103.8508198,1.2794833],[103.8508072,1.279491],[103.8508246,1.2795188],[103.85076,1.2795723],[103.8506925,1.2796133],[103.8506217,1.2796418],[103.850586,1.2795847],[103.850573,1.279564],[103.8506057,1.2795445],[103.8505843,1.2794999]]]}},{"type":"Feature","id":"osm-way-325793778","properties":{"kind":"building","name":"One Shenton Tower 2"},"geometry":{"type":"Polygon","coordinates":[[[103.8504786,1.2793461],[103.8504306,1.2792857],[103.850384,1.2792134],[103.8503521,1.279153],[103.8503701,1.2791398],[103.8503472,1.2791015],[103.8503792,1.2790675],[103.8504271,1.2790355],[103.8504634,1.279022],[103.850505,1.2790182],[103.8505439,1.2790557],[103.8505884,1.2791293],[103.8506121,1.2791749],[103.8506231,1.279196],[103.8506002,1.2792162],[103.8506248,1.2792616],[103.8504786,1.2793461]]]}},{"type":"Feature","id":"osm-way-325895782","properties":{"kind":"building","name":"Esplanade Annexe"},"geometry":{"type":"Polygon","coordinates":[[[103.8563507,1.2892255],[103.8563553,1.2891868],[103.8563976,1.2891148],[103.8564728,1.2890815],[103.8564936,1.2890857],[103.8565351,1.2890942],[103.8565907,1.2891384],[103.8566092,1.2891739],[103.8566223,1.2891992],[103.8567574,1.2891876],[103.8567842,1.2896288],[103.8565657,1.2896437],[103.85653,1.289192],[103.8565022,1.2891711],[103.8564983,1.2891716],[103.8564635,1.2891767],[103.8564391,1.2892104],[103.8564666,1.2896939],[103.856396,1.2897006],[103.8563807,1.2894071],[103.8563712,1.2892234],[103.8563507,1.2892255]]]}},{"type":"Feature","id":"osm-way-326926547","properties":{"kind":"building","name":"Perennial Chinatown Point"},"geometry":{"type":"Polygon","coordinates":[[[103.8449045,1.2854504],[103.8448205,1.2853142],[103.8449012,1.2849809],[103.8450332,1.284902],[103.8451174,1.2850379],[103.8450893,1.2851537],[103.8451644,1.2851704],[103.845167,1.2851629],[103.8452196,1.2851765],[103.8451942,1.2852809],[103.8451433,1.2852668],[103.8451455,1.2852568],[103.8450675,1.2852379],[103.8450353,1.2853712],[103.8449045,1.2854504]]]}},{"type":"Feature","id":"osm-way-326926557","properties":{"kind":"park","name":""},"geometry":{"type":"Polygon","coordinates":[[[103.8428461,1.278924],[103.8428616,1.278718],[103.843049,1.2786383],[103.8430635,1.2786673],[103.8430459,1.2789364],[103.8428461,1.278924]]]}},{"type":"Feature","id":"osm-way-326926576","properties":{"kind":"road","name":"Nankin Street"},"geometry":{"type":"LineString","coordinates":[[103.8479118,1.2838138],[103.847882,1.283826],[103.8467143,1.2845238],[103.846642,1.2845729]]}},{"type":"Feature","id":"osm-way-334127049","properties":{"kind":"building","name":"Peninsula Hotel"},"geometry":{"type":"Polygon","coordinates":[[[103.8503666,1.2919316],[103.8502025,1.2916273],[103.8503693,1.2915374],[103.8505334,1.2918417],[103.8503666,1.2919316]]]}},{"type":"Feature","id":"osm-way-335167827","properties":{"kind":"building","name":"UOB Plaza Tower 1"},"geometry":{"type":"Polygon","coordinates":[[[103.8502991,1.28562],[103.850321,1.2856421],[103.8503027,1.2856653],[103.8502393,1.2856694],[103.8502271,1.2856864],[103.8502096,1.2856725],[103.8501498,1.2856783],[103.8501272,1.2856595],[103.8501439,1.285634],[103.8500774,1.28564],[103.8500703,1.2855606],[103.8500513,1.2855833],[103.8500231,1.2855615],[103.8500172,1.2855025],[103.8500073,1.285495],[103.8500158,1.2854838],[103.8500092,1.285413],[103.850029,1.2853895],[103.8500564,1.2854069],[103.8500527,1.2853655],[103.8500505,1.2853411],[103.8501214,1.2853347],[103.8501002,1.285314],[103.8501222,1.2852859],[103.8501832,1.2852801],[103.8501878,1.2852734],[103.8501952,1.2852789],[103.8502708,1.2852726],[103.8502941,1.2852925],[103.8502767,1.2853199],[103.8503449,1.2853147],[103.8503524,1.2853981],[103.8503763,1.2853754],[103.8504005,1.285394],[103.8504066,1.2854595],[103.8504177,1.285468],[103.8504085,1.2854801],[103.8504145,1.2855477],[103.8503926,1.2855703],[103.8503663,1.2855533],[103.8503718,1.2856135],[103.8502991,1.28562]]]}},{"type":"Feature","id":"osm-way-338916092","properties":{"kind":"building","name":"Golden Castle Building"},"geometry":{"type":"Polygon","coordinates":[[[103.8478052,1.2867513],[103.8478229,1.2867844],[103.8476827,1.2868652],[103.8476626,1.2868332],[103.8478052,1.2867513]]]}},{"type":"Feature","id":"osm-way-351305493","properties":{"kind":"road","name":"Kirk Terrace"},"geometry":{"type":"LineString","coordinates":[[103.8493787,1.299376],[103.8493671,1.2995046],[103.849333,1.2995677],[103.8492568,1.2996569]]}},{"type":"Feature","id":"osm-way-351305494","properties":{"kind":"road","name":"Kirk Terrace"},"geometry":{"type":"LineString","coordinates":[[103.8492568,1.2996569],[103.8493682,1.2996389],[103.8495385,1.2996632]]}},{"type":"Feature","id":"osm-way-351305495","properties":{"kind":"road","name":"Kirk Terrace"},"geometry":{"type":"LineString","coordinates":[[103.8490071,1.2998384],[103.8489834,1.2998982],[103.84896,1.2999631],[103.848945,1.3000147]]}},{"type":"Feature","id":"osm-way-351305502","properties":{"kind":"building","name":"Suites @ Orchard"},"geometry":{"type":"Polygon","coordinates":[[[103.8457511,1.3008705],[103.8455964,1.3005993],[103.8460466,1.3001986],[103.8462395,1.2999866],[103.8463661,1.3000888],[103.8457511,1.3008705]]]}},{"type":"Feature","id":"osm-way-351305504","properties":{"kind":"building","name":"Wesley Methodist Church"},"geometry":{"type":"Polygon","coordinates":[[[103.847869,1.2971432],[103.8478112,1.2971815],[103.8478265,1.2972047],[103.84771,1.2972818],[103.8476838,1.297242],[103.8476982,1.2972325],[103.8476736,1.2971953],[103.8476637,1.2971804],[103.8476453,1.2971925],[103.8475277,1.2972703],[103.847545,1.2972954],[103.8475143,1.2973161],[103.8474958,1.2972887],[103.8474257,1.297332],[103.8474059,1.2972998],[103.8473711,1.2973266],[103.8472826,1.2973313],[103.8472789,1.2973018],[103.8471471,1.2973152],[103.8471451,1.2972793],[103.8471354,1.297272],[103.8471186,1.2972961],[103.8470938,1.297279],[103.8471072,1.2972592],[103.8470757,1.2972619],[103.8470643,1.2971711],[103.8471293,1.2971644],[103.8471796,1.2971047],[103.8471971,1.2971168],[103.8472085,1.2970957],[103.8472608,1.2970581],[103.8472725,1.2970732],[103.8472949,1.2970534],[103.8473876,1.2969904],[103.8473987,1.2970067],[103.8474409,1.296978],[103.8474923,1.2969469],[103.8475013,1.2969605],[103.8475289,1.2969424],[103.8475337,1.2969496],[103.847622,1.2968912],[103.8476304,1.2969038],[103.8477053,1.2968547],[103.8477717,1.2969582],[103.8477209,1.2969947],[103.8478028,1.2971185],[103.8478374,1.2970956],[103.847869,1.2971432]]]}},{"type":"Feature","id":"osm-way-351305505","properties":{"kind":"building","name":"Mercure"},"geometry":{"type":"Polygon","coordinates":[[[103.8530069,1.2999069],[103.8528164,1.299682],[103.8532215,1.299339],[103.853412,1.299564],[103.8530069,1.2999069]]]}},{"type":"Feature","id":"osm-way-351305506","properties":{"kind":"park","name":""},"geometry":{"type":"Polygon","coordinates":[[[103.8526677,1.3000344],[103.8524934,1.299836],[103.8527134,1.2996429],[103.8528877,1.2998413],[103.8526677,1.3000344]]]}},{"type":"Feature","id":"osm-way-351305509","properties":{"kind":"primaryRoad","name":"Victoria Street"},"geometry":{"type":"LineString","coordinates":[[103.8545356,1.2991957],[103.8546626,1.2993436]]}},{"type":"Feature","id":"osm-way-351305510","properties":{"kind":"primaryRoad","name":"Victoria Street"},"geometry":{"type":"LineString","coordinates":[[103.8546748,1.2991605],[103.8546642,1.2991471],[103.8541823,1.2985406],[103.8541558,1.2985074]]}},{"type":"Feature","id":"osm-way-351305511","properties":{"kind":"primaryRoad","name":"Victoria Street"},"geometry":{"type":"LineString","coordinates":[[103.8548147,1.2993269],[103.8547385,1.2992362]]}},{"type":"Feature","id":"osm-way-353462526","properties":{"kind":"road","name":"Marina Gardens Drive"},"geometry":{"type":"LineString","coordinates":[[103.8656472,1.2804164],[103.8659586,1.280515]]}},{"type":"Feature","id":"osm-way-353463517","properties":{"kind":"road","name":"Gardens by the Bay"},"geometry":{"type":"LineString","coordinates":[[103.8660998,1.2819581],[103.866169,1.2819836],[103.8662086,1.2819909],[103.8662454,1.2819869],[103.8663035,1.28197],[103.8664731,1.2818616],[103.8665404,1.2818186]]}},{"type":"Feature","id":"osm-way-368722404","properties":{"kind":"road","name":"Marina Gardens Drive"},"geometry":{"type":"LineString","coordinates":[[103.8671101,1.2806367],[103.8671939,1.2806311],[103.8673682,1.2806162],[103.8676237,1.2805748]]}},{"type":"Feature","id":"osm-way-372072215","properties":{"kind":"building","name":"Temasek Shophouse"},"geometry":{"type":"Polygon","coordinates":[[[103.8467324,1.2991701],[103.8466489,1.2989138],[103.8468882,1.2988359],[103.8469393,1.2989928],[103.8469717,1.2990922],[103.8467324,1.2991701]]]}},{"type":"Feature","id":"osm-way-372072222","properties":{"kind":"building","name":"The Atrium @ Orchard"},"geometry":{"type":"Polygon","coordinates":[[[103.8456213,1.2995787],[103.8451804,1.2997064],[103.8451324,1.2995406],[103.8451604,1.2994597],[103.8452215,1.299409],[103.8456796,1.2992563],[103.8457224,1.2992679],[103.8457635,1.2993004],[103.8458269,1.2995191],[103.8457351,1.2995457],[103.8456213,1.2995787]]]}},{"type":"Feature","id":"osm-way-372072223","properties":{"kind":"building","name":"The Atrium @ Orchard"},"geometry":{"type":"Polygon","coordinates":[[[103.8456758,1.2997457],[103.8457725,1.2997004],[103.8457793,1.2996972],[103.8458687,1.2996412],[103.8459456,1.2998835],[103.8459381,1.2999442],[103.8458898,1.3000121],[103.8457917,1.3001002],[103.8455688,1.3002415],[103.8454472,1.3002855],[103.8453427,1.3002836],[103.8452819,1.300231],[103.8451984,1.3000184],[103.8456758,1.2997457]]]}},{"type":"Feature","id":"osm-way-372164610","properties":{"kind":"building","name":"Chai Ming Optical Pte Ltd"},"geometry":{"type":"Polygon","coordinates":[[[103.8481114,1.2876908],[103.8483106,1.2875731],[103.8483465,1.2876274],[103.8483317,1.2876737],[103.8481676,1.2877825],[103.8481114,1.2876908]]]}},{"type":"Feature","id":"osm-way-372165962","properties":{"kind":"building","name":"Holiday Inn Express Singapore Clarke Quay"},"geometry":{"type":"Polygon","coordinates":[[[103.8420212,1.2895506],[103.8415593,1.2887797],[103.8418679,1.2885949],[103.8420228,1.2888535],[103.8420514,1.288836],[103.8420841,1.2888168],[103.8421586,1.2889419],[103.8422495,1.2890928],[103.8423151,1.2890535],[103.8424567,1.2892898],[103.8420212,1.2895506]]]}},{"type":"Feature","id":"osm-way-372165964","properties":{"kind":"building","name":"Central Mall"},"geometry":{"type":"Polygon","coordinates":[[[103.843202,1.2888314],[103.8432058,1.2889841],[103.8426335,1.2892773],[103.8425495,1.2891496],[103.8428717,1.2889925],[103.843202,1.2888314]]]}},{"type":"Feature","id":"osm-way-372165965","properties":{"kind":"road","name":"Keng Cheow Street"},"geometry":{"type":"LineString","coordinates":[[103.8437976,1.287925],[103.8438382,1.2879685],[103.8439438,1.2880817]]}},{"type":"Feature","id":"osm-way-372170004","properties":{"kind":"road","name":"Tan Tye Place"},"geometry":{"type":"LineString","coordinates":[[103.845432,1.2918442],[103.8455369,1.291733],[103.8455481,1.2916809],[103.845518,1.2915985]]}},{"type":"Feature","id":"osm-way-380508304","properties":{"kind":"building","name":"NAFA Campus 1 Tower Block"},"geometry":{"type":"Polygon","coordinates":[[[103.8508881,1.2992912],[103.8507923,1.2991852],[103.8509006,1.2990949],[103.8509801,1.2990287],[103.8510153,1.2989993],[103.8511031,1.2991046],[103.8508881,1.2992912]]]}},{"type":"Feature","id":"osm-way-380512068","properties":{"kind":"building","name":"NCO Club"},"geometry":{"type":"Polygon","coordinates":[[[103.8551185,1.2943349],[103.8548513,1.2939126],[103.8550125,1.2938197],[103.855033,1.2938545],[103.8551551,1.2940459],[103.8552753,1.2942358],[103.8551185,1.2943349]]]}},{"type":"Feature","id":"osm-way-380512070","properties":{"kind":"building","name":"South Beach Quarter"},"geometry":{"type":"Polygon","coordinates":[[[103.8562202,1.295981],[103.8559763,1.2955561],[103.8560909,1.2954903],[103.8563101,1.2958728],[103.8563347,1.2959147],[103.8562508,1.295964],[103.8562202,1.295981]]]}},{"type":"Feature","id":"osm-way-380512072","properties":{"kind":"building","name":"Old SSVF HQ"},"geometry":{"type":"Polygon","coordinates":[[[103.8558337,1.2953228],[103.8557402,1.2951665],[103.8558769,1.2950837],[103.8560771,1.2949661],[103.8561696,1.2951234],[103.8559856,1.2952315],[103.8558337,1.2953228]]]}},{"type":"Feature","id":"osm-way-380512074","properties":{"kind":"building","name":"Old Command Block"},"geometry":{"type":"Polygon","coordinates":[[[103.8556189,1.2949655],[103.8553106,1.2944417],[103.8553561,1.2944149],[103.8553635,1.2944275],[103.8554239,1.2943919],[103.8556611,1.2947955],[103.8557249,1.2949031],[103.8556189,1.2949655]]]}},{"type":"Feature","id":"osm-way-380512075","properties":{"kind":"building","name":"South Beach Avenue"},"geometry":{"type":"Polygon","coordinates":[[[103.8563924,1.2958112],[103.856286,1.295631],[103.8562601,1.2955872],[103.8561513,1.2954028],[103.8559282,1.2955219],[103.8559014,1.2954762],[103.8560152,1.2954094],[103.8559857,1.2953591],[103.8560127,1.2953432],[103.8559786,1.2952852],[103.8560073,1.2952684],[103.8559856,1.2952315],[103.8561696,1.2951234],[103.8560771,1.2949661],[103.8558769,1.2950837],[103.8558386,1.2950185],[103.8557508,1.2950701],[103.8557224,1.2950217],[103.8556813,1.2950459],[103.8556496,1.294992],[103.8558781,1.2948578],[103.8558502,1.2948104],[103.8558145,1.2948314],[103.8557902,1.29479],[103.8557445,1.2948169],[103.8557137,1.2947646],[103.8556611,1.2947955],[103.8554239,1.2943919],[103.8554198,1.2943849],[103.855373,1.2944124],[103.8553438,1.2943628],[103.8553645,1.2943507],[103.855339,1.2943072],[103.8553701,1.294289],[103.8551247,1.2938715],[103.8550935,1.2938898],[103.8550625,1.2938372],[103.855033,1.2938545],[103.8550125,1.2938197],[103.8555277,1.293517],[103.8555478,1.2935512],[103.8556215,1.2935079],[103.8556457,1.293549],[103.8557164,1.2935075],[103.8557463,1.2935583],[103.8557523,1.2935547],[103.8563561,1.2945819],[103.8563142,1.2946065],[103.8563405,1.2946512],[103.8563106,1.2946687],[103.8563389,1.2947169],[103.8562999,1.2947398],[103.8564382,1.2949751],[103.8564489,1.2949688],[103.856476,1.295015],[103.856487,1.2950085],[103.8565162,1.2950583],[103.8565589,1.2950332],[103.856586,1.2950793],[103.8566221,1.2950581],[103.8566476,1.2951016],[103.8566799,1.2950826],[103.8567016,1.2951195],[103.8567434,1.2950949],[103.8569213,1.2953976],[103.8568976,1.2954115],[103.8569271,1.2954617],[103.8568973,1.2954793],[103.8569113,1.2955031],[103.8569318,1.2955381],[103.8567199,1.2956626],[103.8567538,1.2957203],[103.8562734,1.2960025],[103.8562508,1.295964],[103.8563347,1.2959147],[103.8563101,1.2958728],[103.8563924,1.2958112]]]}},{"type":"Feature","id":"osm-way-383365018","properties":{"kind":"primaryRoad","name":"Raffles Boulevard"},"geometry":{"type":"LineString","coordinates":[[103.8616157,1.2913406],[103.8619805,1.291294]]}},{"type":"Feature","id":"osm-way-383365019","properties":{"kind":"primaryRoad","name":"Raffles Boulevard"},"geometry":{"type":"LineString","coordinates":[[103.8610957,1.2913369],[103.8615148,1.2913404]]}},{"type":"Feature","id":"osm-way-383574704","properties":{"kind":"road","name":""},"geometry":{"type":"LineString","coordinates":[[103.8511,1.2918236],[103.851158,1.2917762],[103.8512928,1.291694]]}},{"type":"Feature","id":"osm-way-393090489","properties":{"kind":"building","name":"Suntec Singapore Convention & Exhibition Centre"},"geometry":{"type":"Polygon","coordinates":[[[103.8573063,1.2943928],[103.8572771,1.2944095],[103.8572313,1.2944358],[103.8571864,1.2944615],[103.8571227,1.2943504],[103.8570867,1.294371],[103.8569974,1.2944221],[103.8569333,1.2943104],[103.8568004,1.2940784],[103.8566653,1.2938425],[103.8565342,1.2936138],[103.8563964,1.2933731],[103.8563285,1.2932547],[103.8564314,1.2931958],[103.8563607,1.2930724],[103.8563684,1.293068],[103.8564728,1.2930082],[103.8566278,1.2929197],[103.8567152,1.2928695],[103.856845,1.2927952],[103.8569465,1.292737],[103.8570616,1.292669],[103.8571848,1.2926005],[103.8573032,1.2925328],[103.8573623,1.292636],[103.8574844,1.2925662],[103.8575494,1.2926798],[103.857582,1.2927364],[103.8576402,1.2928383],[103.857686,1.2929182],[103.8578186,1.2931495],[103.8579581,1.2933931],[103.8579776,1.2934258],[103.858092,1.2936167],[103.8581556,1.2937378],[103.8580469,1.2937969],[103.8581233,1.293925],[103.8580051,1.2939927],[103.8577793,1.2941219],[103.8577319,1.2941491],[103.8576986,1.2941682],[103.8575387,1.2942597],[103.8574281,1.294323],[103.8573941,1.2943425],[103.8573701,1.2943562],[103.8573342,1.2943768],[103.8573063,1.2943928]]]}},{"type":"Feature","id":"osm-way-393100853","properties":{"kind":"building","name":"CapitaGreen"},"geometry":{"type":"Polygon","coordinates":[[[103.850081,1.2823198],[103.8497492,1.2817929],[103.8497687,1.281649],[103.8501737,1.281432],[103.8502957,1.2816003],[103.8502713,1.2822149],[103.850081,1.2823198]]]}},{"type":"Feature","id":"osm-way-393210508","properties":{"kind":"building","name":"Suntec City"},"geometry":{"type":"Polygon","coordinates":[[[103.8595896,1.2955117],[103.8595704,1.29548],[103.8597325,1.295387],[103.8598768,1.2953042],[103.8597855,1.2951453],[103.859717,1.2950259],[103.8597521,1.2949206],[103.8597348,1.2948888],[103.8598983,1.2947932],[103.8599643,1.2947546],[103.8599783,1.2947791],[103.8600571,1.2947382],[103.8601143,1.2947497],[103.859976,1.2945123],[103.860082,1.2944372],[103.8601443,1.2945325],[103.8601522,1.294527],[103.8601338,1.2944535],[103.8601364,1.2943819],[103.8601549,1.2943015],[103.8601974,1.2942372],[103.8602616,1.2941811],[103.8603342,1.2941509],[103.8604222,1.2941436],[103.8605086,1.2941612],[103.8605838,1.294206],[103.8606394,1.2942736],[103.8606673,1.2943539],[103.8606751,1.2944386],[103.8606598,1.2945063],[103.8606466,1.2945351],[103.8606305,1.2945716],[103.8605731,1.2946296],[103.8605229,1.2946614],[103.860714,1.294718],[103.8605717,1.2952105],[103.8599698,1.2955583],[103.8600371,1.2956669],[103.859768,1.2958227],[103.8595896,1.2955117]]]}},{"type":"Feature","id":"osm-way-393210509","properties":{"kind":"building","name":"Suntec City"},"geometry":{"type":"Polygon","coordinates":[[[103.859768,1.2958227],[103.8596538,1.2958882],[103.8596109,1.2959128],[103.8595484,1.2959487],[103.8594984,1.2959773],[103.8593861,1.2960417],[103.8592077,1.2957306],[103.8593269,1.2956623],[103.8593513,1.2956483],[103.859441,1.2955969],[103.8594832,1.2955727],[103.8595896,1.2955117],[103.859768,1.2958227]]]}},{"type":"Feature","id":"osm-way-393410566","properties":{"kind":"building","name":"One Upper Pickering"},"geometry":{"type":"Polygon","coordinates":[[[103.8454241,1.2862976],[103.8453796,1.2862885],[103.8452411,1.2860629],[103.8452508,1.286039],[103.8452744,1.286026],[103.8453576,1.2859802],[103.8454902,1.285907],[103.8455724,1.2858617],[103.8457173,1.2861247],[103.8455153,1.2862356],[103.84551,1.2862519],[103.8454241,1.2862976]]]}},{"type":"Feature","id":"osm-way-393597600","properties":{"kind":"water","name":""},"geometry":{"type":"Polygon","coordinates":[[[103.8694503,1.2927297],[103.8694725,1.2922188],[103.8695443,1.292077],[103.8696195,1.2919933],[103.8697323,1.2919694],[103.8698331,1.2919899],[103.8698792,1.292048],[103.8698806,1.2923334],[103.8698827,1.2927451],[103.8698502,1.2927963],[103.8697835,1.2928288],[103.8695665,1.2928288],[103.869481,1.2927895],[103.8694503,1.2927297]]]}},{"type":"Feature","id":"osm-way-395062441","properties":{"kind":"road","name":"Club Street"},"geometry":{"type":"LineString","coordinates":[[103.8472681,1.2828451],[103.847217,1.2828034],[103.8471454,1.2827579]]}},{"type":"Feature","id":"osm-way-395065443","properties":{"kind":"road","name":"Temple Street"},"geometry":{"type":"LineString","coordinates":[[103.8429491,1.283578],[103.8429853,1.2835539],[103.8432175,1.283417],[103.8432752,1.2833825]]}},{"type":"Feature","id":"osm-way-395113918","properties":{"kind":"road","name":"Jubilee Bridge"},"geometry":{"type":"LineString","coordinates":[[103.8544129,1.2869447],[103.8544248,1.286991]]}},{"type":"Feature","id":"osm-way-395113920","properties":{"kind":"building","name":"Old Customs House"},"geometry":{"type":"Polygon","coordinates":[[[103.8531954,1.2824568],[103.8537165,1.28243],[103.8537255,1.2826051],[103.853641,1.2826095],[103.8531998,1.2826322],[103.8531753,1.2826334],[103.8531676,1.2824842],[103.8531968,1.2824827],[103.8531954,1.2824568]]]}},{"type":"Feature","id":"osm-way-395120469","properties":{"kind":"road","name":"The Helix"},"geometry":{"type":"LineString","coordinates":[[103.8603163,1.2889288],[103.8604199,1.2886567]]}},{"type":"Feature","id":"osm-way-395120470","properties":{"kind":"road","name":"The Helix"},"geometry":{"type":"LineString","coordinates":[[103.8602653,1.2890527],[103.8603163,1.2889288]]}},{"type":"Feature","id":"osm-way-395120471","properties":{"kind":"park","name":"Youth Olympic Park"},"geometry":{"type":"Polygon","coordinates":[[[103.8607445,1.2887063],[103.8607873,1.2891072],[103.8607939,1.2892764],[103.8607634,1.2893641],[103.8607259,1.2894118],[103.8606822,1.2894394],[103.8606279,1.2894545],[103.8602592,1.2894739],[103.8602268,1.2893034],[103.8601421,1.28912],[103.8603534,1.2888435],[103.8604306,1.2887047],[103.8604532,1.2887112],[103.8607445,1.2887063]]]}},{"type":"Feature","id":"osm-way-395443687","properties":{"kind":"road","name":"Temasek Boulevard"},"geometry":{"type":"LineString","coordinates":[[103.8593513,1.2956483],[103.8595484,1.2959487]]}},{"type":"Feature","id":"osm-way-395443688","properties":{"kind":"road","name":"Temasek Boulevard"},"geometry":{"type":"LineString","coordinates":[[103.8596109,1.2959128],[103.859441,1.2955969]]}},{"type":"Feature","id":"osm-way-395443689","properties":{"kind":"road","name":"Temasek Boulevard"},"geometry":{"type":"LineString","coordinates":[[103.8597102,1.2964504],[103.8597031,1.2964849],[103.8596822,1.2965349],[103.8596328,1.2966532]]}},{"type":"Feature","id":"osm-way-395443690","properties":{"kind":"road","name":"Temasek Boulevard"},"geometry":{"type":"LineString","coordinates":[[103.8592918,1.2953403],[103.8592288,1.2952052],[103.8592168,1.2951712],[103.8592132,1.2951406],[103.8592153,1.2950909],[103.8592516,1.2949576]]}},{"type":"Feature","id":"osm-way-395551838","properties":{"kind":"road","name":"Bayfront Link"},"geometry":{"type":"LineString","coordinates":[[103.8573716,1.28173],[103.8574128,1.2817047]]}},{"type":"Feature","id":"osm-way-395551839","properties":{"kind":"road","name":""},"geometry":{"type":"LineString","coordinates":[[103.8539676,1.2812587],[103.8539425,1.2812209],[103.853865,1.2811029]]}},{"type":"Feature","id":"osm-way-395551840","properties":{"kind":"road","name":"Olympic Walk"},"geometry":{"type":"LineString","coordinates":[[103.8558807,1.28013],[103.8557611,1.2799344],[103.8557422,1.2799023]]}},{"type":"Feature","id":"osm-way-395859749","properties":{"kind":"road","name":""},"geometry":{"type":"LineString","coordinates":[[103.8528169,1.2875473],[103.8526387,1.2877224],[103.8525446,1.2878382],[103.8524951,1.2879454],[103.8524855,1.2880306],[103.8524925,1.2881028]]}},{"type":"Feature","id":"osm-way-395907259","properties":{"kind":"road","name":"Clarke Street"},"geometry":{"type":"LineString","coordinates":[[103.845464,1.2903198],[103.8450003,1.290513]]}},{"type":"Feature","id":"osm-way-398116866","properties":{"kind":"road","name":"Solomon Street"},"geometry":{"type":"LineString","coordinates":[[103.8430244,1.2886702],[103.8430034,1.2886456],[103.8429092,1.2885348],[103.8427257,1.2883392]]}},{"type":"Feature","id":"osm-way-398116868","properties":{"kind":"road","name":"Bencoolen"},"geometry":{"type":"LineString","coordinates":[[103.8516377,1.3002544],[103.8517163,1.3001835],[103.8516994,1.3001659],[103.8516407,1.3002113],[103.8515723,1.3001296],[103.8509418,1.2993917],[103.850872,1.2993075],[103.8507881,1.2992088],[103.8501679,1.2984613],[103.8498333,1.298058],[103.8498045,1.298084],[103.8497972,1.2980906],[103.8497791,1.2981069],[103.8497011,1.2981773],[103.8496884,1.2981887],[103.849648,1.2982251],[103.8496411,1.2982313],[103.8496477,1.2982388],[103.84973,1.298334],[103.8497776,1.298388],[103.8497956,1.2984084],[103.8500478,1.298696],[103.8501289,1.2987885],[103.8505177,1.2992437],[103.8506296,1.2993703],[103.8506392,1.2993627],[103.8506723,1.2993366],[103.850783,1.2994689],[103.8507527,1.2994974],[103.8507305,1.2995182],[103.8509269,1.2997317],[103.8509819,1.2997942],[103.8510399,1.2998534],[103.8510572,1.2998655],[103.8510763,1.2998915],[103.8512192,1.3000742],[103.8513929,1.3002701],[103.8514251,1.3003232],[103.8514344,1.3003708],[103.8514704,1.3004012],[103.8514946,1.3003801]]}},{"type":"Feature","id":"osm-way-406900756","properties":{"kind":"building","name":"Clifford Pier Lighthouse"},"geometry":{"type":"Polygon","coordinates":[[[103.8537052,1.2824368],[103.8537189,1.2824392],[103.8537305,1.2824467],[103.8537385,1.2824581],[103.8537414,1.2824716],[103.853739,1.2824853],[103.8537315,1.2824969],[103.8537201,1.2825049],[103.8537065,1.2825078],[103.8536929,1.2825054],[103.8536812,1.2824979],[103.8536733,1.2824865],[103.8536703,1.282473],[103.8536728,1.2824593],[103.8536803,1.2824476],[103.8536917,1.2824397],[103.8537052,1.2824368]]]}},{"type":"Feature","id":"osm-way-407705505","properties":{"kind":"building","name":"One Raffles Place Tower 2"},"geometry":{"type":"Polygon","coordinates":[[[103.8509299,1.2849168],[103.8505187,1.2849584],[103.850502,1.2847932],[103.8504973,1.2847464],[103.8504795,1.2845709],[103.8506128,1.2846733],[103.8507949,1.2848131],[103.8509299,1.2849168]]]}},{"type":"Feature","id":"osm-way-407705559","properties":{"kind":"building","name":"One Raffles Place Tower 2"},"geometry":{"type":"Polygon","coordinates":[[[103.8509299,1.2849168],[103.8507949,1.2848131],[103.8506128,1.2846733],[103.8504795,1.2845709],[103.8508906,1.2845293],[103.8509246,1.2848652],[103.8509299,1.2849168]]]}},{"type":"Feature","id":"osm-way-407926393","properties":{"kind":"building","name":"Hitachi Tower"},"geometry":{"type":"Polygon","coordinates":[[[103.8525268,1.2843746],[103.8524985,1.2842838],[103.8524782,1.2842165],[103.8524498,1.284128],[103.8524423,1.2840899],[103.8524494,1.2840488],[103.8524726,1.2840164],[103.8525053,1.2839925],[103.8525428,1.2839842],[103.8525845,1.2839921],[103.8526152,1.2840144],[103.8526408,1.2840479],[103.8526892,1.2842245],[103.8527175,1.2843154],[103.8525268,1.2843746]]]}},{"type":"Feature","id":"osm-way-407951337","properties":{"kind":"building","name":"OUE Link"},"geometry":{"type":"Polygon","coordinates":[[[103.8525933,1.2838138],[103.852927,1.2837039],[103.8529807,1.2836863],[103.8530746,1.2836553],[103.853076,1.2836595],[103.8530906,1.2837039],[103.8531087,1.283759],[103.8526274,1.2839174],[103.8526116,1.2838694],[103.8525933,1.2838138]]]}},{"type":"Feature","id":"osm-way-411890820","properties":{"kind":"road","name":"Coleman Street"},"geometry":{"type":"LineString","coordinates":[[103.8516767,1.2912995],[103.8516687,1.2913318],[103.8516506,1.2913653],[103.851615,1.2914047],[103.8514169,1.2915097],[103.8510417,1.2917252],[103.8509674,1.2917649]]}},{"type":"Feature","id":"osm-way-423797941","properties":{"kind":"building","name":"School of Law & Kwa Geok Choo Library"},"geometry":{"type":"Polygon","coordinates":[[[103.8495581,1.2949158],[103.8492198,1.2951674],[103.8490706,1.2952609],[103.8488866,1.2953851],[103.8488368,1.295313],[103.8487959,1.2953385],[103.8487415,1.2953511],[103.848683,1.2953393],[103.8486473,1.2953279],[103.8486156,1.2952985],[103.8485896,1.295269],[103.8485664,1.2952182],[103.8485569,1.2951715],[103.8485618,1.2951167],[103.8485836,1.2950802],[103.8486572,1.2950343],[103.8486168,1.2949696],[103.8490208,1.2947211],[103.8491281,1.2949033],[103.849432,1.2947289],[103.8495581,1.2949158]]]}},{"type":"Feature","id":"osm-way-424896147","properties":{"kind":"building","name":"18 Robinson"},"geometry":{"type":"Polygon","coordinates":[[[103.8508192,1.2819213],[103.8506407,1.282029],[103.8506388,1.282125],[103.8504014,1.2821215],[103.8504072,1.2818186],[103.8504041,1.2816481],[103.8503833,1.2814883],[103.850403,1.2814356],[103.8504957,1.2814099],[103.8508192,1.2819213]]]}},{"type":"Feature","id":"osm-way-427064883","properties":{"kind":"building","name":"South Beach Residences"},"geometry":{"type":"Polygon","coordinates":[[[103.8560676,1.29465],[103.8559315,1.2944067],[103.8559077,1.2943642],[103.855807,1.2941843],[103.8555519,1.2937284],[103.8557403,1.2936231],[103.8559954,1.2940789],[103.8560961,1.2942588],[103.8561199,1.2943014],[103.856256,1.2945446],[103.8560676,1.29465]]]}},{"type":"Feature","id":"osm-way-427064886","properties":{"kind":"building","name":"South Beach Tower"},"geometry":{"type":"Polygon","coordinates":[[[103.8566119,1.2956818],[103.8563924,1.2958112],[103.856286,1.295631],[103.8562601,1.2955872],[103.8561513,1.2954028],[103.8563708,1.2952733],[103.8564796,1.2954577],[103.8565055,1.2955016],[103.8566119,1.2956818]]]}},{"type":"Feature","id":"osm-way-429060638","properties":{"kind":"primaryRoad","name":"Sheares Avenue"},"geometry":{"type":"LineString","coordinates":[[103.8594446,1.2796877],[103.8597788,1.2802299],[103.8601729,1.2809083]]}},{"type":"Feature","id":"osm-way-432515092","properties":{"kind":"building","name":"Funan"},"geometry":{"type":"Polygon","coordinates":[[[103.8506348,1.291827],[103.8505189,1.2916292],[103.8504159,1.2914535],[103.8503943,1.2914661],[103.8503589,1.2914867],[103.8502724,1.2915373],[103.8500395,1.2916733],[103.8500074,1.2916733],[103.8499973,1.2916556],[103.8498384,1.2917463],[103.8495313,1.2919217],[103.8494418,1.291765],[103.8493288,1.291567],[103.8493118,1.2915373],[103.8492874,1.2914947],[103.8492472,1.2914236],[103.8492339,1.2914009],[103.8495419,1.2912251],[103.8496662,1.2911544],[103.8497281,1.2911189],[103.8497965,1.2911216],[103.8499712,1.2910184],[103.850056,1.2909684],[103.8502452,1.2908567],[103.8503099,1.2909717],[103.8502108,1.2911072],[103.85024,1.2911582],[103.8502527,1.2911805],[103.8504066,1.2911468],[103.8506279,1.2915159],[103.8507409,1.2917072],[103.8506348,1.291827]]]}},{"type":"Feature","id":"osm-way-440051529","properties":{"kind":"road","name":""},"geometry":{"type":"LineString","coordinates":[[103.865603,1.2844191],[103.8655895,1.2843795]]}},{"type":"Feature","id":"osm-way-445282943","properties":{"kind":"road","name":"Mohamed Sultan Road"},"geometry":{"type":"LineString","coordinates":[[103.84219,1.2941559],[103.8421265,1.2940746]]}},{"type":"Feature","id":"osm-way-445282984","properties":{"kind":"road","name":"South Bridge Road"},"geometry":{"type":"LineString","coordinates":[[103.8477564,1.2864192],[103.8473776,1.2857971]]}},{"type":"Feature","id":"osm-way-445338928","properties":{"kind":"road","name":"Fountain of Wealth"},"geometry":{"type":"LineString","coordinates":[[103.8592762,1.294908],[103.8592965,1.2948429],[103.8593052,1.2947752],[103.859302,1.2947068],[103.8592898,1.294648]]}},{"type":"Feature","id":"osm-way-447713241","properties":{"kind":"road","name":"South Bridge Road"},"geometry":{"type":"LineString","coordinates":[[103.8447405,1.2812775],[103.8446546,1.2811929],[103.8445729,1.2810772],[103.8445101,1.2809951],[103.8444302,1.280912],[103.8442597,1.2807532]]}},{"type":"Feature","id":"osm-way-448084959","properties":{"kind":"road","name":""},"geometry":{"type":"LineString","coordinates":[[103.8531802,1.2870335],[103.8527121,1.2874129]]}},{"type":"Feature","id":"osm-way-448084961","properties":{"kind":"road","name":"Connaught Drive"},"geometry":{"type":"LineString","coordinates":[[103.8523418,1.2884014],[103.8523408,1.288442],[103.8523508,1.2884674],[103.8523684,1.2884882],[103.8523917,1.2885026]]}},{"type":"Feature","id":"osm-way-448084962","properties":{"kind":"road","name":"Connaught Drive"},"geometry":{"type":"LineString","coordinates":[[103.8516398,1.2889492],[103.851867,1.2887807]]}},{"type":"Feature","id":"osm-way-448084963","properties":{"kind":"park","name":""},"geometry":{"type":"Polygon","coordinates":[[[103.8550038,1.2909768],[103.8548657,1.29057],[103.8547609,1.2901536],[103.854793,1.2901519],[103.8549096,1.2901456],[103.8549155,1.2901405],[103.8549295,1.2901376],[103.8549375,1.2901435],[103.8549476,1.2901587],[103.8549519,1.2901181],[103.8549705,1.2900886],[103.8549907,1.2900599],[103.8550195,1.2900447],[103.8550456,1.2900489],[103.8550676,1.2900624],[103.8550879,1.2900894],[103.8551318,1.2901629],[103.8551504,1.2902153],[103.8551529,1.2902533],[103.8551377,1.2903428],[103.8551107,1.2904425],[103.8550786,1.2904974],[103.8550549,1.2905058],[103.8549949,1.2906054],[103.8550119,1.2906439],[103.855014,1.290665],[103.8550228,1.2907014],[103.8550499,1.2907601],[103.8550925,1.2908196],[103.8551094,1.2908462],[103.8551377,1.2908572],[103.8551352,1.2908441],[103.8551242,1.2908281],[103.8551234,1.2908099],[103.8551327,1.2907993],[103.855147,1.2907955],[103.8551707,1.290804],[103.8552079,1.2908259],[103.8552574,1.2908515],[103.8553121,1.2908567],[103.8554091,1.2908409],[103.8551192,1.2910838],[103.8550969,1.291042],[103.8551574,1.2908944],[103.8550666,1.2908617],[103.8550166,1.290989],[103.8550038,1.2909768]]]}},{"type":"Feature","id":"osm-way-448084975","properties":{"kind":"building","name":"V on Shenton"},"geometry":{"type":"Polygon","coordinates":[[[103.8496512,1.2781357],[103.8488437,1.276853],[103.849098,1.276693],[103.8498263,1.2778695],[103.8498534,1.2779119],[103.849871,1.2779394],[103.8498954,1.27798],[103.8496512,1.2781357]]]}},{"type":"Feature","id":"osm-way-459176084","properties":{"kind":"building","name":"Paradox Singapore Merchant Court at Clarke Quay"},"geometry":{"type":"Polygon","coordinates":[[[103.8452415,1.288821],[103.8452114,1.288786],[103.8452141,1.2887412],[103.8452452,1.2887094],[103.8452144,1.2887066],[103.8452335,1.2884925],[103.8452141,1.2884618],[103.845217,1.2884193],[103.8452504,1.2883859],[103.8452965,1.2883868],[103.8452765,1.2883616],[103.8454455,1.2882273],[103.8454529,1.288193],[103.8454764,1.2881717],[103.8454768,1.2881517],[103.8455241,1.288112],[103.8455544,1.2881159],[103.84565,1.2880353],[103.8456089,1.2879848],[103.8456577,1.2879449],[103.845709,1.2879007],[103.8457226,1.2879181],[103.8457332,1.2879344],[103.8457722,1.2879045],[103.8458087,1.2879051],[103.8458759,1.2879862],[103.845872,1.2880305],[103.8458508,1.288052],[103.8458732,1.2880819],[103.8459263,1.2880869],[103.8459954,1.2881732],[103.8459924,1.2882262],[103.8460121,1.2882498],[103.8460374,1.2882289],[103.8460804,1.2882328],[103.8461456,1.2883132],[103.8461424,1.2883576],[103.8460833,1.2884107],[103.8460538,1.2884113],[103.8460877,1.2884552],[103.8459035,1.2886077],[103.8458663,1.288562],[103.8458528,1.2885722],[103.8458387,1.2887316],[103.8457244,1.2888305],[103.8456918,1.2888586],[103.8456444,1.2888997],[103.8456495,1.2889117],[103.8456499,1.2889311],[103.8456352,1.2889614],[103.8456136,1.2889758],[103.8455681,1.2889734],[103.8455389,1.2889382],[103.8455445,1.288894],[103.8455757,1.2888686],[103.8456176,1.2888687],[103.8455613,1.2888037],[103.8457353,1.2886621],[103.8457407,1.2885804],[103.8457353,1.28858],[103.8456943,1.2885349],[103.8456979,1.2884885],[103.8457179,1.2884716],[103.8457196,1.2884482],[103.8457431,1.2884294],[103.8456171,1.2882757],[103.8455948,1.2882944],[103.8455821,1.288295],[103.8455574,1.2883167],[103.8455148,1.2883144],[103.8453457,1.2884487],[103.8453316,1.288431],[103.8453264,1.288471],[103.8452933,1.2884978],[103.8453553,1.2885033],[103.8453362,1.2887175],[103.8452986,1.2887142],[103.8453263,1.2887484],[103.8453227,1.2887972],[103.8452871,1.2888241],[103.8452415,1.288821]]]}},{"type":"Feature","id":"osm-way-459186758","properties":{"kind":"road","name":"Neil Road"},"geometry":{"type":"LineString","coordinates":[[103.842898,1.2798641],[103.8427203,1.2797839],[103.8426492,1.2797498],[103.8425539,1.2797071],[103.8424924,1.2796689],[103.8423793,1.2795899],[103.8422451,1.2794397]]}},{"type":"Feature","id":"osm-way-459186763","properties":{"kind":"primaryRoad","name":"Raffles Quay"},"geometry":{"type":"LineString","coordinates":[[103.85198,1.282188],[103.8519409,1.2821265],[103.8516447,1.2816612]]}},{"type":"Feature","id":"osm-way-459186767","properties":{"kind":"road","name":"Cecil Street"},"geometry":{"type":"LineString","coordinates":[[103.8487574,1.2803612],[103.848858,1.2805383],[103.8490295,1.2808379],[103.8490524,1.2808779]]}},{"type":"Feature","id":"osm-way-459186768","properties":{"kind":"road","name":"Cecil Street"},"geometry":{"type":"LineString","coordinates":[[103.8490524,1.2808779],[103.849074,1.2809143],[103.8492192,1.2811588],[103.8493235,1.2813345]]}},{"type":"Feature","id":"osm-way-459186769","properties":{"kind":"primaryRoad","name":"Esplanade Drive"},"geometry":{"type":"LineString","coordinates":[[103.8545522,1.2905179],[103.8547634,1.2911466],[103.8548655,1.2914505]]}},{"type":"Feature","id":"osm-way-459186770","properties":{"kind":"primaryRoad","name":"Nicoll Highway"},"geometry":{"type":"LineString","coordinates":[[103.8559769,1.2930831],[103.8555084,1.2922383]]}},{"type":"Feature","id":"osm-way-459186771","properties":{"kind":"primaryRoad","name":"Nicoll Highway"},"geometry":{"type":"LineString","coordinates":[[103.855412,1.2924992],[103.8556295,1.2928507],[103.8558226,1.293172]]}},{"type":"Feature","id":"osm-way-459186772","properties":{"kind":"primaryRoad","name":"Nicoll Highway"},"geometry":{"type":"LineString","coordinates":[[103.8564369,1.2938238],[103.8560303,1.2931753],[103.8559769,1.2930831]]}},{"type":"Feature","id":"osm-way-460428718","properties":{"kind":"park","name":"War Memorial Park"},"geometry":{"type":"Polygon","coordinates":[[[103.8548458,1.2920445],[103.8549526,1.2919756],[103.8549549,1.2919791],[103.8555078,1.2928364],[103.8554655,1.2928726],[103.8554104,1.2929068],[103.8554906,1.2930367],[103.8554675,1.2930493],[103.8554247,1.2930769],[103.8554892,1.2931769],[103.8547185,1.2936654],[103.8546354,1.2935284],[103.8544135,1.2931622],[103.8543442,1.2930547],[103.8541281,1.2927196],[103.8540017,1.2925338],[103.8546951,1.2919492],[103.8547259,1.2918943],[103.8548458,1.2920445]]]}},{"type":"Feature","id":"osm-way-463526658","properties":{"kind":"primaryRoad","name":"East Coast Parkway"},"geometry":{"type":"LineString","coordinates":[[103.8610726,1.2941833],[103.8609914,1.2945465],[103.860897,1.294961]]}},{"type":"Feature","id":"osm-way-463857949","properties":{"kind":"building","name":"Marina One Offices"},"geometry":{"type":"Polygon","coordinates":[[[103.8521196,1.2769053],[103.8525554,1.2766377],[103.8526158,1.2767308],[103.8526273,1.276723],[103.8526039,1.2766872],[103.8526022,1.2766736],[103.8526096,1.2766599],[103.8526233,1.2766529],[103.8526373,1.2766589],[103.8526767,1.276721],[103.852672,1.276736],[103.8526628,1.2767455],[103.852647,1.2767451],[103.8526352,1.276737],[103.852623,1.2767442],[103.852711,1.2768884],[103.8527071,1.2769346],[103.8527053,1.2769392],[103.8526883,1.276981],[103.8526841,1.2769892],[103.8526361,1.2770831],[103.8526214,1.2771738],[103.8526227,1.2772682],[103.8526407,1.2773053],[103.8526497,1.277324],[103.8527154,1.2774139],[103.8527849,1.2775477],[103.852805,1.2775818],[103.8528143,1.2775974],[103.8528529,1.2776278],[103.852915,1.2776414],[103.852995,1.2776462],[103.8530399,1.2776659],[103.8531022,1.2776908],[103.8532127,1.2777141],[103.8532301,1.2777178],[103.853307,1.277844],[103.8533174,1.2778352],[103.8533134,1.2778263],[103.853323,1.277809],[103.8533372,1.2778002],[103.8533514,1.2778073],[103.8533889,1.2778701],[103.8533887,1.2778831],[103.8533766,1.2778915],[103.8533636,1.2778949],[103.8533519,1.2778871],[103.8533262,1.2778493],[103.8533141,1.2778554],[103.8533777,1.2779542],[103.8529385,1.2782262],[103.8528991,1.2781579],[103.8528894,1.2781638],[103.8529095,1.2781949],[103.8529095,1.2782083],[103.8529027,1.2782177],[103.8528917,1.2782216],[103.8528791,1.2782178],[103.8528565,1.2781838],[103.8528429,1.2781926],[103.8528642,1.2782271],[103.8527687,1.2782862],[103.8526936,1.2781649],[103.8527258,1.278145],[103.852715,1.2781269],[103.8526535,1.2781666],[103.8524331,1.2778107],[103.8524617,1.2777922],[103.8522949,1.2775201],[103.852277,1.2775325],[103.852265,1.2775409],[103.8520428,1.2771892],[103.8521088,1.2771482],[103.8520987,1.277132],[103.8520643,1.2771532],[103.852012,1.277066],[103.8519885,1.2770293],[103.8520796,1.2769735],[103.8521005,1.2770059],[103.8521171,1.2769958],[103.8521008,1.2769701],[103.8520983,1.2769616],[103.8520989,1.276951],[103.8521034,1.2769447],[103.8521109,1.27694],[103.8521182,1.2769392],[103.8521282,1.2769422],[103.8521352,1.2769502],[103.8521503,1.2769747],[103.8521591,1.2769688],[103.8521196,1.2769053]]]}},{"type":"Feature","id":"osm-way-463857954","properties":{"kind":"park","name":"Central Linear Park"},"geometry":{"type":"Polygon","coordinates":[[[103.8520312,1.2788718],[103.8511795,1.27754],[103.8511963,1.2774651],[103.8516715,1.2771558],[103.8517482,1.2771728],[103.8525965,1.2785022],[103.8525817,1.2785773],[103.8521052,1.2788869],[103.8520312,1.2788718]]]}},{"type":"Feature","id":"osm-way-463863824","properties":{"kind":"building","name":"Robinson Suites"},"geometry":{"type":"Polygon","coordinates":[[[103.8498325,1.2807874],[103.8498575,1.2807892],[103.8499439,1.2809165],[103.849968,1.2809148],[103.8499893,1.2809495],[103.8499521,1.2809907],[103.8498958,1.2810226],[103.8498869,1.2810074],[103.8498263,1.2810422],[103.8497986,1.2809976],[103.8497621,1.281019],[103.8497381,1.281011],[103.8496792,1.2809103],[103.849681,1.2808827],[103.8498325,1.2807874]]]}},{"type":"Feature","id":"osm-way-464207648","properties":{"kind":"road","name":"Oxley Walk"},"geometry":{"type":"LineString","coordinates":[[103.842573,1.297661],[103.8425584,1.2976507],[103.8425169,1.297601],[103.8424956,1.2975449],[103.8423222,1.2969296]]}},{"type":"Feature","id":"osm-way-464779332","properties":{"kind":"road","name":"Keong Saik Road"},"geometry":{"type":"LineString","coordinates":[[103.8423006,1.2828],[103.8423299,1.2827656],[103.8424682,1.2826391]]}},{"type":"Feature","id":"osm-way-464779334","properties":{"kind":"road","name":"Pearl's Hill Road"},"geometry":{"type":"LineString","coordinates":[[103.8420158,1.2869408],[103.8420822,1.2869781],[103.8423177,1.2870664],[103.8424116,1.2871255]]}},{"type":"Feature","id":"osm-way-465048107","properties":{"kind":"road","name":"Clarke Quay"},"geometry":{"type":"LineString","coordinates":[[103.8439424,1.2913313],[103.8439377,1.2913849],[103.8439429,1.2914292],[103.8439588,1.2914625],[103.8440207,1.2915835]]}},{"type":"Feature","id":"osm-way-465056806","properties":{"kind":"road","name":"Maxwell Road"},"geometry":{"type":"LineString","coordinates":[[103.8446805,1.2797079],[103.8445571,1.2798484],[103.8442989,1.2801668],[103.8441749,1.2803009],[103.8441322,1.2803329]]}},{"type":"Feature","id":"osm-way-465056809","properties":{"kind":"road","name":"Tanjong Pagar Road"},"geometry":{"type":"LineString","coordinates":[[103.8441945,1.2803997],[103.8441322,1.2803329]]}},{"type":"Feature","id":"osm-way-465056811","properties":{"kind":"road","name":"Maxwell Road"},"geometry":{"type":"LineString","coordinates":[[103.8441945,1.2803997],[103.8442306,1.2803717],[103.8442635,1.2803352],[103.8443586,1.2802318],[103.8446264,1.2799005],[103.8447282,1.279791],[103.8447494,1.2797682]]}},{"type":"Feature","id":"osm-way-465056817","properties":{"kind":"road","name":"Maxwell Road"},"geometry":{"type":"LineString","coordinates":[[103.8440389,1.2804057],[103.8439467,1.2804921]]}},{"type":"Feature","id":"osm-way-465056819","properties":{"kind":"road","name":"Ann Siang Road"},"geometry":{"type":"LineString","coordinates":[[103.8457857,1.2805648],[103.8459377,1.2807796]]}},{"type":"Feature","id":"osm-way-465056820","properties":{"kind":"road","name":"Ann Siang Road"},"geometry":{"type":"LineString","coordinates":[[103.8458246,1.2809501],[103.8455824,1.2813481],[103.8455232,1.2814493]]}},{"type":"Feature","id":"osm-way-465059833","properties":{"kind":"road","name":"Boon Tat Street"},"geometry":{"type":"LineString","coordinates":[[103.8477631,1.2816129],[103.8477879,1.2815978],[103.8480409,1.2814473]]}},{"type":"Feature","id":"osm-way-465059834","properties":{"kind":"road","name":"Amoy Street"},"geometry":{"type":"LineString","coordinates":[[103.8467951,1.2798821],[103.8467047,1.2799137],[103.8466946,1.2799281]]}},{"type":"Feature","id":"osm-way-465063280","properties":{"kind":"road","name":"Duxton Road"},"geometry":{"type":"LineString","coordinates":[[103.8433371,1.2786134],[103.8433236,1.2785461],[103.8432305,1.2783155]]}},{"type":"Feature","id":"osm-way-465063281","properties":{"kind":"primaryRoad","name":""},"geometry":{"type":"LineString","coordinates":[[103.8433233,1.2933131],[103.8434244,1.2933039],[103.8434951,1.2933023],[103.8435679,1.2933069],[103.8436443,1.293331],[103.8437724,1.2933981],[103.8438555,1.2934665],[103.8439091,1.293528]]}},{"type":"Feature","id":"osm-way-465063284","properties":{"kind":"road","name":"Marina View Link"},"geometry":{"type":"LineString","coordinates":[[103.8521589,1.2808348],[103.8521621,1.2808795],[103.8521706,1.2809253],[103.8522036,1.2809902],[103.8523637,1.2812453],[103.8524088,1.2813171]]}},{"type":"Feature","id":"osm-way-465063291","properties":{"kind":"primaryRoad","name":"Hill Street"},"geometry":{"type":"LineString","coordinates":[[103.8484334,1.2901798],[103.8483644,1.2900874]]}},{"type":"Feature","id":"osm-way-465063303","properties":{"kind":"road","name":"Sheares Link"},"geometry":{"type":"LineString","coordinates":[[103.8595121,1.282417],[103.8595448,1.2823964],[103.8597929,1.2822396]]}},{"type":"Feature","id":"osm-way-465064163","properties":{"kind":"primaryRoad","name":"Stamford Road"},"geometry":{"type":"LineString","coordinates":[[103.8497726,1.2949616],[103.8498551,1.2950825],[103.8499071,1.2951595]]}},{"type":"Feature","id":"osm-way-465064168","properties":{"kind":"primaryRoad","name":""},"geometry":{"type":"LineString","coordinates":[[103.86038,1.2913836],[103.8605536,1.2914389],[103.8606284,1.2914772],[103.8606525,1.2914945],[103.8606922,1.2915281],[103.8607845,1.2916021],[103.8608055,1.2916382],[103.8608296,1.2917228]]}},{"type":"Feature","id":"osm-way-465136067","properties":{"kind":"road","name":""},"geometry":{"type":"LineString","coordinates":[[103.8476374,1.2922238],[103.8475331,1.2921771],[103.847438,1.2922197],[103.847373,1.2923305],[103.847363,1.292356]]}},{"type":"Feature","id":"osm-way-465136070","properties":{"kind":"building","name":"The Lighthouse"},"geometry":{"type":"Polygon","coordinates":[[[103.8477346,1.2921604],[103.8477191,1.2921472],[103.8477087,1.2921296],[103.8477045,1.2921097],[103.8477071,1.2920895],[103.8477161,1.2920712],[103.8477305,1.2920568],[103.8477489,1.2920479],[103.8477691,1.2920454],[103.847789,1.2920497],[103.8478065,1.2920601],[103.8478197,1.2920757],[103.847827,1.2920947],[103.8478278,1.2921151],[103.8478219,1.2921346],[103.8478101,1.2921511],[103.8477934,1.2921629],[103.8477739,1.2921687],[103.8477535,1.2921678],[103.8477346,1.2921604]]]}},{"type":"Feature","id":"osm-way-465136073","properties":{"kind":"road","name":"Cox Terrace"},"geometry":{"type":"LineString","coordinates":[[103.8474215,1.29376],[103.8471244,1.2944429],[103.8470798,1.2945449],[103.8468155,1.2946391],[103.8467654,1.2946752],[103.8467285,1.2947248],[103.8467082,1.2947832],[103.8465987,1.2951946],[103.8465528,1.295531],[103.8464778,1.2956991],[103.8464111,1.2958779],[103.8463583,1.2960194],[103.8462506,1.2962476]]}},{"type":"Feature","id":"osm-way-465136078","properties":{"kind":"building","name":"The Flagstaff"},"geometry":{"type":"Polygon","coordinates":[[[103.8476051,1.2917675],[103.8476218,1.2917638],[103.8476387,1.2917659],[103.8476526,1.2917728],[103.8476636,1.2917835],[103.8476708,1.2917972],[103.8476734,1.2918124],[103.8476712,1.2918276],[103.8476643,1.2918415],[103.8476535,1.2918525],[103.8476399,1.2918597],[103.8476247,1.2918622],[103.8476094,1.29186],[103.8475942,1.2918521],[103.8475826,1.2918395],[103.847576,1.2918238],[103.8475752,1.2918067],[103.8475803,1.2917904],[103.8475907,1.2917768],[103.8476051,1.2917675]]]}},{"type":"Feature","id":"osm-way-465136081","properties":{"kind":"building","name":"Flutes at the Fort"},"geometry":{"type":"Polygon","coordinates":[[[103.8483159,1.2925237],[103.8483159,1.29234],[103.8484525,1.292337],[103.8484541,1.2923916],[103.8484768,1.2923901],[103.8484768,1.2924751],[103.848451,1.2924766],[103.8484511,1.2925206],[103.8483159,1.2925237]]]}},{"type":"Feature","id":"osm-way-465139270","properties":{"kind":"road","name":"Clarke Quay"},"geometry":{"type":"LineString","coordinates":[[103.8450949,1.2895006],[103.8450036,1.2895362],[103.8449275,1.289598],[103.8448399,1.2898312],[103.8448116,1.2899784]]}},{"type":"Feature","id":"osm-way-465145666","properties":{"kind":"road","name":""},"geometry":{"type":"LineString","coordinates":[[103.8539467,1.2850113],[103.8539387,1.2850003],[103.8539279,1.2849921],[103.8539153,1.2849872],[103.8538662,1.2849875],[103.8537381,1.2849774],[103.8536448,1.2849595],[103.8536036,1.2849413],[103.8535859,1.2849267],[103.8535689,1.2849127],[103.853519,1.2848043],[103.8535156,1.2847948],[103.8534808,1.2846973],[103.8534285,1.2842472],[103.8533744,1.2842054],[103.8532654,1.2841838],[103.8532071,1.2840892],[103.853203,1.2840722],[103.8531961,1.2840463]]}},{"type":"Feature","id":"osm-way-465146572","properties":{"kind":"road","name":""},"geometry":{"type":"LineString","coordinates":[[103.8536077,1.2889291],[103.8534852,1.2888779],[103.8529679,1.2888022],[103.8530654,1.2885914]]}},{"type":"Feature","id":"osm-way-465154190","properties":{"kind":"road","name":""},"geometry":{"type":"LineString","coordinates":[[103.8450696,1.2888502],[103.8450882,1.2889258]]}},{"type":"Feature","id":"osm-way-465269955","properties":{"kind":"road","name":"Beach Road"},"geometry":{"type":"LineString","coordinates":[[103.8563854,1.296467],[103.8562969,1.2963356]]}},{"type":"Feature","id":"osm-way-465269956","properties":{"kind":"road","name":"Middle Road"},"geometry":{"type":"LineString","coordinates":[[103.8563433,1.2966357],[103.8563854,1.296467]]}},{"type":"Feature","id":"osm-way-465269957","properties":{"kind":"road","name":"Middle Road"},"geometry":{"type":"LineString","coordinates":[[103.8563854,1.296467],[103.8564056,1.2964001],[103.8564213,1.2963523]]}},{"type":"Feature","id":"osm-way-465269958","properties":{"kind":"road","name":"Middle Road"},"geometry":{"type":"LineString","coordinates":[[103.8561023,1.2969306],[103.8561797,1.296869],[103.8562501,1.2968165],[103.8563065,1.2967499]]}},{"type":"Feature","id":"osm-way-465590751","properties":{"kind":"road","name":"Canning Lane"},"geometry":{"type":"LineString","coordinates":[[103.8460867,1.2906163],[103.8460968,1.2905027],[103.846208,1.2901247]]}},{"type":"Feature","id":"osm-way-465982817","properties":{"kind":"road","name":"Gemmill Lane"},"geometry":{"type":"LineString","coordinates":[[103.8473702,1.2822604],[103.8474794,1.2824562]]}},{"type":"Feature","id":"osm-way-465984283","properties":{"kind":"road","name":"North Canal Road"},"geometry":{"type":"LineString","coordinates":[[103.8478076,1.2865089],[103.8478277,1.2864991],[103.8481204,1.2863571]]}},{"type":"Feature","id":"osm-way-465991197","properties":{"kind":"primaryRoad","name":"Raffles Avenue"},"geometry":{"type":"LineString","coordinates":[[103.8620456,1.289501],[103.8619737,1.2895066],[103.8617904,1.2895164]]}},{"type":"Feature","id":"osm-way-465992636","properties":{"kind":"road","name":"Temasek Avenue"},"geometry":{"type":"LineString","coordinates":[[103.8608068,1.2928861],[103.8607729,1.2933482],[103.8607471,1.2934748]]}},{"type":"Feature","id":"osm-way-466935881","properties":{"kind":"road","name":"De Souza Street"},"geometry":{"type":"LineString","coordinates":[[103.8515862,1.2835789],[103.85162,1.2835235],[103.8515791,1.2831521],[103.851546,1.2829597],[103.8515311,1.2827278],[103.8515274,1.2826695]]}},{"type":"Feature","id":"osm-way-466935883","properties":{"kind":"road","name":""},"geometry":{"type":"LineString","coordinates":[[103.8496014,1.2854324],[103.8495896,1.2854638],[103.8495818,1.2854925],[103.8495815,1.2855223],[103.8495887,1.2855511],[103.8496029,1.2855773],[103.8496232,1.285599],[103.8496483,1.285615],[103.8496767,1.2856241]]}},{"type":"Feature","id":"osm-way-467451178","properties":{"kind":"road","name":"North Boat Quay"},"geometry":{"type":"LineString","coordinates":[[103.8498653,1.2890518],[103.8498672,1.2890407],[103.8498675,1.2890174],[103.8498601,1.2889954],[103.8498514,1.2889688]]}},{"type":"Feature","id":"osm-way-467451179","properties":{"kind":"road","name":""},"geometry":{"type":"LineString","coordinates":[[103.8521716,1.2869079],[103.8519783,1.2870058]]}},{"type":"Feature","id":"osm-way-468206082","properties":{"kind":"building","name":"Furama City Centre Singapore"},"geometry":{"type":"Polygon","coordinates":[[[103.8449606,1.2864956],[103.8448151,1.2866121],[103.8445521,1.2868228],[103.8444504,1.2868086],[103.8443447,1.2866785],[103.8443752,1.2863981],[103.8446072,1.2862133],[103.8446456,1.2861827],[103.844737,1.2861928],[103.8449688,1.2864428],[103.8449606,1.2864956]]]}},{"type":"Feature","id":"osm-way-470115079","properties":{"kind":"road","name":"Bugis Street"},"geometry":{"type":"LineString","coordinates":[[103.8556485,1.2995643],[103.8557456,1.2994139],[103.8559564,1.2992306],[103.8559643,1.2992236]]}},{"type":"Feature","id":"osm-way-470115081","properties":{"kind":"road","name":"Bugis Street"},"geometry":{"type":"LineString","coordinates":[[103.8556485,1.2995643],[103.8554901,1.2996908],[103.8554809,1.2996978]]}},{"type":"Feature","id":"osm-way-472980167","properties":{"kind":"road","name":"Istana Domain Forecourt"},"geometry":{"type":"LineString","coordinates":[[103.8436911,1.2998784],[103.8437861,1.2998936],[103.8438407,1.3000375],[103.8439148,1.3000109],[103.8439912,1.2999835],[103.8439423,1.29984],[103.8439683,1.2997991],[103.8440107,1.2997852],[103.8440046,1.2997626],[103.8439846,1.2996931],[103.8439587,1.299603],[103.843641,1.2997081],[103.8436685,1.2998015],[103.8436786,1.2998359],[103.8436873,1.2998654],[103.8436911,1.2998784]]}},{"type":"Feature","id":"osm-way-473041860","properties":{"kind":"road","name":""},"geometry":{"type":"LineString","coordinates":[[103.8495695,1.2962248],[103.8495171,1.29618],[103.8494388,1.2961555],[103.84939,1.2961161],[103.8494062,1.295935]]}},{"type":"Feature","id":"osm-way-473041862","properties":{"kind":"road","name":"Cathay Forecourt"},"geometry":{"type":"LineString","coordinates":[[103.8475585,1.2988825],[103.8476083,1.2988297],[103.8476649,1.2988246],[103.848037,1.2988345],[103.8480853,1.2988393],[103.8481392,1.2988324],[103.8481438,1.2988505],[103.8481356,1.2989038],[103.8480938,1.2989133],[103.8480791,1.2991341],[103.8480698,1.29913],[103.8479037,1.2990746],[103.847871,1.2990838],[103.8477461,1.2991085],[103.8475249,1.2992244],[103.8474592,1.2992781],[103.8474723,1.299226],[103.8475585,1.2988825]]}},{"type":"Feature","id":"osm-way-473041870","properties":{"kind":"road","name":"Malay Street"},"geometry":{"type":"LineString","coordinates":[[103.8547726,1.2990663],[103.8548941,1.2989665],[103.8552086,1.298702],[103.8554391,1.2984898]]}},{"type":"Feature","id":"osm-way-473041873","properties":{"kind":"road","name":"Malay Street"},"geometry":{"type":"LineString","coordinates":[[103.8554391,1.2984898],[103.8554542,1.2984792],[103.8554749,1.2984567]]}},{"type":"Feature","id":"osm-way-473041874","properties":{"kind":"road","name":"Malabar Street"},"geometry":{"type":"LineString","coordinates":[[103.8544357,1.2983532],[103.8548941,1.2989665]]}},{"type":"Feature","id":"osm-way-474174791","properties":{"kind":"road","name":""},"geometry":{"type":"LineString","coordinates":[[103.855409,1.2998469],[103.8553718,1.2998807],[103.8553303,1.2999193]]}},{"type":"Feature","id":"osm-way-474174800","properties":{"kind":"road","name":""},"geometry":{"type":"LineString","coordinates":[[103.8447513,1.2905569],[103.8447378,1.2905381]]}},{"type":"Feature","id":"osm-way-474280009","properties":{"kind":"road","name":"Zubir Said Drive"},"geometry":{"type":"LineString","coordinates":[[103.848179,1.2988578],[103.8481807,1.2988265],[103.8481855,1.2987403]]}},{"type":"Feature","id":"osm-way-474288886","properties":{"kind":"road","name":"Orchard Promenade"},"geometry":{"type":"LineString","coordinates":[[103.8316447,1.3045964],[103.8316832,1.3046473],[103.8318218,1.3048136],[103.8318666,1.3048674],[103.8321987,1.3046948],[103.8322644,1.3047968],[103.8322688,1.3048036],[103.8324948,1.3046666],[103.8325992,1.304608],[103.8326359,1.3046774],[103.8326601,1.3047232],[103.8326656,1.3047341],[103.8326712,1.304745],[103.8325981,1.3047821],[103.8325933,1.3047726],[103.832587,1.3047603],[103.832563,1.3047141],[103.832532,1.3047297],[103.8324608,1.3049057],[103.8324196,1.305041],[103.8323765,1.3051824],[103.8323252,1.305251],[103.832265,1.3053315],[103.8323918,1.3054958],[103.8324083,1.3054879],[103.8324251,1.3054799],[103.8324644,1.3055627],[103.8324469,1.305571],[103.8324311,1.3055785],[103.8324752,1.3056844],[103.8325121,1.3057481],[103.8327286,1.3062298],[103.8327715,1.3062508],[103.8327988,1.3062748],[103.8329248,1.3065352],[103.8330646,1.3068375],[103.8330887,1.3068858],[103.8329698,1.3069423],[103.8330456,1.3071017],[103.8330749,1.307088],[103.8331366,1.3070592],[103.8331166,1.3070159],[103.8331465,1.3070019],[103.8331933,1.3069799],[103.8331378,1.306862],[103.8331294,1.3068442],[103.8331166,1.3068128],[103.8330947,1.3067592],[103.8328508,1.3062179],[103.8328439,1.3061758],[103.8326401,1.3057378],[103.832625,1.305695],[103.8325881,1.3056225],[103.8325578,1.3055756],[103.8325232,1.3055929],[103.8324224,1.3053891],[103.8323861,1.3053155],[103.8325327,1.304845],[103.8325974,1.3048181],[103.8332928,1.3044414],[103.8333142,1.3044814],[103.8333518,1.3044606],[103.8333837,1.3044429],[103.8334143,1.3044259],[103.8334269,1.3044189],[103.8338726,1.3041812],[103.8338441,1.3041266],[103.8339418,1.3040718],[103.8339728,1.3041278],[103.8343016,1.3039524],[103.8343339,1.303935],[103.8344274,1.3038796],[103.8344439,1.3038699],[103.8344749,1.3038535],[103.8345092,1.3038308],[103.8345552,1.3038007],[103.8347542,1.3036885],[103.8348156,1.3036564],[103.8348564,1.303636],[103.8353841,1.3033631],[103.8354001,1.3033941],[103.8354285,1.3033787],[103.8353786,1.3033503],[103.8354102,1.3032965],[103.8354668,1.3032408],[103.8355281,1.303213],[103.8355856,1.3032],[103.8356478,1.3032009],[103.8356418,1.303263],[103.8356825,1.3032401],[103.8356409,1.3031662],[103.8358278,1.3030664],[103.8358423,1.3030581],[103.8359291,1.3030119],[103.8360011,1.3029716],[103.8360494,1.3029997],[103.8365785,1.3027199],[103.8366174,1.302639],[103.8366744,1.3026101],[103.8366893,1.3025911],[103.8367102,1.302563],[103.8367209,1.3025463],[103.8367373,1.302536],[103.8367583,1.3025346],[103.8367971,1.3025335],[103.8368197,1.3025305],[103.8368777,1.302499],[103.8369957,1.3024726],[103.8369968,1.3024384],[103.8370128,1.3024096],[103.8370449,1.3023872],[103.8370983,1.302369],[103.8371378,1.3023626],[103.8371602,1.3023285],[103.8371987,1.3023028],[103.8372435,1.30229],[103.8372873,1.3022868],[103.8373033,1.3022612],[103.837329,1.3022366],[103.837361,1.3022217],[103.8373941,1.3022292],[103.8374101,1.3022462],[103.8374175,1.3022672],[103.837486,1.3022313],[103.8374478,1.3021642],[103.8374702,1.3021515],[103.8375645,1.3020923],[103.8376742,1.3020393],[103.8376858,1.3020335],[103.8377274,1.3019625],[103.8380644,1.3018407],[103.8383259,1.3016858],[103.8384846,1.301607],[103.8386707,1.3015182],[103.8387816,1.3014771],[103.8388834,1.3015028],[103.8389777,1.3015265],[103.8389942,1.3015319],[103.8389432,1.301399],[103.8390109,1.3013744],[103.8390595,1.3013322],[103.8391416,1.3013126],[103.8391836,1.3013013],[103.8392247,1.3012889],[103.8392689,1.3012753],[103.8393155,1.3012629],[103.8393562,1.3012516],[103.8393687,1.3012613],[103.8393796,1.3012698],[103.8399849,1.3010834],[103.8400338,1.3011358],[103.840073,1.3011192],[103.8402294,1.3010301],[103.8406127,1.3009059],[103.8406449,1.3009241],[103.8407035,1.3009058],[103.8408826,1.3008505],[103.8409081,1.3007993],[103.8410933,1.3007388],[103.8411161,1.3007515],[103.8412071,1.3007229],[103.8412567,1.3007075],[103.8412861,1.3006982],[103.841328,1.3006851],[103.8413936,1.3006671],[103.8414317,1.3006566],[103.8428226,1.3002172],[103.8428453,1.3002141],[103.8428783,1.3002037],[103.8428711,1.3001811],[103.842862,1.3001546],[103.842855,1.3001263],[103.8428808,1.3001155],[103.8428955,1.3001093],[103.8429114,1.3001172],[103.8429174,1.3001382],[103.8429238,1.3001607],[103.8429749,1.3001457],[103.842969,1.3001223],[103.8429499,1.3000417],[103.8429204,1.2999064],[103.8430021,1.299881],[103.8430339,1.2998716],[103.8430305,1.299852],[103.8429159,1.2998863],[103.8428601,1.299903],[103.8428215,1.2999143],[103.8419306,1.3001734],[103.8418644,1.3001949],[103.8417928,1.3002181],[103.8412344,1.3003925],[103.8407263,1.3005733],[103.8406243,1.3003796],[103.8405546,1.3003264],[103.8405115,1.3002858],[103.8403923,1.3001139],[103.8403851,1.3001036],[103.8403648,1.3001069],[103.8403339,1.3001163],[103.8402034,1.3001541],[103.8399904,1.3002262],[103.8400203,1.3003438],[103.8400268,1.3002884],[103.8400445,1.3002488],[103.8400814,1.3002198],[103.8401289,1.3001981],[103.8402046,1.3002133],[103.8402609,1.3002367],[103.8403711,1.3003209],[103.8404515,1.3004224],[103.84056,1.3005619],[103.8405294,1.3006192],[103.8405036,1.3006661],[103.840492,1.3006871],[103.8404789,1.300711],[103.8402842,1.3007776],[103.8400698,1.3008358],[103.840036,1.300834],[103.8399836,1.3008312],[103.8399014,1.300858],[103.8391549,1.3010854],[103.8390896,1.3011075],[103.8389724,1.3011469],[103.8389121,1.3011654],[103.8388889,1.3011725],[103.8386119,1.301266],[103.8385642,1.3012821],[103.8383873,1.3013557],[103.8381026,1.3014913],[103.8381074,1.3014979],[103.8380863,1.3015295],[103.837753,1.3016901],[103.8376463,1.3017353],[103.8376144,1.3017487],[103.8375455,1.3017628],[103.8375036,1.3017539],[103.8374873,1.3016595],[103.8374654,1.3016761],[103.8374376,1.3016808],[103.8374123,1.3016781],[103.8373909,1.3016636],[103.837117,1.3013482],[103.8370801,1.3013072],[103.8370616,1.3012888],[103.83682,1.3010273],[103.836893,1.300924],[103.8369872,1.3008888],[103.8369849,1.3008753],[103.8367833,1.3008934],[103.8367202,1.3008906],[103.8366842,1.300889],[103.8365045,1.301026],[103.8364812,1.3010447],[103.8365498,1.3011737],[103.8369688,1.3015424],[103.8370169,1.3015917],[103.837207,1.3018326],[103.8364605,1.3022214],[103.8364697,1.3022345],[103.836043,1.3024536],[103.8360374,1.3024432],[103.8359267,1.302505],[103.8358972,1.3025228],[103.835844,1.3025474],[103.8357986,1.3024948],[103.8357831,1.3024769],[103.8357699,1.3025749],[103.8353169,1.3028279],[103.8345869,1.3032252],[103.8340704,1.3034903],[103.8339967,1.3035281],[103.8339313,1.3035142],[103.8338992,1.3034592],[103.8336451,1.3029845],[103.8335927,1.303059],[103.8335041,1.3031804],[103.8335551,1.3032046],[103.833717,1.303532],[103.8337385,1.3035757],[103.8337578,1.3036148],[103.8337689,1.3036361],[103.8337755,1.3036504],[103.8336049,1.3037429],[103.8334949,1.3038025],[103.8331068,1.3040074],[103.8329916,1.3040682],[103.8327801,1.3041798],[103.8327062,1.304037],[103.8326455,1.3039191],[103.8326497,1.3038711],[103.8327659,1.3037849],[103.8327143,1.3037489],[103.8326877,1.3037303],[103.8326055,1.3037969],[103.8325715,1.3038436],[103.8325686,1.3039173],[103.8325814,1.303962],[103.8326366,1.304072],[103.8327101,1.3042119],[103.8327182,1.3042277],[103.8327153,1.3042483],[103.8326806,1.3042674],[103.8326459,1.3042731],[103.8326282,1.3042858],[103.8325948,1.3043163],[103.8325637,1.3043276],[103.8325218,1.3043375],[103.8324935,1.304356],[103.8324637,1.3043949],[103.8324283,1.3044289],[103.8323893,1.304446],[103.8323489,1.3044481],[103.8322653,1.3044538],[103.8322156,1.3044686],[103.8320734,1.3045432],[103.8320454,1.3045579],[103.8320453,1.3046049],[103.8320172,1.3046427],[103.8319546,1.3046411],[103.8319413,1.3046127],[103.8319172,1.3046252],[103.8318591,1.3046373],[103.8318152,1.3046288],[103.8317804,1.3046047],[103.8317332,1.3045609],[103.8317091,1.3045528],[103.8316872,1.3045586],[103.8316436,1.3045684],[103.8316087,1.304562],[103.8315786,1.3045432],[103.8316074,1.3045664],[103.8316447,1.3045964]]}},{"type":"Feature","id":"osm-way-474300987","properties":{"kind":"road","name":"Plaza Singapura Forecourt"},"geometry":{"type":"LineString","coordinates":[[103.8442792,1.2996758],[103.8442896,1.2997002],[103.8444459,1.3000773],[103.8444894,1.3000593],[103.8446257,1.3000054],[103.8448273,1.2999322],[103.8449671,1.2998796],[103.8450325,1.299822],[103.8450986,1.299759],[103.8451087,1.2996894],[103.8450793,1.2996045],[103.8450552,1.2995347],[103.8450644,1.2994562],[103.8451128,1.2994051],[103.844908,1.2994703],[103.844338,1.2996565],[103.8442792,1.2996758]]}},{"type":"Feature","id":"osm-way-474300998","properties":{"kind":"road","name":"Penang Lane"},"geometry":{"type":"LineString","coordinates":[[103.8447482,1.2992909],[103.8447528,1.2992429],[103.8447499,1.2992246],[103.8447394,1.2991585],[103.8446607,1.298955],[103.8445311,1.2986201],[103.844475,1.2984751]]}},{"type":"Feature","id":"osm-way-474301013","properties":{"kind":"road","name":"Buyong Road"},"geometry":{"type":"LineString","coordinates":[[103.8430911,1.3001715],[103.8430709,1.3000791],[103.8430705,1.3000554],[103.8430774,1.300037],[103.8431335,1.2999773]]}},{"type":"Feature","id":"osm-way-474301017","properties":{"kind":"primaryRoad","name":"Bras Basah Road"},"geometry":{"type":"LineString","coordinates":[[103.8481855,1.2987403],[103.8483779,1.2987243],[103.8485388,1.2986801],[103.8485558,1.2986733],[103.848595,1.2986574],[103.8486566,1.2986176],[103.8487115,1.2985833]]}},{"type":"Feature","id":"osm-way-474301018","properties":{"kind":"road","name":"Handy Road"},"geometry":{"type":"LineString","coordinates":[[103.8474326,1.2983148],[103.8474318,1.2983447],[103.847431,1.2983784],[103.847426,1.2985457],[103.8474219,1.298691]]}},{"type":"Feature","id":"osm-way-474301019","properties":{"kind":"road","name":"Handy Road"},"geometry":{"type":"LineString","coordinates":[[103.8474219,1.298691],[103.8474183,1.2987251],[103.8474036,1.2988579],[103.8473934,1.2989072],[103.8473635,1.299062]]}},{"type":"Feature","id":"osm-way-474301020","properties":{"kind":"road","name":"Oldham Lane"},"geometry":{"type":"LineString","coordinates":[[103.8461661,1.2998311],[103.8460998,1.2998356],[103.8460637,1.2998219],[103.8460249,1.2997912],[103.8459882,1.2997417]]}},{"type":"Feature","id":"osm-way-474301021","properties":{"kind":"road","name":"Oldham Lane"},"geometry":{"type":"LineString","coordinates":[[103.845961,1.2996126],[103.8458413,1.2991875],[103.8458381,1.2991751],[103.8458302,1.2991494],[103.8458124,1.2990917]]}},{"type":"Feature","id":"osm-way-474301023","properties":{"kind":"road","name":"Handy Road"},"geometry":{"type":"LineString","coordinates":[[103.8461661,1.2998311],[103.8460976,1.2999136],[103.846039,1.2999765]]}},{"type":"Feature","id":"osm-way-474323167","properties":{"kind":"road","name":""},"geometry":{"type":"LineString","coordinates":[[103.8489346,1.2986782],[103.8489154,1.2986931],[103.8488766,1.2986506],[103.8487721,1.2987411],[103.8487296,1.2987409],[103.8488256,1.298651],[103.8488049,1.2986226],[103.8488323,1.2986004],[103.8490933,1.2983251],[103.8491109,1.2983475],[103.8491483,1.2983174],[103.8491572,1.2983284],[103.8491696,1.2983438],[103.8489503,1.2985373],[103.8489363,1.2986633],[103.8489346,1.2986782]]}},{"type":"Feature","id":"osm-way-474512986","properties":{"kind":"road","name":""},"geometry":{"type":"LineString","coordinates":[[103.8501762,1.2901977],[103.8501181,1.2900245],[103.8502608,1.2899199],[103.8502193,1.2898461],[103.8503697,1.2897156],[103.8504131,1.289713],[103.850459,1.2897931],[103.8505502,1.2897287],[103.8504736,1.2895985],[103.8505631,1.2895559],[103.8506044,1.2896113],[103.8508452,1.2894434],[103.8511234,1.2892366],[103.8511563,1.2892132],[103.8511901,1.2891909],[103.8512119,1.2892088],[103.8512259,1.2892307],[103.8512374,1.2892436],[103.8512688,1.2892924],[103.8512784,1.2893085],[103.8512899,1.2893252],[103.8511191,1.2894209],[103.8511115,1.2894083],[103.8509043,1.2895778],[103.8508169,1.2896492],[103.8507823,1.2896994],[103.8507311,1.2897684],[103.8501762,1.2901977]]}},{"type":"Feature","id":"osm-way-474512990","properties":{"kind":"road","name":""},"geometry":{"type":"LineString","coordinates":[[103.8516539,1.2871033],[103.8515084,1.2868966],[103.8515004,1.2868852],[103.8515884,1.2868172],[103.8516489,1.28677],[103.8516868,1.2867411],[103.8518651,1.2869359],[103.8519783,1.2870058],[103.8520175,1.2870652],[103.8520254,1.2871439],[103.8519828,1.2872501],[103.8520985,1.2874064],[103.8516155,1.2877505],[103.8515608,1.2877879],[103.851546,1.2877274],[103.8515909,1.2876958],[103.8514816,1.2875405],[103.8516679,1.2874094],[103.8517079,1.2874662],[103.8518392,1.2873739],[103.8517972,1.2873142],[103.8519192,1.2872283],[103.8518938,1.2871922],[103.8519486,1.2871537],[103.8518541,1.2870195],[103.8517993,1.287058],[103.8517724,1.2870199],[103.8516539,1.2871033]]}},{"type":"Feature","id":"osm-way-474523221","properties":{"kind":"road","name":"Orchard Promenade"},"geometry":{"type":"LineString","coordinates":[[103.844908,1.2994703],[103.8449061,1.2994622],[103.844902,1.2994475],[103.8449468,1.2994355],[103.8451329,1.2993757],[103.8453641,1.2992973],[103.845719,1.2991843],[103.8457049,1.2991257],[103.845684,1.2990419],[103.8456911,1.2990394],[103.8457064,1.299034],[103.8457326,1.2990247],[103.8457575,1.2991091],[103.8457748,1.2991683],[103.8457823,1.2991934],[103.8457861,1.2992054],[103.8458438,1.2993873],[103.8458877,1.299513],[103.8458728,1.2995279],[103.845883,1.2995672],[103.8458999,1.2996315],[103.8459237,1.2996475],[103.8459317,1.299671],[103.8459931,1.2998509],[103.8460042,1.2998899],[103.8460115,1.2999154],[103.8460027,1.2999437],[103.845991,1.2999593],[103.8459799,1.2999582],[103.8459579,1.2999523],[103.8459712,1.2998942],[103.8459062,1.2996796],[103.8458733,1.299571],[103.8457922,1.299303],[103.8457401,1.2992495],[103.8456723,1.2992334],[103.8451128,1.2994051],[103.844908,1.2994703]]}},{"type":"Feature","id":"osm-way-474523230","properties":{"kind":"road","name":"Orchard Promenade"},"geometry":{"type":"LineString","coordinates":[[103.8440107,1.2997852],[103.8440046,1.2997626],[103.8439846,1.2996931],[103.8442578,1.2996008],[103.8442796,1.2996462],[103.844902,1.2994475],[103.844908,1.2994703],[103.844338,1.2996565],[103.8442792,1.2996758],[103.8442896,1.2997002],[103.8442804,1.299703],[103.8440107,1.2997852]]}},{"type":"Feature","id":"osm-way-474523233","properties":{"kind":"road","name":"Orchard Promenade"},"geometry":{"type":"LineString","coordinates":[[103.8436911,1.2998784],[103.8431997,1.3000408],[103.8431533,1.3000827],[103.8431424,1.3001591],[103.8431479,1.3001876],[103.8431322,1.3001915],[103.8430981,1.3001998],[103.8430911,1.3001715],[103.8430709,1.3000791],[103.8430705,1.3000554],[103.8430774,1.300037],[103.8431335,1.2999773],[103.8436685,1.2998015],[103.8436786,1.2998359],[103.8436873,1.2998654],[103.8436911,1.2998784]]}},{"type":"Feature","id":"osm-way-474523248","properties":{"kind":"road","name":"Orchard Promenade"},"geometry":{"type":"LineString","coordinates":[[103.8429204,1.2999064],[103.8429499,1.3000417],[103.8431335,1.2999773],[103.8435446,1.2998446],[103.8436685,1.2998015],[103.843641,1.2997081],[103.8439587,1.299603],[103.8439846,1.2996931],[103.8442578,1.2996008],[103.844592,1.2994879],[103.8447131,1.2993673],[103.8447413,1.2993169],[103.8447657,1.2993342],[103.8447766,1.2993077],[103.8447872,1.2992697],[103.8447796,1.2992145],[103.8447683,1.2992183],[103.8447499,1.2992246],[103.8446979,1.2992422],[103.8446832,1.299235],[103.8446661,1.2992813],[103.844649,1.2993278],[103.8445636,1.2993992],[103.8441804,1.2994918],[103.8439894,1.2995545],[103.8438917,1.2995866],[103.8436328,1.2996716],[103.8433293,1.2997713],[103.8430749,1.299858],[103.8430339,1.2998716],[103.8429204,1.2999064]]}},{"type":"Feature","id":"osm-way-474523249","properties":{"kind":"road","name":""},"geometry":{"type":"LineString","coordinates":[[103.8448174,1.2993501],[103.8447991,1.2993533],[103.8447776,1.2993486],[103.8447657,1.2993342],[103.8447766,1.2993077],[103.8447872,1.2992697],[103.8447796,1.2992145],[103.8448501,1.2991901],[103.8448829,1.2992929],[103.8455057,1.2990829],[103.8455122,1.2991025],[103.8448174,1.2993501]]}},{"type":"Feature","id":"osm-way-474523252","properties":{"kind":"road","name":"Orchard Promenade"},"geometry":{"type":"LineString","coordinates":[[103.8470269,1.2985168],[103.8473705,1.2985183],[103.8473752,1.2983713],[103.8473756,1.2983631],[103.847393,1.298365],[103.8474069,1.2983655],[103.847407,1.2983783],[103.8474073,1.2984012],[103.8473993,1.2984012],[103.8473961,1.2985264],[103.8473913,1.2985459],[103.847335,1.2985491],[103.8473041,1.2985504],[103.8471295,1.2985495],[103.847021,1.2985644],[103.8468416,1.2986458],[103.846838,1.2986363],[103.846826,1.2985986],[103.8470269,1.2985168]]}},{"type":"Feature","id":"osm-way-474523255","properties":{"kind":"road","name":"Orchard Promenade"},"geometry":{"type":"LineString","coordinates":[[103.8475603,1.2985765],[103.8475679,1.2984003],[103.8475972,1.2983924],[103.8475955,1.2983833],[103.8475946,1.2983784],[103.8475916,1.2983623],[103.8475619,1.2983683],[103.8475485,1.2983709],[103.8475328,1.2983787],[103.8475321,1.2984058],[103.8475459,1.2984055],[103.8475399,1.2986068],[103.8475968,1.2986102],[103.8475967,1.2986389],[103.8476341,1.2986402],[103.8476341,1.2986136],[103.847743,1.2986202],[103.8477412,1.2986498],[103.8477943,1.2986526],[103.8477969,1.2986253],[103.8479987,1.2986357],[103.8481062,1.2986432],[103.8482109,1.2986373],[103.8482134,1.2986579],[103.84825,1.2986528],[103.8482481,1.2986342],[103.8483654,1.2986136],[103.8485235,1.298567],[103.8485356,1.298589],[103.8485464,1.2985838],[103.8485616,1.2985765],[103.848566,1.2985584],[103.8485595,1.2985467],[103.8485497,1.2985329],[103.8485317,1.2985425],[103.8485189,1.2985461],[103.8485082,1.2985494],[103.8483345,1.2985937],[103.848121,1.2986126],[103.8475603,1.2985765]]}},{"type":"Feature","id":"osm-way-474523266","properties":{"kind":"road","name":"SOTA Steps"},"geometry":{"type":"LineString","coordinates":[[103.8483707,1.2991404],[103.8483517,1.2992055],[103.8483442,1.2991944],[103.8483246,1.2992077],[103.848307,1.2991862],[103.8482322,1.2992454],[103.8482698,1.2991643],[103.848277,1.2990055],[103.8482904,1.2988993],[103.848352,1.2989343],[103.8485761,1.2988292],[103.8486896,1.2987936],[103.8486874,1.2988008],[103.8486184,1.2988531],[103.8486289,1.2988667],[103.8486063,1.2988861],[103.8486284,1.2989108],[103.8485041,1.2989574],[103.8484555,1.2988953],[103.8484377,1.2989104],[103.8484284,1.2989009],[103.848357,1.2989624],[103.8483676,1.2989768],[103.8483483,1.2989923],[103.8483957,1.2990547],[103.8483707,1.2991404]]}},{"type":"Feature","id":"osm-way-474523272","properties":{"kind":"road","name":"Orchard Promenade"},"geometry":{"type":"LineString","coordinates":[[103.8482904,1.2988993],[103.8481777,1.2989],[103.8481356,1.2989038],[103.8481438,1.2988505],[103.8481392,1.2988324],[103.8481807,1.2988265],[103.8482822,1.2988218],[103.8482995,1.298839],[103.848348,1.2988341],[103.8483859,1.298839],[103.8483908,1.298816],[103.8484311,1.2988177],[103.8484352,1.2988407],[103.8485076,1.2988168],[103.8485027,1.2987881],[103.8485537,1.2987716],[103.8485627,1.2987922],[103.8486077,1.2987508],[103.8486896,1.2987936],[103.8485761,1.2988292],[103.848352,1.2989343],[103.8482904,1.2988993]]}},{"type":"Feature","id":"osm-way-474523277","properties":{"kind":"road","name":""},"geometry":{"type":"LineString","coordinates":[[103.8492357,1.2995083],[103.8493052,1.2994788],[103.849332,1.2994611],[103.8493554,1.2994432],[103.849365,1.2994599],[103.8493602,1.2994922],[103.8493458,1.2995305],[103.8493219,1.2995628],[103.849298,1.299582],[103.8491412,1.2996382],[103.8491328,1.2996265],[103.8491196,1.2996079],[103.8492357,1.2995083]]}},{"type":"Feature","id":"osm-way-474523285","properties":{"kind":"primaryRoad","name":"Prinsep Street"},"geometry":{"type":"LineString","coordinates":[[103.8487115,1.2985833],[103.8487374,1.2986149],[103.8487963,1.298699],[103.849127,1.2990764]]}},{"type":"Feature","id":"osm-way-474529389","properties":{"kind":"road","name":""},"geometry":{"type":"LineString","coordinates":[[103.8489154,1.2986931],[103.8489346,1.2986782],[103.8492058,1.2990199],[103.8492244,1.2990417],[103.8494083,1.2992645],[103.8495005,1.2993762],[103.8495132,1.2993916],[103.8494982,1.2994024],[103.849493,1.2993956],[103.8494573,1.2993511],[103.8492237,1.2990646],[103.8491461,1.2989789],[103.8489154,1.2986931]]}},{"type":"Feature","id":"osm-way-474617020","properties":{"kind":"road","name":"Orchard Promenade"},"geometry":{"type":"LineString","coordinates":[[103.8486154,1.298717],[103.8485356,1.298589],[103.8485464,1.2985838],[103.8485616,1.2985765],[103.8486474,1.2987098],[103.8487296,1.2987409],[103.8487721,1.2987411],[103.848746,1.2987691],[103.8487599,1.2987905],[103.8486896,1.2987936],[103.8486077,1.2987508],[103.8486154,1.298717]]}},{"type":"Feature","id":"osm-way-474617021","properties":{"kind":"road","name":""},"geometry":{"type":"LineString","coordinates":[[103.8486896,1.2987936],[103.8487599,1.2987905],[103.848746,1.2987691],[103.8487675,1.2987856],[103.8487827,1.2988083],[103.8487805,1.2988218],[103.8487502,1.298838],[103.8487213,1.2987999],[103.8487098,1.298809],[103.8487048,1.2988036],[103.8486966,1.29881],[103.8486874,1.2988008],[103.8486896,1.2987936]]}},{"type":"Feature","id":"osm-way-474639279","properties":{"kind":"road","name":"North Boat Quay"},"geometry":{"type":"LineString","coordinates":[[103.8495529,1.2892956],[103.8498447,1.2890808],[103.8498653,1.2890518]]}},{"type":"Feature","id":"osm-way-474639280","properties":{"kind":"road","name":""},"geometry":{"type":"LineString","coordinates":[[103.8495529,1.2892956],[103.8495311,1.2893156],[103.8495169,1.2893273]]}},{"type":"Feature","id":"osm-way-474639282","properties":{"kind":"road","name":""},"geometry":{"type":"LineString","coordinates":[[103.8493913,1.2893648],[103.8494111,1.2893975],[103.8494374,1.2894382],[103.849407,1.2894556],[103.8493199,1.2895091],[103.8490775,1.2896852],[103.8489245,1.2897813],[103.8486761,1.28993],[103.8486671,1.2899134],[103.8486344,1.2898584],[103.8486193,1.2898329],[103.8485769,1.2897577],[103.8486587,1.2897057],[103.848648,1.2896864],[103.8486362,1.2896652],[103.8489977,1.289441],[103.8490216,1.2894841],[103.8490387,1.2895185],[103.8493686,1.2893232],[103.8493733,1.2893349],[103.8493877,1.2893582],[103.8493913,1.2893648]]}},{"type":"Feature","id":"osm-way-474639286","properties":{"kind":"road","name":"North Boat Quay"},"geometry":{"type":"LineString","coordinates":[[103.8491926,1.2896048],[103.8490775,1.2896852],[103.8489245,1.2897813]]}},{"type":"Feature","id":"osm-way-474639288","properties":{"kind":"road","name":"North Boat Quay"},"geometry":{"type":"LineString","coordinates":[[103.8489245,1.2897813],[103.8486761,1.28993],[103.8486355,1.2899491],[103.8484971,1.2900188],[103.8484667,1.2900329],[103.8483644,1.2900874]]}},{"type":"Feature","id":"osm-way-474639291","properties":{"kind":"road","name":""},"geometry":{"type":"LineString","coordinates":[[103.8490775,1.2896852],[103.849109,1.2897337],[103.8490453,1.2897788],[103.8490729,1.2898229],[103.8487866,1.2900034],[103.8487673,1.2899676],[103.8487147,1.2899997],[103.8486761,1.28993],[103.8489245,1.2897813],[103.8490775,1.2896852]]}},{"type":"Feature","id":"osm-way-474639294","properties":{"kind":"road","name":""},"geometry":{"type":"LineString","coordinates":[[103.8486671,1.2899134],[103.8486344,1.2898584],[103.8486193,1.2898329],[103.8484325,1.2899393],[103.8484221,1.2899452],[103.8483972,1.2899594],[103.8484086,1.2899755],[103.8484403,1.290022],[103.848458,1.2900243],[103.8484655,1.2900253],[103.8484971,1.2900188],[103.8486355,1.2899491],[103.8486761,1.28993],[103.8486671,1.2899134]]}},{"type":"Feature","id":"osm-way-474750451","properties":{"kind":"road","name":""},"geometry":{"type":"LineString","coordinates":[[103.8499387,1.2950922],[103.849874,1.2949852],[103.8498806,1.2949702],[103.8500705,1.2948647],[103.8504963,1.2946339],[103.8505247,1.2946258],[103.8505579,1.2946263],[103.8505751,1.2946362],[103.850608,1.2946784],[103.8505763,1.2946927],[103.8505531,1.2947028],[103.8505282,1.2947162],[103.8505179,1.2947209],[103.8501183,1.2949378],[103.8499664,1.2950684],[103.8499387,1.2950922]]}},{"type":"Feature","id":"osm-way-474829914","properties":{"kind":"road","name":""},"geometry":{"type":"LineString","coordinates":[[103.8556075,1.2992926],[103.8556359,1.2992718],[103.8556713,1.299247],[103.8557524,1.2993537],[103.8558564,1.2992403],[103.8559303,1.2991598],[103.8559699,1.299211],[103.8560118,1.2992692],[103.8559339,1.2993269],[103.855804,1.2994231],[103.855876,1.2995146],[103.8558492,1.2995353],[103.8557074,1.2996451],[103.8556787,1.2996051],[103.8556485,1.2995643],[103.8556205,1.2995265],[103.8555942,1.2994893],[103.8556238,1.2994567],[103.8556377,1.2994145],[103.8556334,1.299368],[103.8556183,1.2993373],[103.8556334,1.2993276],[103.8556075,1.2992926]]}},{"type":"Feature","id":"osm-way-474829916","properties":{"kind":"road","name":""},"geometry":{"type":"LineString","coordinates":[[103.8554496,1.2996552],[103.8554809,1.2996978],[103.8555064,1.2997325],[103.855516,1.2997456],[103.8554021,1.2998388],[103.8553892,1.2998236],[103.8553589,1.2997884],[103.855327,1.29975],[103.8553924,1.2997031],[103.8554035,1.2996951],[103.8554496,1.2996552]]}},{"type":"Feature","id":"osm-way-474832235","properties":{"kind":"road","name":"North Bridge Road"},"geometry":{"type":"LineString","coordinates":[[103.849535,1.2894305],[103.8495478,1.2893766],[103.8495169,1.2893273],[103.8494992,1.2892963]]}},{"type":"Feature","id":"osm-way-474832236","properties":{"kind":"road","name":"North Bridge Road"},"geometry":{"type":"LineString","coordinates":[[103.8494992,1.2892963],[103.8491834,1.2887889]]}},{"type":"Feature","id":"osm-way-474832237","properties":{"kind":"road","name":"South Bridge Road"},"geometry":{"type":"LineString","coordinates":[[103.8491834,1.2887889],[103.8491024,1.2887479]]}},{"type":"Feature","id":"osm-way-474832238","properties":{"kind":"road","name":"South Bridge Road"},"geometry":{"type":"LineString","coordinates":[[103.8491024,1.2887479],[103.8490061,1.2885773],[103.848904,1.2883671]]}},{"type":"Feature","id":"osm-way-474982557","properties":{"kind":"road","name":""},"geometry":{"type":"LineString","coordinates":[[103.851546,1.2877274],[103.8515608,1.2877879],[103.8517917,1.2880673],[103.8518494,1.2881424],[103.8519339,1.288261],[103.8520264,1.2883912],[103.8521102,1.2885238],[103.8520283,1.2886064],[103.8520116,1.2885815],[103.8519566,1.2885014],[103.8519143,1.2884397],[103.851968,1.2884029],[103.8518886,1.288287],[103.851833,1.2883251],[103.8516949,1.2881239],[103.8517471,1.2880881],[103.8516682,1.2879731],[103.8516182,1.2880074],[103.8515755,1.2879452],[103.8515087,1.287991],[103.8515244,1.2880139],[103.8512332,1.2882138],[103.8512652,1.2882603],[103.8512137,1.2882957],[103.8513087,1.2884341],[103.8513518,1.2884045],[103.8513788,1.2884438],[103.8513983,1.2884304],[103.8514424,1.2884945],[103.8514287,1.2885039],[103.8514664,1.2885589],[103.8514199,1.2885907],[103.8515207,1.2887378],[103.8515615,1.2887099],[103.851593,1.2887558],[103.8515298,1.288794],[103.851404,1.2888724],[103.8513194,1.2889287],[103.8513015,1.288904],[103.8512629,1.2888536],[103.8513004,1.2888249],[103.8512366,1.2887414],[103.851301,1.2886923],[103.8512613,1.2886402],[103.8512784,1.2886271],[103.8511555,1.2884661],[103.8511104,1.2885005],[103.8510209,1.2883833],[103.8509737,1.2884194],[103.8509253,1.288356],[103.8509057,1.2883429],[103.8508987,1.2882921],[103.8509326,1.2882182],[103.8509623,1.2881981],[103.850997,1.2882396],[103.8510533,1.2881967],[103.8509541,1.28806],[103.8509943,1.2880251],[103.8509514,1.2879715],[103.8509112,1.2880036],[103.8508253,1.287891],[103.8507905,1.2879259],[103.8507502,1.2878776],[103.850702,1.2879232],[103.8506189,1.287832],[103.8505878,1.2877976],[103.8508569,1.2874748],[103.8508949,1.2874298],[103.8509104,1.287443],[103.8509943,1.2875622],[103.8508935,1.2876331],[103.8509582,1.2877249],[103.8508908,1.2877723],[103.8509455,1.28785],[103.8510067,1.2878069],[103.8511479,1.2880074],[103.8512721,1.2879201],[103.8511328,1.2877223],[103.8513007,1.2876067],[103.8514002,1.287748],[103.8515074,1.2876725],[103.851546,1.2877274]]}},{"type":"Feature","id":"osm-way-474991675","properties":{"kind":"building","name":"Front Hall"},"geometry":{"type":"Polygon","coordinates":[[[103.8506358,1.2895426],[103.8504209,1.2892291],[103.8503786,1.2892581],[103.8504021,1.2892925],[103.8503247,1.2893455],[103.8501941,1.2891546],[103.8502222,1.2891354],[103.8502053,1.2891106],[103.8502457,1.2890831],[103.8500666,1.2888119],[103.8500864,1.2887972],[103.8500123,1.288695],[103.8501501,1.2885923],[103.8503265,1.2888356],[103.8503564,1.2888788],[103.850395,1.2888522],[103.8504834,1.2889944],[103.8505386,1.2889919],[103.8506859,1.2892053],[103.8506305,1.2892457],[103.8507479,1.289407],[103.8507755,1.2894469],[103.8506358,1.2895426]]]}},{"type":"Feature","id":"osm-way-474991676","properties":{"kind":"building","name":"Hallpike Public Hall"},"geometry":{"type":"Polygon","coordinates":[[[103.8507479,1.289407],[103.8506305,1.2892457],[103.8506859,1.2892053],[103.850705,1.2891914],[103.8507951,1.2891259],[103.850911,1.2892882],[103.850797,1.2893712],[103.8507479,1.289407]]]}},{"type":"Feature","id":"osm-way-474991677","properties":{"kind":"building","name":"Chamber"},"geometry":{"type":"Polygon","coordinates":[[[103.8503265,1.2888356],[103.8501501,1.2885923],[103.8505084,1.2883334],[103.8505454,1.2883846],[103.8506247,1.2883274],[103.8506441,1.2883542],[103.8506716,1.2883343],[103.850743,1.288433],[103.8507146,1.2884535],[103.8507428,1.2884925],[103.8507004,1.2885231],[103.8507233,1.288562],[103.8503265,1.2888356]]]}},{"type":"Feature","id":"osm-way-474991678","properties":{"kind":"building","name":"Parliament Secretariat's Office"},"geometry":{"type":"Polygon","coordinates":[[[103.851135,1.2892021],[103.8509459,1.2893371],[103.850911,1.2892882],[103.8507951,1.2891259],[103.8505505,1.2887836],[103.8507396,1.2886486],[103.851135,1.2892021]]]}},{"type":"Feature","id":"osm-way-474991679","properties":{"kind":"road","name":""},"geometry":{"type":"LineString","coordinates":[[103.8506859,1.2892053],[103.8505386,1.2889919],[103.8504834,1.2889944],[103.850395,1.2888522],[103.8503564,1.2888788],[103.8503265,1.2888356],[103.8507233,1.288562],[103.8507547,1.2886076],[103.8507701,1.2886299],[103.8507396,1.2886486],[103.8505505,1.2887836],[103.8507951,1.2891259],[103.850705,1.2891914],[103.8506859,1.2892053]]}},{"type":"Feature","id":"osm-way-475065205","properties":{"kind":"road","name":""},"geometry":{"type":"LineString","coordinates":[[103.8505751,1.2946362],[103.8506094,1.294611],[103.8507044,1.2945533],[103.85076,1.2945217],[103.8507768,1.2945143]]}},{"type":"Feature","id":"osm-way-475065211","properties":{"kind":"road","name":""},"geometry":{"type":"LineString","coordinates":[[103.8505763,1.2946927],[103.8505531,1.2947028],[103.8505282,1.2947162],[103.8510448,1.2952772],[103.8510629,1.295262],[103.8510757,1.2952512],[103.8505763,1.2946927]]}},{"type":"Feature","id":"osm-way-475065213","properties":{"kind":"road","name":""},"geometry":{"type":"LineString","coordinates":[[103.8510757,1.2952512],[103.851093,1.2952357],[103.851144,1.2952904],[103.8511159,1.2953156],[103.8511819,1.2953893],[103.8512101,1.2953642],[103.8513,1.295433],[103.851387,1.295529],[103.8514729,1.2956211],[103.8517461,1.2959027],[103.8518021,1.2959607],[103.8518331,1.2959924],[103.8518696,1.2960384],[103.8518679,1.2960479],[103.8518605,1.2960535],[103.8518363,1.2960713],[103.8518001,1.2960237],[103.8517658,1.2959867],[103.8517131,1.2959305],[103.8514397,1.2956476],[103.8514189,1.2956248],[103.8513533,1.2955564],[103.8512793,1.2954676],[103.8511601,1.2953877],[103.8511013,1.2953346],[103.8510448,1.2952772],[103.8510629,1.295262],[103.8510757,1.2952512]]}},{"type":"Feature","id":"osm-way-475065214","properties":{"kind":"road","name":""},"geometry":{"type":"LineString","coordinates":[[103.8508291,1.2945709],[103.8507768,1.2945143],[103.850773,1.294494],[103.8507748,1.2944773],[103.8507788,1.294455],[103.8508934,1.2944149],[103.8509051,1.2944339],[103.8512117,1.2942439],[103.8515475,1.2940366],[103.8520112,1.2937494],[103.851999,1.2937298],[103.852031,1.2937077],[103.8520606,1.2936911],[103.8520815,1.2936912],[103.8520894,1.2937038],[103.8521504,1.2937996],[103.8521238,1.293815],[103.8509843,1.2944748],[103.8508291,1.2945709]]}},{"type":"Feature","id":"osm-way-475075257","properties":{"kind":"primaryRoad","name":""},"geometry":{"type":"LineString","coordinates":[[103.8498458,1.298265],[103.8498195,1.2981714],[103.8497895,1.2981021],[103.8497283,1.2979751],[103.8497162,1.2979314],[103.8497117,1.2978971],[103.8497106,1.2978687],[103.8497135,1.2978359],[103.8497208,1.2977928]]}},{"type":"Feature","id":"osm-way-475075259","properties":{"kind":"building","name":"Bencoolen House"},"geometry":{"type":"Polygon","coordinates":[[[103.8497626,1.2988225],[103.8499823,1.2986429],[103.8500643,1.2987387],[103.8498427,1.2989215],[103.8497626,1.2988225]]]}},{"type":"Feature","id":"osm-way-475075260","properties":{"kind":"primaryRoad","name":"Bras Basah Road"},"geometry":{"type":"LineString","coordinates":[[103.8499544,1.2976056],[103.850139,1.2974549],[103.8502759,1.297346],[103.8503328,1.2973008],[103.8506353,1.2970604],[103.8506786,1.297026],[103.8508325,1.2969036],[103.8508556,1.2968853],[103.8510426,1.2967243],[103.8510935,1.2966816]]}},{"type":"Feature","id":"osm-way-475084276","properties":{"kind":"road","name":""},"geometry":{"type":"LineString","coordinates":[[103.8491483,1.2983174],[103.8493313,1.298177],[103.8493133,1.2981577],[103.8494015,1.2980916],[103.8494219,1.2981137],[103.8494875,1.2980639],[103.8494752,1.2980418],[103.8495081,1.2980398],[103.8495386,1.2980458],[103.8495724,1.2980618],[103.8495757,1.2980633],[103.8496015,1.2980881],[103.8495613,1.2981221],[103.8495851,1.2981503],[103.849648,1.2982251],[103.8496411,1.2982313],[103.8495536,1.2981282],[103.8495359,1.2981074],[103.8495284,1.2980969],[103.849521,1.2980886],[103.8495133,1.2980884],[103.8495021,1.2980919],[103.8494971,1.2980958],[103.8495187,1.2981221],[103.8492027,1.2983769],[103.8491696,1.2983438],[103.8491572,1.2983284],[103.8491483,1.2983174]]}},{"type":"Feature","id":"osm-way-475099472","properties":{"kind":"road","name":""},"geometry":{"type":"LineString","coordinates":[[103.8509819,1.2997942],[103.8507247,1.3000038],[103.8506934,1.3000092],[103.8506648,1.3000038],[103.8506379,1.2999761],[103.8509269,1.2997317],[103.8509819,1.2997942]]}},{"type":"Feature","id":"osm-way-475099475","properties":{"kind":"road","name":""},"geometry":{"type":"LineString","coordinates":[[103.8496857,1.2980104],[103.8497549,1.2980731],[103.8497192,1.2979863],[103.849708,1.297956],[103.8496972,1.2979498],[103.8496902,1.2979517],[103.8496748,1.2979644],[103.8496632,1.2979741],[103.8496598,1.2979808],[103.8496598,1.2979863],[103.8496857,1.2980104]]}},{"type":"Feature","id":"osm-way-475099478","properties":{"kind":"road","name":""},"geometry":{"type":"LineString","coordinates":[[103.8497972,1.2980906],[103.8497733,1.2980471],[103.8497627,1.2980209],[103.8497414,1.2979586],[103.849737,1.2979297],[103.8497338,1.2978887],[103.849739,1.2978567],[103.8497589,1.2978235],[103.8497698,1.2978362],[103.8498868,1.2977343],[103.8498758,1.2977217],[103.8499051,1.2976972],[103.849917,1.2977123],[103.8500318,1.2976226],[103.8500199,1.2976075],[103.8500564,1.2975766],[103.8500795,1.2976054],[103.8501034,1.2975754],[103.850265,1.2974546],[103.8502753,1.2974471],[103.8502833,1.2974572],[103.850283,1.2975052],[103.8501393,1.2976228],[103.8501384,1.2976235],[103.850059,1.2976847],[103.8497904,1.2979058],[103.8497747,1.2979229],[103.8498039,1.2979833],[103.8498333,1.298058],[103.8498045,1.298084],[103.8497972,1.2980906]]}},{"type":"Feature","id":"osm-way-475099479","properties":{"kind":"road","name":""},"geometry":{"type":"LineString","coordinates":[[103.8495294,1.2978284],[103.8495489,1.2978144],[103.8495648,1.2978031],[103.8495513,1.2977855],[103.849543,1.2977748],[103.8502023,1.2972667],[103.8502142,1.2972803],[103.8502426,1.2973074],[103.850319,1.2972465],[103.8502926,1.2972143],[103.8502651,1.2971807],[103.8502647,1.2971638],[103.8502466,1.297177],[103.8501755,1.297232],[103.8500591,1.2973222],[103.849486,1.2977667],[103.8495167,1.2978103],[103.8495294,1.2978284]]}},{"type":"Feature","id":"osm-way-475099505","properties":{"kind":"road","name":""},"geometry":{"type":"LineString","coordinates":[[103.8505505,1.2973034],[103.850526,1.2972646],[103.8505188,1.2972532],[103.8506991,1.2971125],[103.8507057,1.2971171],[103.8507252,1.2971342],[103.8505511,1.2972719],[103.8505651,1.2972932],[103.8505505,1.2973034]]}},{"type":"Feature","id":"osm-way-475101304","properties":{"kind":"road","name":""},"geometry":{"type":"LineString","coordinates":[[103.8500591,1.2973222],[103.8501755,1.297232],[103.8502466,1.297177],[103.8502647,1.2971638],[103.8502651,1.2971807],[103.8503415,1.297119],[103.8503866,1.297119],[103.8504759,1.2970568],[103.8503394,1.2968897],[103.8503205,1.2968683],[103.8502016,1.2967336],[103.8501329,1.2967868],[103.8500449,1.2966068],[103.8499688,1.2965547],[103.8499034,1.2965057],[103.8498289,1.2964243],[103.8497889,1.2963716],[103.8497623,1.2963248],[103.8497321,1.2963272],[103.8496351,1.2963191],[103.8496881,1.2963747],[103.8497125,1.2964003],[103.8498851,1.2965652],[103.8499162,1.2966019],[103.8499487,1.2966167],[103.8501124,1.29698],[103.8499063,1.297158],[103.8499386,1.2971868],[103.8500591,1.2973222]]}},{"type":"Feature","id":"osm-way-475101310","properties":{"kind":"road","name":""},"geometry":{"type":"LineString","coordinates":[[103.8502035,1.2964892],[103.8501865,1.2964201],[103.8501636,1.2963748],[103.8501216,1.2963285],[103.8501849,1.29627],[103.850285,1.296394],[103.8503073,1.2963716],[103.8503515,1.2964206],[103.8505327,1.2962964],[103.8507054,1.2963592],[103.8504336,1.296554],[103.8502016,1.2967336],[103.8501329,1.2967868],[103.8500449,1.2966068],[103.8501179,1.2966241],[103.850164,1.2966224],[103.8501988,1.2965909],[103.8502035,1.2964892]]}},{"type":"Feature","id":"osm-way-475101314","properties":{"kind":"road","name":""},"geometry":{"type":"LineString","coordinates":[[103.8494377,1.2967539],[103.8494175,1.296744],[103.849389,1.2967298],[103.8493711,1.2967229],[103.8494693,1.2965527],[103.8496351,1.2963191],[103.8496881,1.2963747],[103.8497125,1.2964003],[103.8495251,1.2965683],[103.8494377,1.2967539]]}},{"type":"Feature","id":"osm-way-475101316","properties":{"kind":"road","name":""},"geometry":{"type":"LineString","coordinates":[[103.8485317,1.2985425],[103.8485189,1.2985461],[103.8485082,1.2985494],[103.8482852,1.2983006],[103.8482451,1.2982449],[103.8482201,1.2981936],[103.8481839,1.2980815],[103.8481778,1.2979925],[103.8481627,1.2979844],[103.8479509,1.2981524],[103.8478683,1.2982301],[103.8477605,1.2983203],[103.8476718,1.2983682],[103.8475972,1.2983924],[103.8475955,1.2983833],[103.8475946,1.2983784],[103.8476644,1.2983539],[103.8477499,1.298307],[103.8478573,1.2982191],[103.8479347,1.2981423],[103.8479292,1.2981354],[103.8481857,1.2979264],[103.8482038,1.2979286],[103.848204,1.2980035],[103.8482243,1.2980015],[103.84823,1.2980669],[103.8482083,1.2980687],[103.8482413,1.2981864],[103.8482625,1.2982379],[103.8483,1.2982897],[103.8485317,1.2985425]]}},{"type":"Feature","id":"osm-way-475183080","properties":{"kind":"park","name":"Temasek Shophouse Garden"},"geometry":{"type":"Polygon","coordinates":[[[103.8469716,1.2990931],[103.846891,1.2988387],[103.8470259,1.298789],[103.8473735,1.2987882],[103.8473497,1.2989149],[103.8473312,1.2990077],[103.8473063,1.2990971],[103.8472772,1.299144],[103.847233,1.2991862],[103.8471636,1.2992183],[103.8466959,1.2993641],[103.8464645,1.2994949],[103.8462332,1.2996994],[103.846158,1.2997732],[103.8461314,1.2997765],[103.8460869,1.2997566],[103.8460642,1.2997107],[103.8459776,1.2994235],[103.8464744,1.2992573],[103.8464442,1.2991691],[103.8465142,1.2991428],[103.8465676,1.2991301],[103.8466014,1.2992188],[103.8469716,1.2990931]]]}},{"type":"Feature","id":"osm-way-475183081","properties":{"kind":"road","name":"Orchard Promenade"},"geometry":{"type":"LineString","coordinates":[[103.8459018,1.299145],[103.8458934,1.2991707],[103.8458413,1.2991875],[103.8457861,1.2992054],[103.8457823,1.2991934],[103.8457748,1.2991683],[103.8458302,1.2991494],[103.8458963,1.2991279],[103.8459018,1.299145]]}},{"type":"Feature","id":"osm-way-475217885","properties":{"kind":"road","name":""},"geometry":{"type":"LineString","coordinates":[[103.8520264,1.2883912],[103.8521003,1.2885082],[103.8521102,1.2885238],[103.8522088,1.2884334],[103.8523121,1.2883249],[103.8523895,1.2882719],[103.8524726,1.288215],[103.8524562,1.2880997],[103.8524548,1.2880901],[103.852496,1.2878646],[103.8525769,1.287738],[103.8526321,1.2876836],[103.8526546,1.2876615],[103.8527915,1.2875208],[103.8527757,1.2874994],[103.8527665,1.2874869],[103.8527121,1.2874129],[103.8527022,1.2873995],[103.8525527,1.2875278],[103.8525149,1.2874828],[103.8524826,1.2875097],[103.8524366,1.2875482],[103.8523556,1.2876377],[103.8522888,1.2877372],[103.8522568,1.2878984],[103.8522433,1.2879866],[103.8522307,1.2880825],[103.852236,1.2882139],[103.8521529,1.2883414],[103.8520745,1.2883886],[103.8520264,1.2883912]]}},{"type":"Feature","id":"osm-way-475217886","properties":{"kind":"road","name":""},"geometry":{"type":"LineString","coordinates":[[103.8524231,1.2880963],[103.8524562,1.2880997],[103.8524925,1.2881028],[103.8527345,1.2880157],[103.8530832,1.2880769],[103.8530807,1.2881853],[103.8530734,1.2884256]]}},{"type":"Feature","id":"osm-way-475217889","properties":{"kind":"road","name":"Connaught Drive"},"geometry":{"type":"LineString","coordinates":[[103.8514513,1.289092],[103.8514573,1.2891414],[103.8514743,1.2891874],[103.8515745,1.2893739]]}},{"type":"Feature","id":"osm-way-475217890","properties":{"kind":"road","name":""},"geometry":{"type":"LineString","coordinates":[[103.8512688,1.2892924],[103.8513238,1.2892581],[103.8513409,1.2892521],[103.8513615,1.2892521],[103.8513855,1.2892692],[103.8514925,1.2894334],[103.8517028,1.2897797],[103.8516783,1.2897936],[103.8516475,1.2898112],[103.8515842,1.2898473],[103.8515426,1.2897763],[103.8515641,1.2897641],[103.8515545,1.2897471],[103.8515638,1.2897296],[103.8514474,1.2895222],[103.851435,1.2895292],[103.8514252,1.2895119],[103.8514018,1.289525],[103.8512899,1.2893252],[103.8512784,1.2893085],[103.8512688,1.2892924]]}},{"type":"Feature","id":"osm-way-475217894","properties":{"kind":"road","name":""},"geometry":{"type":"LineString","coordinates":[[103.8516475,1.2898112],[103.8515842,1.2898473],[103.8516503,1.2899661],[103.8516918,1.2900394],[103.8517868,1.2902071],[103.8517723,1.2902153],[103.8521369,1.2908593],[103.8521522,1.2908507],[103.8522286,1.2909857],[103.8522376,1.2910038],[103.8522576,1.2909922],[103.8522799,1.2909561],[103.8522844,1.2909168],[103.8522724,1.2908729],[103.8522282,1.2907922],[103.852188,1.290719],[103.8520777,1.2905178],[103.85179,1.2899932],[103.8517721,1.2899605],[103.8516783,1.2897936],[103.8516475,1.2898112]]}},{"type":"Feature","id":"osm-way-475416262","properties":{"kind":"road","name":""},"geometry":{"type":"LineString","coordinates":[[103.8518869,1.2936673],[103.8518675,1.2936335],[103.8518464,1.2935986],[103.8518785,1.2935783],[103.8518971,1.2935394],[103.8518963,1.2935158],[103.8518701,1.2934769],[103.8518328,1.2934637],[103.8518417,1.293446],[103.8516619,1.293127],[103.8515497,1.2932],[103.851357,1.293275],[103.8509187,1.2935268],[103.8509024,1.2935385],[103.8508803,1.2935505],[103.8508374,1.2934754],[103.8508815,1.2934502],[103.8509325,1.2934205],[103.8513562,1.2931634],[103.8513145,1.293113],[103.8512867,1.2930423],[103.851295,1.2929842],[103.8513589,1.2929101],[103.8514263,1.2928708],[103.8514896,1.2928401],[103.8515279,1.2928191],[103.8515556,1.292804],[103.851679,1.2930174],[103.8519349,1.293469],[103.8519812,1.2935509],[103.8519693,1.2936139],[103.8520606,1.2936911],[103.852031,1.2937077],[103.851999,1.2937298],[103.8519369,1.2936344],[103.8518869,1.2936673]]}},{"type":"Feature","id":"osm-way-477796389","properties":{"kind":"primaryRoad","name":"Sheares Avenue"},"geometry":{"type":"LineString","coordinates":[[103.8612488,1.2829781],[103.8611089,1.2825397]]}},{"type":"Feature","id":"osm-way-477796390","properties":{"kind":"primaryRoad","name":"Sheares Avenue"},"geometry":{"type":"LineString","coordinates":[[103.8611089,1.2825397],[103.8610113,1.2822281],[103.8609407,1.2820289],[103.8608058,1.2817229]]}},{"type":"Feature","id":"osm-way-477796391","properties":{"kind":"primaryRoad","name":"Sheares Avenue"},"geometry":{"type":"LineString","coordinates":[[103.8610688,1.2830525],[103.8611895,1.2834546],[103.8612694,1.2838251],[103.8613385,1.2843618],[103.8614244,1.2851322]]}},{"type":"Feature","id":"osm-way-477796392","properties":{"kind":"primaryRoad","name":"Sheares Avenue"},"geometry":{"type":"LineString","coordinates":[[103.8609166,1.282575],[103.8610688,1.2830525]]}},{"type":"Feature","id":"osm-way-477797910","properties":{"kind":"road","name":"Marina Gardens Drive"},"geometry":{"type":"LineString","coordinates":[[103.8652309,1.280211],[103.8656472,1.2804164]]}},{"type":"Feature","id":"osm-way-477844779","properties":{"kind":"road","name":"Bonham Street"},"geometry":{"type":"LineString","coordinates":[[103.850192,1.2858658],[103.8502282,1.285847],[103.8503453,1.285786],[103.8504282,1.2857429],[103.8505465,1.2857189],[103.8506811,1.2856968]]}},{"type":"Feature","id":"osm-way-477844780","properties":{"kind":"road","name":"Boat Quay"},"geometry":{"type":"LineString","coordinates":[[103.8497377,1.2864874],[103.8499792,1.2861421],[103.8500076,1.2861015],[103.850131,1.2859438],[103.850192,1.2858658]]}},{"type":"Feature","id":"osm-way-477913750","properties":{"kind":"road","name":"Marina Gardens Drive"},"geometry":{"type":"LineString","coordinates":[[103.8654234,1.2801534],[103.8653452,1.2801104],[103.8651075,1.2799497],[103.8650108,1.2798801],[103.8647733,1.2797053],[103.8646426,1.2795607],[103.8645819,1.2794939],[103.8645005,1.2794076],[103.8643962,1.2792971],[103.8642689,1.2791436],[103.8638177,1.2784505],[103.8632464,1.2775729],[103.8631706,1.2774565],[103.8626054,1.2765884]]}},{"type":"Feature","id":"osm-way-477913753","properties":{"kind":"road","name":"Marina Grove"},"geometry":{"type":"LineString","coordinates":[[103.8654193,1.2787226],[103.8655183,1.278631],[103.8655596,1.2785924],[103.8655934,1.278561],[103.8656603,1.2784988]]}},{"type":"Feature","id":"osm-way-477915674","properties":{"kind":"road","name":"Bayfront Avenue"},"geometry":{"type":"LineString","coordinates":[[103.8560929,1.2773425],[103.856171,1.2774614],[103.8566015,1.2781187]]}},{"type":"Feature","id":"osm-way-477915675","properties":{"kind":"primaryRoad","name":"Central Boulevard"},"geometry":{"type":"LineString","coordinates":[[103.8552176,1.2778815],[103.8549839,1.2780352],[103.8546888,1.2782355],[103.8546002,1.2782889]]}},{"type":"Feature","id":"osm-way-477919593","properties":{"kind":"primaryRoad","name":"Nicoll Highway"},"geometry":{"type":"LineString","coordinates":[[103.8599722,1.2983674],[103.8605131,1.2987866],[103.8615617,1.299543]]}},{"type":"Feature","id":"osm-way-477930084","properties":{"kind":"primaryRoad","name":"Central Boulevard"},"geometry":{"type":"LineString","coordinates":[[103.8524635,1.2796915],[103.8519501,1.2799859]]}},{"type":"Feature","id":"osm-way-477930085","properties":{"kind":"primaryRoad","name":"Cross Street"},"geometry":{"type":"LineString","coordinates":[[103.8503193,1.281207],[103.8502479,1.2812581],[103.8502305,1.2812702],[103.8495242,1.2816724]]}},{"type":"Feature","id":"osm-way-477930086","properties":{"kind":"primaryRoad","name":"Robinson Road"},"geometry":{"type":"LineString","coordinates":[[103.8503193,1.281207],[103.850353,1.2812427],[103.8504915,1.281394],[103.8505867,1.2815174]]}},{"type":"Feature","id":"osm-way-477930087","properties":{"kind":"primaryRoad","name":"Cross Street"},"geometry":{"type":"LineString","coordinates":[[103.8476383,1.2827297],[103.8474285,1.2828502]]}},{"type":"Feature","id":"osm-way-477930088","properties":{"kind":"primaryRoad","name":"Cross Street"},"geometry":{"type":"LineString","coordinates":[[103.8468852,1.2831713],[103.8463853,1.2834658],[103.8461973,1.2835751],[103.8461028,1.2836322]]}},{"type":"Feature","id":"osm-way-477930090","properties":{"kind":"road","name":"South Bridge Road"},"geometry":{"type":"LineString","coordinates":[[103.8454382,1.282474],[103.8452956,1.2822174],[103.8451331,1.281927],[103.8450622,1.2817996]]}},{"type":"Feature","id":"osm-way-477930091","properties":{"kind":"road","name":"South Bridge Road"},"geometry":{"type":"LineString","coordinates":[[103.8450121,1.2817124],[103.8448186,1.2813961],[103.8447511,1.2812936],[103.8447405,1.2812775]]}},{"type":"Feature","id":"osm-way-477933139","properties":{"kind":"road","name":"South Canal Road"},"geometry":{"type":"LineString","coordinates":[[103.8484409,1.2860483],[103.8483394,1.2861077],[103.8477564,1.2864192]]}},{"type":"Feature","id":"osm-way-477933140","properties":{"kind":"primaryRoad","name":"Pickering Street"},"geometry":{"type":"LineString","coordinates":[[103.8478095,1.2850892],[103.8480972,1.2849275],[103.8483593,1.2847802]]}},{"type":"Feature","id":"osm-way-477933141","properties":{"kind":"primaryRoad","name":"Church Street"},"geometry":{"type":"LineString","coordinates":[[103.8500058,1.2832447],[103.8502997,1.2828081],[103.8503457,1.2827658],[103.8504251,1.2826928]]}},{"type":"Feature","id":"osm-way-477933142","properties":{"kind":"primaryRoad","name":"Church Street"},"geometry":{"type":"LineString","coordinates":[[103.8495415,1.2839715],[103.8496864,1.2838003]]}},{"type":"Feature","id":"osm-way-477957447","properties":{"kind":"road","name":"Chulia Street"},"geometry":{"type":"LineString","coordinates":[[103.8501803,1.2851154],[103.8500516,1.2851826]]}},{"type":"Feature","id":"osm-way-477957448","properties":{"kind":"road","name":"Chulia Street"},"geometry":{"type":"LineString","coordinates":[[103.8500516,1.2851826],[103.8498802,1.2852777],[103.8496014,1.2854324]]}},{"type":"Feature","id":"osm-way-477957449","properties":{"kind":"road","name":"South Canal Road"},"geometry":{"type":"LineString","coordinates":[[103.8466883,1.2869779],[103.8465684,1.2870395]]}},{"type":"Feature","id":"osm-way-477957450","properties":{"kind":"road","name":"Merchant Road"},"geometry":{"type":"LineString","coordinates":[[103.8443569,1.2885246],[103.843968,1.2888371],[103.8438789,1.288898],[103.8436199,1.2890748],[103.8431112,1.2894103]]}},{"type":"Feature","id":"osm-way-477957451","properties":{"kind":"road","name":"Merchant Road"},"geometry":{"type":"LineString","coordinates":[[103.8427726,1.2896225],[103.8427459,1.2896397],[103.8427008,1.2896687]]}},{"type":"Feature","id":"osm-way-477957453","properties":{"kind":"primaryRoad","name":"Havelock Road"},"geometry":{"type":"LineString","coordinates":[[103.8425428,1.2879969],[103.8425669,1.2879921],[103.8427363,1.2879584]]}},{"type":"Feature","id":"osm-way-477957454","properties":{"kind":"primaryRoad","name":"Havelock Road"},"geometry":{"type":"LineString","coordinates":[[103.8427363,1.2879584],[103.8428217,1.2879366],[103.8429062,1.2879151],[103.8429853,1.2878843],[103.843043,1.2878615],[103.8431288,1.2878239],[103.8432334,1.2877583]]}},{"type":"Feature","id":"osm-way-477957455","properties":{"kind":"primaryRoad","name":"Havelock Road"},"geometry":{"type":"LineString","coordinates":[[103.8442979,1.287114],[103.844519,1.2869758]]}},{"type":"Feature","id":"osm-way-477957456","properties":{"kind":"primaryRoad","name":"Havelock Road"},"geometry":{"type":"LineString","coordinates":[[103.844519,1.2869758],[103.8448641,1.2867631]]}},{"type":"Feature","id":"osm-way-477957457","properties":{"kind":"primaryRoad","name":"Havelock Road"},"geometry":{"type":"LineString","coordinates":[[103.8449411,1.2867159],[103.8451287,1.2865976],[103.8452109,1.2865509]]}},{"type":"Feature","id":"osm-way-477957458","properties":{"kind":"primaryRoad","name":"Havelock Road"},"geometry":{"type":"LineString","coordinates":[[103.8448641,1.2867631],[103.8449411,1.2867159]]}},{"type":"Feature","id":"osm-way-478347007","properties":{"kind":"road","name":"North Bridge Road"},"geometry":{"type":"LineString","coordinates":[[103.8556017,1.2984781],[103.8555139,1.298361],[103.8554277,1.2982396]]}},{"type":"Feature","id":"osm-way-478347008","properties":{"kind":"road","name":"North Bridge Road"},"geometry":{"type":"LineString","coordinates":[[103.8551856,1.2978911],[103.8551063,1.2977841],[103.8550693,1.2977343]]}},{"type":"Feature","id":"osm-way-478347009","properties":{"kind":"road","name":"North Bridge Road"},"geometry":{"type":"LineString","coordinates":[[103.8550693,1.2977343],[103.8549985,1.2976349]]}},{"type":"Feature","id":"osm-way-478347010","properties":{"kind":"road","name":"North Bridge Road"},"geometry":{"type":"LineString","coordinates":[[103.8549985,1.2976349],[103.854955,1.2975771],[103.8545664,1.297061],[103.8545293,1.2970117]]}},{"type":"Feature","id":"osm-way-478348925","properties":{"kind":"road","name":"North Bridge Road"},"geometry":{"type":"LineString","coordinates":[[103.8543669,1.2967965],[103.8541357,1.2964999],[103.8541193,1.2964783]]}},{"type":"Feature","id":"osm-way-478349698","properties":{"kind":"road","name":"North Bridge Road"},"geometry":{"type":"LineString","coordinates":[[103.8538448,1.2961139],[103.8536796,1.2958947]]}},{"type":"Feature","id":"osm-way-478349699","properties":{"kind":"road","name":"North Bridge Road"},"geometry":{"type":"LineString","coordinates":[[103.8535416,1.2957115],[103.8534764,1.2956251],[103.8531443,1.2951842],[103.8531036,1.2951261]]}},{"type":"Feature","id":"osm-way-478355096","properties":{"kind":"road","name":"North Bridge Road"},"geometry":{"type":"LineString","coordinates":[[103.8522579,1.2938721],[103.8522229,1.2938187],[103.8520677,1.293652],[103.8520622,1.2936443],[103.8520179,1.293583]]}},{"type":"Feature","id":"osm-way-478355846","properties":{"kind":"road","name":"North Bridge Road"},"geometry":{"type":"LineString","coordinates":[[103.8498437,1.2899142],[103.849722,1.2897137],[103.8496694,1.2896272]]}},{"type":"Feature","id":"osm-way-478356515","properties":{"kind":"road","name":"North Bridge Road"},"geometry":{"type":"LineString","coordinates":[[103.8511193,1.292075],[103.8510244,1.2918587]]}},{"type":"Feature","id":"osm-way-478356516","properties":{"kind":"road","name":"North Bridge Road"},"geometry":{"type":"LineString","coordinates":[[103.8509674,1.2917649],[103.8509339,1.2917097],[103.850823,1.2915271],[103.8506567,1.2912531],[103.8506264,1.2912034],[103.8506153,1.291185],[103.8505016,1.2909977]]}},{"type":"Feature","id":"osm-way-478356517","properties":{"kind":"road","name":"North Bridge Road"},"geometry":{"type":"LineString","coordinates":[[103.849535,1.2894305],[103.8494791,1.2894129]]}},{"type":"Feature","id":"osm-way-478357152","properties":{"kind":"road","name":"South Bridge Road"},"geometry":{"type":"LineString","coordinates":[[103.8478076,1.2865089],[103.8477564,1.2864192]]}},{"type":"Feature","id":"osm-way-478357692","properties":{"kind":"road","name":"South Bridge Road"},"geometry":{"type":"LineString","coordinates":[[103.8481665,1.2871674],[103.8480076,1.286875],[103.8478076,1.2865089]]}},{"type":"Feature","id":"osm-way-478357856","properties":{"kind":"road","name":"South Bridge Road"},"geometry":{"type":"LineString","coordinates":[[103.8473776,1.2857971],[103.8472182,1.2855339],[103.8471684,1.2854539]]}},{"type":"Feature","id":"osm-way-478357857","properties":{"kind":"road","name":"South Bridge Road"},"geometry":{"type":"LineString","coordinates":[[103.8469116,1.28503],[103.846642,1.2845729],[103.8466036,1.2845093]]}},{"type":"Feature","id":"osm-way-478357858","properties":{"kind":"road","name":"South Bridge Road"},"geometry":{"type":"LineString","coordinates":[[103.8463759,1.2841313],[103.8461584,1.2837333],[103.8461028,1.2836322]]}},{"type":"Feature","id":"osm-way-478978564","properties":{"kind":"road","name":""},"geometry":{"type":"LineString","coordinates":[[103.8471975,1.2912772],[103.8472569,1.2914091]]}},{"type":"Feature","id":"osm-way-479156286","properties":{"kind":"building","name":"Taj Authentic Indian Cuisine"},"geometry":{"type":"Polygon","coordinates":[[[103.8456918,1.2832625],[103.8456441,1.2831816],[103.8457011,1.2831497],[103.8457295,1.2831338],[103.8457774,1.283214],[103.8456918,1.2832625]]]}},{"type":"Feature","id":"osm-way-479156288","properties":{"kind":"building","name":"The Chamber"},"geometry":{"type":"Polygon","coordinates":[[[103.8481308,1.2839733],[103.8481506,1.2839619],[103.848173,1.283958],[103.8481954,1.283962],[103.8482151,1.2839734],[103.8482297,1.2839908],[103.8482339,1.2840025],[103.8482388,1.2840232],[103.8482374,1.2840393],[103.8482296,1.2840564],[103.848215,1.2840738],[103.8481952,1.2840852],[103.8481778,1.2840896],[103.8481578,1.2840864],[103.8481504,1.2840851],[103.8481307,1.2840737],[103.8481161,1.2840562],[103.8481083,1.2840348],[103.8481083,1.2840121],[103.8481162,1.2839907],[103.8481308,1.2839733]]]}},{"type":"Feature","id":"osm-way-479187682","properties":{"kind":"primaryRoad","name":"Eu Tong Sen Street"},"geometry":{"type":"LineString","coordinates":[[103.8455833,1.2869893],[103.845675,1.2870953]]}},{"type":"Feature","id":"osm-way-479187683","properties":{"kind":"primaryRoad","name":"Eu Tong Sen Street"},"geometry":{"type":"LineString","coordinates":[[103.845675,1.2870953],[103.845862,1.2873202]]}},{"type":"Feature","id":"osm-way-479187684","properties":{"kind":"primaryRoad","name":"New Bridge Road"},"geometry":{"type":"LineString","coordinates":[[103.8456731,1.286801],[103.8456556,1.286781],[103.8455703,1.2866833]]}},{"type":"Feature","id":"osm-way-479187685","properties":{"kind":"primaryRoad","name":"New Bridge Road"},"geometry":{"type":"LineString","coordinates":[[103.8457809,1.2869328],[103.8456731,1.286801]]}},{"type":"Feature","id":"osm-way-479187686","properties":{"kind":"road","name":"Keng Cheow Street"},"geometry":{"type":"LineString","coordinates":[[103.8437537,1.2877564],[103.84363,1.2876192],[103.8435752,1.2875585]]}},{"type":"Feature","id":"osm-way-479189205","properties":{"kind":"road","name":"Solomon Street"},"geometry":{"type":"LineString","coordinates":[[103.8426983,1.2883619],[103.8429091,1.288592],[103.8429197,1.2886214],[103.8429215,1.2886471],[103.8429187,1.2886788]]}},{"type":"Feature","id":"osm-way-479204979","properties":{"kind":"road","name":""},"geometry":{"type":"LineString","coordinates":[[103.8421443,1.2908895],[103.8421455,1.2908779],[103.8421468,1.2908651],[103.8417528,1.2908352],[103.8415976,1.2908442],[103.8411304,1.2909278],[103.8409498,1.2909337],[103.840813,1.2908996],[103.8402767,1.2907069],[103.8401364,1.2906487],[103.8399424,1.2905413],[103.8398498,1.2904473],[103.8397647,1.2903011],[103.8397425,1.290261],[103.839711,1.2902041],[103.8396849,1.2902735],[103.8396537,1.290332],[103.8396859,1.2904813],[103.8398599,1.2906119],[103.8401553,1.2907526],[103.8404616,1.2908264],[103.8406335,1.290945],[103.8407208,1.2909931],[103.8408159,1.2910043],[103.8409725,1.2910222],[103.8411252,1.2910055],[103.84144,1.2909329],[103.8414953,1.2909247],[103.8415319,1.2909193],[103.8416464,1.2909008],[103.8417381,1.2908865],[103.8417635,1.2908867],[103.8418624,1.2908874],[103.8419606,1.2908881],[103.8421443,1.2908895]]}},{"type":"Feature","id":"osm-way-479204985","properties":{"kind":"road","name":"Robertson Quay"},"geometry":{"type":"LineString","coordinates":[[103.8414338,1.290903],[103.8414852,1.2908952],[103.8415134,1.2908909],[103.8415918,1.290879],[103.8416417,1.2908732],[103.8417465,1.2908611],[103.8417642,1.2908615],[103.8419353,1.2908651],[103.8420819,1.290873],[103.8421455,1.2908779],[103.8423824,1.2909852]]}},{"type":"Feature","id":"osm-way-479233715","properties":{"kind":"road","name":"Fullerton Promenade"},"geometry":{"type":"LineString","coordinates":[[103.8541212,1.286848],[103.8541549,1.2867843],[103.8544568,1.2866024],[103.8544601,1.2865097],[103.8544408,1.286419],[103.8541434,1.2855717],[103.8539467,1.2850113]]}},{"type":"Feature","id":"osm-way-479233716","properties":{"kind":"road","name":"Fullerton Promenade"},"geometry":{"type":"LineString","coordinates":[[103.8537438,1.2871163],[103.8538299,1.2870511],[103.8541212,1.286848]]}},{"type":"Feature","id":"osm-way-479284866","properties":{"kind":"primaryRoad","name":"Raffles Avenue"},"geometry":{"type":"LineString","coordinates":[[103.8610813,1.2895478],[103.8609857,1.2895592]]}},{"type":"Feature","id":"osm-way-479284867","properties":{"kind":"road","name":"Bayfront Avenue"},"geometry":{"type":"LineString","coordinates":[[103.8608051,1.2849576],[103.860803,1.2849482],[103.8607807,1.2848685],[103.860715,1.2846556],[103.8606539,1.2844605],[103.8605874,1.2842848],[103.8604935,1.2840732],[103.8604043,1.2839098]]}},{"type":"Feature","id":"osm-way-479291746","properties":{"kind":"road","name":"South Bridge Road"},"geometry":{"type":"LineString","coordinates":[[103.8484256,1.2876297],[103.8481665,1.2871674]]}},{"type":"Feature","id":"osm-way-479291747","properties":{"kind":"road","name":"North Canal Road"},"geometry":{"type":"LineString","coordinates":[[103.8484153,1.2862143],[103.8491452,1.2858398],[103.8495779,1.2856324]]}},{"type":"Feature","id":"osm-way-479304700","properties":{"kind":"primaryRoad","name":"Republic Avenue"},"geometry":{"type":"LineString","coordinates":[[103.8640957,1.2998425],[103.8640374,1.2998174],[103.8637617,1.299691],[103.8634593,1.2994664],[103.8633795,1.2993491],[103.8633223,1.2992534]]}},{"type":"Feature","id":"osm-way-479304703","properties":{"kind":"primaryRoad","name":"Republic Avenue"},"geometry":{"type":"LineString","coordinates":[[103.864669,1.3000892],[103.8643947,1.2999753],[103.8642191,1.2998967],[103.8641692,1.2998749]]}},{"type":"Feature","id":"osm-way-479304704","properties":{"kind":"primaryRoad","name":"Republic Avenue"},"geometry":{"type":"LineString","coordinates":[[103.8631013,1.2988195],[103.8630717,1.2986707],[103.8630241,1.2984448],[103.863002,1.2981881],[103.8629484,1.2979045],[103.862939,1.297832]]}},{"type":"Feature","id":"osm-way-479304705","properties":{"kind":"primaryRoad","name":"Republic Avenue"},"geometry":{"type":"LineString","coordinates":[[103.862939,1.297832],[103.862896,1.2975156],[103.8628828,1.2973881],[103.8628548,1.2972331]]}},{"type":"Feature","id":"osm-way-479304706","properties":{"kind":"primaryRoad","name":"Republic Avenue"},"geometry":{"type":"LineString","coordinates":[[103.8628548,1.2972331],[103.8628456,1.2971766],[103.8628434,1.2971644],[103.8628404,1.297137]]}},{"type":"Feature","id":"osm-way-479304707","properties":{"kind":"primaryRoad","name":"Raffles Avenue"},"geometry":{"type":"LineString","coordinates":[[103.8628918,1.2904885],[103.8627595,1.2901331]]}},{"type":"Feature","id":"osm-way-479304708","properties":{"kind":"primaryRoad","name":"Raffles Avenue"},"geometry":{"type":"LineString","coordinates":[[103.8624329,1.289514],[103.862318,1.2894756],[103.8620456,1.289501]]}},{"type":"Feature","id":"osm-way-479304955","properties":{"kind":"road","name":""},"geometry":{"type":"LineString","coordinates":[[103.8442071,1.288364],[103.8442697,1.2883117]]}},{"type":"Feature","id":"osm-way-479304956","properties":{"kind":"road","name":""},"geometry":{"type":"LineString","coordinates":[[103.8439438,1.2880817],[103.8440069,1.2880289]]}},{"type":"Feature","id":"osm-way-479304957","properties":{"kind":"road","name":""},"geometry":{"type":"LineString","coordinates":[[103.8437976,1.287925],[103.843861,1.2878719]]}},{"type":"Feature","id":"osm-way-479304958","properties":{"kind":"road","name":""},"geometry":{"type":"LineString","coordinates":[[103.8436896,1.2878092],[103.8437537,1.2877564]]}},{"type":"Feature","id":"osm-way-479332223","properties":{"kind":"primaryRoad","name":"Collyer Quay"},"geometry":{"type":"LineString","coordinates":[[103.8526794,1.2837647],[103.8527823,1.2840274]]}},{"type":"Feature","id":"osm-way-479332224","properties":{"kind":"primaryRoad","name":"Fullerton Road"},"geometry":{"type":"LineString","coordinates":[[103.8527823,1.2840274],[103.8528261,1.2841389],[103.852912,1.2843783]]}},{"type":"Feature","id":"osm-way-479332225","properties":{"kind":"primaryRoad","name":"Fullerton Road"},"geometry":{"type":"LineString","coordinates":[[103.853272,1.2851604],[103.8533936,1.2854364],[103.8534574,1.2856009],[103.853472,1.2856384],[103.853531,1.2857906]]}},{"type":"Feature","id":"osm-way-479332226","properties":{"kind":"road","name":"Battery Road"},"geometry":{"type":"LineString","coordinates":[[103.8524646,1.2854169],[103.8524097,1.2854093],[103.8523421,1.2853865],[103.8521796,1.2853029],[103.8520682,1.2852456],[103.8518195,1.2851177],[103.8517818,1.2850983],[103.8515375,1.2849732],[103.8514796,1.284958]]}},{"type":"Feature","id":"osm-way-479332227","properties":{"kind":"primaryRoad","name":"Marina Boulevard"},"geometry":{"type":"LineString","coordinates":[[103.8534449,1.2812433],[103.853587,1.2811517]]}},{"type":"Feature","id":"osm-way-479337907","properties":{"kind":"road","name":"Marina View"},"geometry":{"type":"LineString","coordinates":[[103.853373,1.2812864],[103.8533653,1.2812465],[103.853368,1.2812254],[103.8533675,1.2811973],[103.8533642,1.281173],[103.8533554,1.2811534],[103.8528557,1.280388],[103.8528357,1.2803675],[103.8528114,1.2803496],[103.8527887,1.2803383],[103.8527622,1.2803302],[103.8527395,1.2803275],[103.8527125,1.2803286],[103.8526823,1.2803324],[103.8526443,1.2803462]]}},{"type":"Feature","id":"osm-way-479342613","properties":{"kind":"road","name":"Bayfront Avenue"},"geometry":{"type":"LineString","coordinates":[[103.856826,1.2784668],[103.8570327,1.2787991],[103.8570906,1.2788922]]}},{"type":"Feature","id":"osm-way-479342618","properties":{"kind":"primaryRoad","name":"Collyer Quay"},"geometry":{"type":"LineString","coordinates":[[103.8523114,1.2826027],[103.8522696,1.2825365],[103.8520783,1.2823158],[103.8520183,1.2822383],[103.85198,1.282188]]}},{"type":"Feature","id":"osm-way-479342620","properties":{"kind":"primaryRoad","name":"Collyer Quay"},"geometry":{"type":"LineString","coordinates":[[103.8529296,1.2838754],[103.8529182,1.2838447],[103.8528842,1.2837265]]}},{"type":"Feature","id":"osm-way-479365739","properties":{"kind":"primaryRoad","name":"Marina Boulevard"},"geometry":{"type":"LineString","coordinates":[[103.854166,1.2807783],[103.8543972,1.2806292],[103.8550657,1.2801981]]}},{"type":"Feature","id":"osm-way-479370145","properties":{"kind":"road","name":"Marina View"},"geometry":{"type":"LineString","coordinates":[[103.8522037,1.279301],[103.8523638,1.2795399]]}},{"type":"Feature","id":"osm-way-479372385","properties":{"kind":"primaryRoad","name":"Shenton Way"},"geometry":{"type":"LineString","coordinates":[[103.8495895,1.2783516],[103.8495351,1.2782591]]}},{"type":"Feature","id":"osm-way-479372387","properties":{"kind":"primaryRoad","name":"Shenton Way"},"geometry":{"type":"LineString","coordinates":[[103.8495062,1.2782142],[103.8491009,1.2775194]]}},{"type":"Feature","id":"osm-way-479378259","properties":{"kind":"road","name":"Maxwell Road"},"geometry":{"type":"LineString","coordinates":[[103.8453099,1.2790192],[103.8453243,1.2789373]]}},{"type":"Feature","id":"osm-way-479529431","properties":{"kind":"road","name":"McCallum Street"},"geometry":{"type":"LineString","coordinates":[[103.8488095,1.2788159],[103.8487457,1.2788564],[103.8484485,1.2790452],[103.8484187,1.2790637]]}},{"type":"Feature","id":"osm-way-479529432","properties":{"kind":"primaryRoad","name":"Robinson Road"},"geometry":{"type":"LineString","coordinates":[[103.8493545,1.2796985],[103.8497724,1.2803753],[103.8497996,1.2804169]]}},{"type":"Feature","id":"osm-way-479529434","properties":{"kind":"road","name":"Boon Tat Street"},"geometry":{"type":"LineString","coordinates":[[103.8497996,1.2804169],[103.8498717,1.2803723],[103.8501562,1.2801931]]}},{"type":"Feature","id":"osm-way-479535467","properties":{"kind":"primaryRoad","name":"Robinson Road"},"geometry":{"type":"LineString","coordinates":[[103.8509877,1.2821088],[103.8510427,1.2822089],[103.8511701,1.282406],[103.8512053,1.282457],[103.851221,1.2824797],[103.851264,1.2825266],[103.8513125,1.2825625]]}},{"type":"Feature","id":"osm-way-479540200","properties":{"kind":"primaryRoad","name":"Raffles Boulevard"},"geometry":{"type":"LineString","coordinates":[[103.8585312,1.291612],[103.858703,1.2915475],[103.8587725,1.2915233],[103.8588089,1.2915103],[103.8590169,1.2914743]]}},{"type":"Feature","id":"osm-way-479540202","properties":{"kind":"primaryRoad","name":"Raffles Boulevard"},"geometry":{"type":"LineString","coordinates":[[103.86038,1.2913836],[103.8607617,1.2913384],[103.8608319,1.2913301]]}},{"type":"Feature","id":"osm-way-479540206","properties":{"kind":"primaryRoad","name":""},"geometry":{"type":"LineString","coordinates":[[103.8609258,1.2916996],[103.8609877,1.2915917],[103.8610068,1.2915112],[103.8610348,1.2914376],[103.8610617,1.2913745],[103.8610957,1.2913369]]}},{"type":"Feature","id":"osm-way-479540207","properties":{"kind":"primaryRoad","name":"Raffles Avenue"},"geometry":{"type":"LineString","coordinates":[[103.862723,1.2900202],[103.8626243,1.2897223],[103.8625316,1.2896004],[103.8624329,1.289514]]}},{"type":"Feature","id":"osm-way-479565608","properties":{"kind":"primaryRoad","name":"Raffles Avenue"},"geometry":{"type":"LineString","coordinates":[[103.8588597,1.2896723],[103.8587507,1.289678],[103.8586061,1.2896858]]}},{"type":"Feature","id":"osm-way-479565612","properties":{"kind":"primaryRoad","name":"Raffles Avenue"},"geometry":{"type":"LineString","coordinates":[[103.8561749,1.2903222],[103.8560384,1.2904397],[103.8559972,1.2904752],[103.8558644,1.2905895],[103.8557948,1.2906494]]}},{"type":"Feature","id":"osm-way-479565613","properties":{"kind":"primaryRoad","name":"Raffles Avenue"},"geometry":{"type":"LineString","coordinates":[[103.8554503,1.2909459],[103.8552358,1.2911304],[103.8552168,1.2911468]]}},{"type":"Feature","id":"osm-way-479565614","properties":{"kind":"primaryRoad","name":""},"geometry":{"type":"LineString","coordinates":[[103.8539248,1.2924047],[103.8538899,1.2924949],[103.8538877,1.2925375],[103.8538868,1.2925555],[103.8538928,1.2926331],[103.8538944,1.2926539],[103.853919,1.2927189]]}},{"type":"Feature","id":"osm-way-479565615","properties":{"kind":"primaryRoad","name":"Stamford Road"},"geometry":{"type":"LineString","coordinates":[[103.8539248,1.2924047],[103.8537917,1.2924912],[103.8536185,1.2926038]]}},{"type":"Feature","id":"osm-way-479602347","properties":{"kind":"primaryRoad","name":"Stamford Road"},"geometry":{"type":"LineString","coordinates":[[103.8500682,1.295408],[103.8501005,1.2954538]]}},{"type":"Feature","id":"osm-way-479605910","properties":{"kind":"primaryRoad","name":""},"geometry":{"type":"LineString","coordinates":[[103.8552168,1.2911468],[103.8551281,1.2911607],[103.8550673,1.2911524],[103.8550236,1.2911433],[103.8549722,1.2911145],[103.8549222,1.2910827]]}},{"type":"Feature","id":"osm-way-479605911","properties":{"kind":"primaryRoad","name":"Raffles Avenue"},"geometry":{"type":"LineString","coordinates":[[103.8552168,1.2911468],[103.855059,1.2912783],[103.8550077,1.291324]]}},{"type":"Feature","id":"osm-way-479606959","properties":{"kind":"primaryRoad","name":"River Valley Road"},"geometry":{"type":"LineString","coordinates":[[103.8428785,1.2935828],[103.8431105,1.2934465]]}},{"type":"Feature","id":"osm-way-479615877","properties":{"kind":"primaryRoad","name":"River Valley Road"},"geometry":{"type":"LineString","coordinates":[[103.8476375,1.2903565],[103.8478026,1.2902856],[103.8479606,1.2902491],[103.8481026,1.2902269],[103.8482584,1.2902039]]}},{"type":"Feature","id":"osm-way-479616017","properties":{"kind":"primaryRoad","name":"Hill Street"},"geometry":{"type":"LineString","coordinates":[[103.8485901,1.2906549],[103.848755,1.2909524]]}},{"type":"Feature","id":"osm-way-479616093","properties":{"kind":"road","name":"High Street"},"geometry":{"type":"LineString","coordinates":[[103.8489707,1.2910001],[103.8490411,1.2909429],[103.8492807,1.2907623],[103.8495988,1.2905183],[103.8496276,1.2904962],[103.8499282,1.2902775],[103.850015,1.2901963]]}},{"type":"Feature","id":"osm-way-479616313","properties":{"kind":"road","name":"Parliament Place"},"geometry":{"type":"LineString","coordinates":[[103.8506924,1.289648],[103.85081,1.289554]]}},{"type":"Feature","id":"osm-way-479734990","properties":{"kind":"road","name":"Middle Road"},"geometry":{"type":"LineString","coordinates":[[103.8524355,1.2999134],[103.8524905,1.2998674]]}},{"type":"Feature","id":"osm-way-479734992","properties":{"kind":"road","name":"Queen Street"},"geometry":{"type":"LineString","coordinates":[[103.8537853,1.299911],[103.8538098,1.2999415]]}},{"type":"Feature","id":"osm-way-479734993","properties":{"kind":"road","name":"Middle Road"},"geometry":{"type":"LineString","coordinates":[[103.8532486,1.2992392],[103.8533259,1.2991788],[103.8536726,1.298908]]}},{"type":"Feature","id":"osm-way-479734994","properties":{"kind":"road","name":"Queen Street"},"geometry":{"type":"LineString","coordinates":[[103.8519159,1.2976345],[103.8518677,1.2975988],[103.8518063,1.297528],[103.8517952,1.2975158],[103.8517829,1.2975012],[103.851734,1.2974411]]}},{"type":"Feature","id":"osm-way-479734995","properties":{"kind":"primaryRoad","name":"Bras Basah Road"},"geometry":{"type":"LineString","coordinates":[[103.8510935,1.2966816],[103.8518683,1.2960619],[103.8519011,1.2960284]]}},{"type":"Feature","id":"osm-way-479741636","properties":{"kind":"primaryRoad","name":"Bras Basah Road"},"geometry":{"type":"LineString","coordinates":[[103.8542348,1.294267],[103.8545651,1.2940015],[103.8546543,1.2939345]]}},{"type":"Feature","id":"osm-way-479745478","properties":{"kind":"primaryRoad","name":"Raffles Boulevard"},"geometry":{"type":"LineString","coordinates":[[103.8591706,1.2914593],[103.8592734,1.2914491],[103.8593764,1.2914445]]}},{"type":"Feature","id":"osm-way-479745479","properties":{"kind":"primaryRoad","name":"Raffles Boulevard"},"geometry":{"type":"LineString","coordinates":[[103.8593764,1.2914445],[103.8596063,1.2914304],[103.8597007,1.2914253]]}},{"type":"Feature","id":"osm-way-480223744","properties":{"kind":"road","name":"Waterloo Street"},"geometry":{"type":"LineString","coordinates":[[103.8522895,1.299681],[103.8523162,1.2997428],[103.85234,1.2998005]]}},{"type":"Feature","id":"osm-way-480227403","properties":{"kind":"road","name":""},"geometry":{"type":"LineString","coordinates":[[103.8609142,1.2921903],[103.8608995,1.2921473],[103.860888,1.2921371],[103.8608666,1.2921272],[103.8608255,1.2921193]]}},{"type":"Feature","id":"osm-way-480227409","properties":{"kind":"road","name":"Temasek Avenue"},"geometry":{"type":"LineString","coordinates":[[103.8605353,1.2937729],[103.8604011,1.2938497],[103.8602992,1.2939166],[103.8599557,1.2941219],[103.8598909,1.2941616]]}},{"type":"Feature","id":"osm-way-480227412","properties":{"kind":"road","name":"Temasek Avenue"},"geometry":{"type":"LineString","coordinates":[[103.8607471,1.2934748],[103.8607147,1.2935507],[103.8606977,1.2935916],[103.8606577,1.2936491],[103.8606045,1.2937226]]}},{"type":"Feature","id":"osm-way-480227416","properties":{"kind":"road","name":"Temasek Boulevard"},"geometry":{"type":"LineString","coordinates":[[103.8580944,1.2932475],[103.8579627,1.2930027]]}},{"type":"Feature","id":"osm-way-480227424","properties":{"kind":"road","name":"Temasek Boulevard"},"geometry":{"type":"LineString","coordinates":[[103.8579627,1.2930027],[103.8578884,1.2928772]]}},{"type":"Feature","id":"osm-way-480227429","properties":{"kind":"road","name":"Temasek Boulevard"},"geometry":{"type":"LineString","coordinates":[[103.8577553,1.2926699],[103.8576898,1.2925557],[103.8576693,1.29252],[103.8576395,1.2924174],[103.8576449,1.2922932]]}},{"type":"Feature","id":"osm-way-480227432","properties":{"kind":"road","name":"Temasek Boulevard"},"geometry":{"type":"LineString","coordinates":[[103.8576639,1.2927167],[103.8577737,1.2928992]]}},{"type":"Feature","id":"osm-way-480227433","properties":{"kind":"road","name":"Temasek Boulevard"},"geometry":{"type":"LineString","coordinates":[[103.8585234,1.2941993],[103.8585949,1.2943162],[103.8586093,1.2943574],[103.8586146,1.294403],[103.8586084,1.2944522],[103.8585826,1.2945378]]}},{"type":"Feature","id":"osm-way-480227434","properties":{"kind":"road","name":"Temasek Boulevard"},"geometry":{"type":"LineString","coordinates":[[103.8578884,1.2928772],[103.8578346,1.2927954],[103.8577553,1.2926699]]}},{"type":"Feature","id":"osm-way-480231135","properties":{"kind":"road","name":"Temasek Avenue"},"geometry":{"type":"LineString","coordinates":[[103.8608255,1.2921193],[103.860823,1.2923792]]}},{"type":"Feature","id":"osm-way-480231136","properties":{"kind":"road","name":"Beach Road"},"geometry":{"type":"LineString","coordinates":[[103.8580002,1.298285],[103.8579196,1.2982066],[103.8576535,1.2979478],[103.8575114,1.2978163],[103.8572757,1.2975721]]}},{"type":"Feature","id":"osm-way-480231137","properties":{"kind":"primaryRoad","name":"Rochor Road"},"geometry":{"type":"LineString","coordinates":[[103.8580002,1.298285],[103.8579147,1.2983935]]}},{"type":"Feature","id":"osm-way-480231138","properties":{"kind":"primaryRoad","name":"Rochor Road"},"geometry":{"type":"LineString","coordinates":[[103.8566322,1.2998451],[103.8565738,1.2999062],[103.8559797,1.3005269],[103.8559066,1.3006033]]}},{"type":"Feature","id":"osm-way-480231139","properties":{"kind":"road","name":"North Bridge Road"},"geometry":{"type":"LineString","coordinates":[[103.8561106,1.2991556],[103.8560806,1.2991136],[103.8560617,1.2990881]]}},{"type":"Feature","id":"osm-way-480231140","properties":{"kind":"primaryRoad","name":"Victoria Street"},"geometry":{"type":"LineString","coordinates":[[103.8557707,1.3004587],[103.8556818,1.3003574],[103.8553303,1.2999193],[103.8553088,1.2998924]]}},{"type":"Feature","id":"osm-way-480237016","properties":{"kind":"road","name":"Beach Road"},"geometry":{"type":"LineString","coordinates":[[103.8581714,1.2984564],[103.8580878,1.2983726],[103.8580604,1.2983452],[103.8580002,1.298285]]}},{"type":"Feature","id":"osm-way-480237018","properties":{"kind":"road","name":"Beach Road"},"geometry":{"type":"LineString","coordinates":[[103.8566813,1.2968702],[103.8564852,1.2966114]]}},{"type":"Feature","id":"osm-way-480237019","properties":{"kind":"road","name":"Beach Road"},"geometry":{"type":"LineString","coordinates":[[103.8564852,1.2966114],[103.8564591,1.2965736],[103.8563854,1.296467]]}},{"type":"Feature","id":"osm-way-480237020","properties":{"kind":"road","name":""},"geometry":{"type":"LineString","coordinates":[[103.8564206,1.2961591],[103.8563375,1.2961687],[103.8562822,1.2961696],[103.8562287,1.2961608],[103.8561527,1.2961365]]}},{"type":"Feature","id":"osm-way-480237021","properties":{"kind":"road","name":"Beach Road"},"geometry":{"type":"LineString","coordinates":[[103.8561527,1.2961365],[103.8558979,1.2957413]]}},{"type":"Feature","id":"osm-way-480243155","properties":{"kind":"road","name":"Beach Road"},"geometry":{"type":"LineString","coordinates":[[103.8593614,1.2998229],[103.8594569,1.299907],[103.8596429,1.3000725]]}},{"type":"Feature","id":"osm-way-480243156","properties":{"kind":"primaryRoad","name":"Ophir Road"},"geometry":{"type":"LineString","coordinates":[[103.8593614,1.2998229],[103.8594508,1.2997185]]}},{"type":"Feature","id":"osm-way-480250096","properties":{"kind":"road","name":"Saint Andrew's Road"},"geometry":{"type":"LineString","coordinates":[[103.8525268,1.2910839],[103.8526354,1.2912821]]}},{"type":"Feature","id":"osm-way-480250097","properties":{"kind":"road","name":"Beach Road"},"geometry":{"type":"LineString","coordinates":[[103.8545895,1.2937747],[103.8546039,1.2938078],[103.8546543,1.2939345]]}},{"type":"Feature","id":"osm-way-480250098","properties":{"kind":"road","name":"Beach Road"},"geometry":{"type":"LineString","coordinates":[[103.8555004,1.2954256],[103.8555249,1.2954608],[103.8558539,1.2959338],[103.8558729,1.2959611]]}},{"type":"Feature","id":"osm-way-480250099","properties":{"kind":"road","name":"Beach Road"},"geometry":{"type":"LineString","coordinates":[[103.856983,1.2974463],[103.8571232,1.2975909]]}},{"type":"Feature","id":"osm-way-480250100","properties":{"kind":"road","name":""},"geometry":{"type":"LineString","coordinates":[[103.8563065,1.2967499],[103.8563491,1.2967505],[103.8563605,1.2967527],[103.856416,1.2967634],[103.8564779,1.2967961]]}},{"type":"Feature","id":"osm-way-480252899","properties":{"kind":"road","name":"Beach Road"},"geometry":{"type":"LineString","coordinates":[[103.8573464,1.2978322],[103.8574182,1.2978996]]}},{"type":"Feature","id":"osm-way-480252900","properties":{"kind":"road","name":"Beach Road"},"geometry":{"type":"LineString","coordinates":[[103.8574182,1.2978996],[103.857671,1.2981525],[103.8578316,1.2983113],[103.8579147,1.2983935]]}},{"type":"Feature","id":"osm-way-480256054","properties":{"kind":"primaryRoad","name":"Clemenceau Avenue"},"geometry":{"type":"LineString","coordinates":[[103.8418823,1.2897372],[103.8420635,1.290076]]}},{"type":"Feature","id":"osm-way-480257499","properties":{"kind":"primaryRoad","name":"Clemenceau Avenue"},"geometry":{"type":"LineString","coordinates":[[103.8421178,1.2901846],[103.8422152,1.2903844]]}},{"type":"Feature","id":"osm-way-480430685","properties":{"kind":"road","name":"Beach Road"},"geometry":{"type":"LineString","coordinates":[[103.8597916,1.2999737],[103.8597762,1.2999623],[103.8596893,1.2998997],[103.8595579,1.2998001],[103.8594508,1.2997185]]}},{"type":"Feature","id":"osm-way-480455673","properties":{"kind":"primaryRoad","name":"Clemenceau Avenue"},"geometry":{"type":"LineString","coordinates":[[103.8440073,1.294899],[103.8440363,1.2949332],[103.8440738,1.2949605],[103.8441247,1.2949792]]}},{"type":"Feature","id":"osm-way-480488522","properties":{"kind":"road","name":"Middle Road"},"geometry":{"type":"LineString","coordinates":[[103.8549985,1.2976349],[103.8549099,1.2977067],[103.8544864,1.2980502]]}},{"type":"Feature","id":"osm-way-480488523","properties":{"kind":"road","name":"Middle Road"},"geometry":{"type":"LineString","coordinates":[[103.8544864,1.2980502],[103.85412,1.2983474],[103.8540644,1.2983924]]}},{"type":"Feature","id":"osm-way-480488524","properties":{"kind":"road","name":"Middle Road"},"geometry":{"type":"LineString","coordinates":[[103.8531659,1.2991413],[103.8530857,1.2992048],[103.8527097,1.2995027]]}},{"type":"Feature","id":"osm-way-480488525","properties":{"kind":"road","name":"Queen Street"},"geometry":{"type":"LineString","coordinates":[[103.8528687,1.2987719],[103.8528466,1.2987444]]}},{"type":"Feature","id":"osm-way-480744752","properties":{"kind":"primaryRoad","name":"River Valley Road"},"geometry":{"type":"LineString","coordinates":[[103.8431105,1.2934465],[103.8433233,1.2933131]]}},{"type":"Feature","id":"osm-way-480744753","properties":{"kind":"primaryRoad","name":"River Valley Road"},"geometry":{"type":"LineString","coordinates":[[103.8433233,1.2933131],[103.8436135,1.2931413],[103.8436883,1.2930986]]}},{"type":"Feature","id":"osm-way-480744754","properties":{"kind":"primaryRoad","name":"River Valley Road"},"geometry":{"type":"LineString","coordinates":[[103.8443594,1.292644],[103.8445799,1.2924644]]}},{"type":"Feature","id":"osm-way-480744755","properties":{"kind":"primaryRoad","name":"Clemenceau Avenue"},"geometry":{"type":"LineString","coordinates":[[103.8437991,1.2930385],[103.8437449,1.2929362]]}},{"type":"Feature","id":"osm-way-480746650","properties":{"kind":"primaryRoad","name":"Clemenceau Avenue"},"geometry":{"type":"LineString","coordinates":[[103.8423389,1.2904112],[103.84231,1.2903596]]}},{"type":"Feature","id":"osm-way-480873749","properties":{"kind":"building","name":"The Imperial"},"geometry":{"type":"Polygon","coordinates":[[[103.8421663,1.2943385],[103.8422627,1.2943971],[103.8421981,1.2945035],[103.8421017,1.2944449],[103.8421663,1.2943385]]]}},{"type":"Feature","id":"osm-way-480873750","properties":{"kind":"primaryRoad","name":"Clemenceau Avenue"},"geometry":{"type":"LineString","coordinates":[[103.8440364,1.2934689],[103.8438439,1.2931073],[103.8437991,1.2930385]]}},{"type":"Feature","id":"osm-way-480873751","properties":{"kind":"primaryRoad","name":"River Valley Road"},"geometry":{"type":"LineString","coordinates":[[103.8440505,1.2927149],[103.8438162,1.2928854],[103.8437449,1.2929362]]}},{"type":"Feature","id":"osm-way-480876260","properties":{"kind":"road","name":"Merchant Road"},"geometry":{"type":"LineString","coordinates":[[103.8425781,1.2897509],[103.8424266,1.2898542],[103.8422113,1.2899985],[103.8421928,1.2900072],[103.8421461,1.2900294]]}},{"type":"Feature","id":"osm-way-480876261","properties":{"kind":"primaryRoad","name":"Clemenceau Avenue"},"geometry":{"type":"LineString","coordinates":[[103.8421461,1.2900294],[103.8420649,1.2898466],[103.841767,1.2893013]]}},{"type":"Feature","id":"osm-way-480876262","properties":{"kind":"road","name":"Merchant Road"},"geometry":{"type":"LineString","coordinates":[[103.8421461,1.2900294],[103.8420635,1.290076]]}},{"type":"Feature","id":"osm-way-480890495","properties":{"kind":"primaryRoad","name":"Victoria Street"},"geometry":{"type":"LineString","coordinates":[[103.8540644,1.2983924],[103.854011,1.2983269],[103.853387,1.2975597]]}},{"type":"Feature","id":"osm-way-480890496","properties":{"kind":"road","name":"Middle Road"},"geometry":{"type":"LineString","coordinates":[[103.8540644,1.2983924],[103.8539445,1.2984936]]}},{"type":"Feature","id":"osm-way-480890497","properties":{"kind":"road","name":"Bain Street"},"geometry":{"type":"LineString","coordinates":[[103.853387,1.2975597],[103.8534339,1.2975232],[103.8534731,1.2974976]]}},{"type":"Feature","id":"osm-way-480890498","properties":{"kind":"primaryRoad","name":"Victoria Street"},"geometry":{"type":"LineString","coordinates":[[103.853387,1.2975597],[103.852969,1.2970419],[103.8528406,1.2968793]]}},{"type":"Feature","id":"osm-way-480890499","properties":{"kind":"primaryRoad","name":"Hill Street"},"geometry":{"type":"LineString","coordinates":[[103.8499291,1.2931764],[103.8498462,1.2929921],[103.8497589,1.2927982],[103.8496728,1.2925727],[103.8496373,1.2924796]]}},{"type":"Feature","id":"osm-way-480890500","properties":{"kind":"road","name":"Coleman Street"},"geometry":{"type":"LineString","coordinates":[[103.8496373,1.2924796],[103.8495306,1.2925377]]}},{"type":"Feature","id":"osm-way-480890501","properties":{"kind":"primaryRoad","name":"Hill Street"},"geometry":{"type":"LineString","coordinates":[[103.8496373,1.2924796],[103.8495883,1.2923329],[103.8495756,1.2922771],[103.8494611,1.292003]]}},{"type":"Feature","id":"osm-way-480890502","properties":{"kind":"primaryRoad","name":"New Bridge Road"},"geometry":{"type":"LineString","coordinates":[[103.8465058,1.2877959],[103.8461528,1.2873755]]}},{"type":"Feature","id":"osm-way-480904768","properties":{"kind":"primaryRoad","name":"New Bridge Road"},"geometry":{"type":"LineString","coordinates":[[103.8448139,1.2857773],[103.8447149,1.2856634],[103.8445171,1.285424]]}},{"type":"Feature","id":"osm-way-480904770","properties":{"kind":"primaryRoad","name":"Eu Tong Sen Street"},"geometry":{"type":"LineString","coordinates":[[103.8445207,1.2857434],[103.8446333,1.2858745]]}},{"type":"Feature","id":"osm-way-480904771","properties":{"kind":"primaryRoad","name":"Eu Tong Sen Street"},"geometry":{"type":"LineString","coordinates":[[103.8446333,1.2858745],[103.8446809,1.2859299]]}},{"type":"Feature","id":"osm-way-480904772","properties":{"kind":"primaryRoad","name":"New Bridge Road"},"geometry":{"type":"LineString","coordinates":[[103.8433167,1.2840131],[103.8432633,1.2839475]]}},{"type":"Feature","id":"osm-way-480904773","properties":{"kind":"primaryRoad","name":"New Bridge Road"},"geometry":{"type":"LineString","coordinates":[[103.8432633,1.2839475],[103.8432298,1.2839081],[103.8429491,1.283578]]}},{"type":"Feature","id":"osm-way-480904774","properties":{"kind":"primaryRoad","name":"Eu Tong Sen Street"},"geometry":{"type":"LineString","coordinates":[[103.8431967,1.2841758],[103.8432648,1.2842578],[103.8433782,1.2843945]]}},{"type":"Feature","id":"osm-way-480919513","properties":{"kind":"primaryRoad","name":"Havelock Road"},"geometry":{"type":"LineString","coordinates":[[103.8417699,1.2883365],[103.8420881,1.2881484],[103.8421646,1.2881122],[103.8422638,1.2880747],[103.8423754,1.2880378],[103.8423979,1.2880304],[103.8425428,1.2879969]]}},{"type":"Feature","id":"osm-way-480919514","properties":{"kind":"primaryRoad","name":"Central Expressway"},"geometry":{"type":"LineString","coordinates":[[103.8426458,1.2878016],[103.8427785,1.2877866],[103.8432444,1.2876379]]}},{"type":"Feature","id":"osm-way-480919515","properties":{"kind":"primaryRoad","name":"Central Expressway"},"geometry":{"type":"LineString","coordinates":[[103.8424572,1.2878232],[103.8426458,1.2878016]]}},{"type":"Feature","id":"osm-way-480919516","properties":{"kind":"primaryRoad","name":"Upper Cross Street"},"geometry":{"type":"LineString","coordinates":[[103.8423798,1.287642],[103.8420833,1.2877999],[103.841809,1.2879511],[103.841612,1.2880744],[103.8415343,1.2881538],[103.8414941,1.2882289],[103.8414513,1.2883174],[103.8414262,1.2883988]]}},{"type":"Feature","id":"osm-way-480919517","properties":{"kind":"primaryRoad","name":"Upper Cross Street"},"geometry":{"type":"LineString","coordinates":[[103.8424687,1.2875692],[103.8423875,1.2876357],[103.8423798,1.287642]]}},{"type":"Feature","id":"osm-way-480919518","properties":{"kind":"primaryRoad","name":"Upper Cross Street"},"geometry":{"type":"LineString","coordinates":[[103.8424526,1.2874879],[103.8424219,1.2875144],[103.8423639,1.2875601],[103.8421769,1.2876636]]}},{"type":"Feature","id":"osm-way-480921264","properties":{"kind":"primaryRoad","name":"Upper Pickering Street"},"geometry":{"type":"LineString","coordinates":[[103.8464223,1.2858615],[103.8466688,1.2857254]]}},{"type":"Feature","id":"osm-way-480921265","properties":{"kind":"primaryRoad","name":"Upper Cross Street"},"geometry":{"type":"LineString","coordinates":[[103.8447943,1.2844266],[103.8443438,1.2847076],[103.8441883,1.284799],[103.8441702,1.2848086],[103.8440811,1.2848632],[103.844041,1.2848916]]}},{"type":"Feature","id":"osm-way-480921266","properties":{"kind":"primaryRoad","name":"Upper Cross Street"},"geometry":{"type":"LineString","coordinates":[[103.8433888,1.2853999],[103.8431038,1.2856332]]}},{"type":"Feature","id":"osm-way-480921267","properties":{"kind":"primaryRoad","name":"Upper Cross Street"},"geometry":{"type":"LineString","coordinates":[[103.8429177,1.2857854],[103.8426957,1.285971],[103.842672,1.2859943],[103.8426011,1.2860639],[103.84255,1.2861337]]}},{"type":"Feature","id":"osm-way-480921268","properties":{"kind":"primaryRoad","name":"Upper Cross Street"},"geometry":{"type":"LineString","coordinates":[[103.8423274,1.2867052],[103.8423342,1.286864],[103.8423631,1.2870092],[103.8424116,1.2871255]]}},{"type":"Feature","id":"osm-way-480921269","properties":{"kind":"primaryRoad","name":"Upper Cross Street"},"geometry":{"type":"LineString","coordinates":[[103.8424145,1.2863475],[103.842349,1.2865505],[103.8423274,1.2867052]]}},{"type":"Feature","id":"osm-way-480923439","properties":{"kind":"primaryRoad","name":"New Bridge Road"},"geometry":{"type":"LineString","coordinates":[[103.8475494,1.2890411],[103.8471637,1.288563]]}},{"type":"Feature","id":"osm-way-480923440","properties":{"kind":"primaryRoad","name":"New Bridge Road"},"geometry":{"type":"LineString","coordinates":[[103.8471637,1.288563],[103.8468287,1.2881805]]}},{"type":"Feature","id":"osm-way-480923441","properties":{"kind":"primaryRoad","name":"Eu Tong Sen Street"},"geometry":{"type":"LineString","coordinates":[[103.8469287,1.2885573],[103.8474799,1.2892359]]}},{"type":"Feature","id":"osm-way-480923442","properties":{"kind":"primaryRoad","name":"Eu Tong Sen Street"},"geometry":{"type":"LineString","coordinates":[[103.8474799,1.2892359],[103.8476025,1.2893849]]}},{"type":"Feature","id":"osm-way-480928875","properties":{"kind":"primaryRoad","name":"New Bridge Road"},"geometry":{"type":"LineString","coordinates":[[103.8455703,1.2866833],[103.8455675,1.28668],[103.845559,1.28667],[103.8455456,1.286654],[103.8455278,1.286633],[103.8455067,1.2866081],[103.8454837,1.2865809],[103.84546,1.2865528],[103.8454369,1.2865255],[103.8454159,1.2865006],[103.8453982,1.2864796],[103.8453847,1.2864636],[103.8453763,1.2864537],[103.8453734,1.2864503]]}},{"type":"Feature","id":"osm-way-481040692","properties":{"kind":"road","name":"Smith Street"},"geometry":{"type":"LineString","coordinates":[[103.8432718,1.2828037],[103.8432546,1.2828044],[103.8432476,1.2828088]]}},{"type":"Feature","id":"osm-way-481040693","properties":{"kind":"primaryRoad","name":"Eu Tong Sen Street"},"geometry":{"type":"LineString","coordinates":[[103.8423627,1.283164],[103.8425013,1.2833367]]}},{"type":"Feature","id":"osm-way-481040694","properties":{"kind":"primaryRoad","name":"Eu Tong Sen Street"},"geometry":{"type":"LineString","coordinates":[[103.8425013,1.2833367],[103.8425288,1.2833706]]}},{"type":"Feature","id":"osm-way-481040695","properties":{"kind":"primaryRoad","name":"New Bridge Road"},"geometry":{"type":"LineString","coordinates":[[103.8425474,1.2830949],[103.8423006,1.2828]]}},{"type":"Feature","id":"osm-way-481040696","properties":{"kind":"primaryRoad","name":"New Bridge Road"},"geometry":{"type":"LineString","coordinates":[[103.8426141,1.2831793],[103.8425474,1.2830949]]}},{"type":"Feature","id":"osm-way-481596165","properties":{"kind":"road","name":"Tanjong Pagar Road"},"geometry":{"type":"LineString","coordinates":[[103.8439687,1.2797737],[103.8439482,1.2796392],[103.8439262,1.2794032]]}},{"type":"Feature","id":"osm-way-481596966","properties":{"kind":"road","name":"Tanjong Pagar Road"},"geometry":{"type":"LineString","coordinates":[[103.8436255,1.2779305],[103.8436519,1.2780059],[103.8437686,1.2783394],[103.8438359,1.2785521],[103.8438511,1.2786379],[103.8438582,1.2787303]]}},{"type":"Feature","id":"osm-way-481601368","properties":{"kind":"road","name":"Duxton Road"},"geometry":{"type":"LineString","coordinates":[[103.8433026,1.2794164],[103.843335,1.278973],[103.8433433,1.2788433]]}},{"type":"Feature","id":"osm-way-481601369","properties":{"kind":"road","name":"Duxton Hill"},"geometry":{"type":"LineString","coordinates":[[103.8433026,1.2794164],[103.8432504,1.2794104],[103.8432376,1.2794062],[103.8430396,1.2792853]]}},{"type":"Feature","id":"osm-way-481615562","properties":{"kind":"road","name":"Kadayanallur Street"},"geometry":{"type":"LineString","coordinates":[[103.8447871,1.2797238],[103.8447214,1.2796613]]}},{"type":"Feature","id":"osm-way-481615565","properties":{"kind":"road","name":"Neil Road"},"geometry":{"type":"LineString","coordinates":[[103.8439467,1.2804921],[103.8439116,1.2804659],[103.8438574,1.2804217],[103.8437277,1.2803276],[103.8435629,1.2802352],[103.8434191,1.280147],[103.8431213,1.2799664],[103.842898,1.2798641]]}},{"type":"Feature","id":"osm-way-481632575","properties":{"kind":"road","name":"Peck Seah Street"},"geometry":{"type":"LineString","coordinates":[[103.8453099,1.2790192],[103.8452417,1.2789704]]}},{"type":"Feature","id":"osm-way-481632578","properties":{"kind":"road","name":"Peck Seah Street"},"geometry":{"type":"LineString","coordinates":[[103.8451125,1.2789138],[103.8450962,1.2788522]]}},{"type":"Feature","id":"osm-way-481632580","properties":{"kind":"road","name":"Peck Seah Street"},"geometry":{"type":"LineString","coordinates":[[103.8451125,1.2789138],[103.8451592,1.2790061],[103.8451653,1.2790127],[103.8451824,1.2790447]]}},{"type":"Feature","id":"osm-way-481632583","properties":{"kind":"road","name":"Maxwell Road"},"geometry":{"type":"LineString","coordinates":[[103.8449254,1.2794082],[103.8448668,1.2794813],[103.8448144,1.2795462],[103.8447214,1.2796613]]}},{"type":"Feature","id":"osm-way-481651000","properties":{"kind":"primaryRoad","name":"Bencoolen Street"},"geometry":{"type":"LineString","coordinates":[[103.849124,1.297475],[103.8490736,1.2974127],[103.8489979,1.2973385],[103.8489258,1.2972882]]}},{"type":"Feature","id":"osm-way-481651001","properties":{"kind":"primaryRoad","name":"Orchard Road"},"geometry":{"type":"LineString","coordinates":[[103.8486291,1.2975236],[103.8483977,1.2976929]]}},{"type":"Feature","id":"osm-way-481661171","properties":{"kind":"building","name":"NAFA Campus 1"},"geometry":{"type":"Polygon","coordinates":[[[103.8510011,1.2994356],[103.8508881,1.2992912],[103.8511031,1.2991046],[103.8512241,1.2992497],[103.8510011,1.2994356]]]}},{"type":"Feature","id":"osm-way-481661172","properties":{"kind":"primaryRoad","name":"Clemenceau Avenue"},"geometry":{"type":"LineString","coordinates":[[103.8442031,1.2943112],[103.8442065,1.2942239],[103.8442085,1.2941711]]}},{"type":"Feature","id":"osm-way-481675642","properties":{"kind":"primaryRoad","name":"Orchard Road"},"geometry":{"type":"LineString","coordinates":[[103.8471133,1.2986962],[103.8473037,1.2986888],[103.8473073,1.2986895],[103.8474219,1.298691]]}},{"type":"Feature","id":"osm-way-481678430","properties":{"kind":"primaryRoad","name":"Selegie Road"},"geometry":{"type":"LineString","coordinates":[[103.849582,1.2997767],[103.8496704,1.3000675]]}},{"type":"Feature","id":"osm-way-481993786","properties":{"kind":"road","name":""},"geometry":{"type":"LineString","coordinates":[[103.8526988,1.2987421],[103.8527309,1.2987251],[103.8527423,1.2987088],[103.8527329,1.2986798],[103.8525955,1.298511],[103.8525155,1.2983834],[103.8523795,1.2982064],[103.8523706,1.2981938],[103.8523616,1.2981819],[103.8523255,1.298145],[103.8522759,1.2981244],[103.8522554,1.2981412],[103.8522402,1.2981535],[103.8521369,1.2982411],[103.8523355,1.2984788],[103.8524199,1.2984083],[103.8524808,1.2984812],[103.8526988,1.2987421]]}},{"type":"Feature","id":"osm-way-481993787","properties":{"kind":"road","name":""},"geometry":{"type":"LineString","coordinates":[[103.8526082,1.2983443],[103.8525996,1.2983523],[103.8525932,1.2983582],[103.8525807,1.2983651],[103.8525623,1.2983645],[103.8525447,1.2983478],[103.8525597,1.2983177],[103.8524427,1.2981662],[103.8524287,1.2981665],[103.8524182,1.298176],[103.8524092,1.2981647],[103.8523998,1.2981529],[103.8524094,1.2981456],[103.852414,1.2981333],[103.8523644,1.2980647],[103.8523742,1.2980566],[103.852384,1.2980485],[103.8526082,1.2983443]]}},{"type":"Feature","id":"osm-way-481993792","properties":{"kind":"road","name":""},"geometry":{"type":"LineString","coordinates":[[103.8524182,1.298176],[103.8524019,1.2981895],[103.8523795,1.2982064],[103.8523706,1.2981938],[103.8523616,1.2981819],[103.8523848,1.2981665],[103.8523998,1.2981529],[103.8524092,1.2981647],[103.8524182,1.298176]]}},{"type":"Feature","id":"osm-way-481993797","properties":{"kind":"road","name":""},"geometry":{"type":"LineString","coordinates":[[103.8523579,1.2980149],[103.8523481,1.2980217],[103.8523421,1.2980259],[103.8523303,1.298034],[103.8523201,1.2980407],[103.8523108,1.2980385],[103.8523046,1.2980309],[103.8523068,1.2980221],[103.8523162,1.2980149],[103.8523287,1.2980058],[103.8523339,1.2980021],[103.8523427,1.2979951],[103.8523579,1.2980149]]}},{"type":"Feature","id":"osm-way-481993800","properties":{"kind":"road","name":""},"geometry":{"type":"LineString","coordinates":[[103.8522402,1.2981535],[103.8522554,1.2981412],[103.8522759,1.2981244],[103.8522379,1.2980802],[103.8521934,1.2979852],[103.8521534,1.2979373],[103.8521007,1.2979232],[103.8519965,1.2977943],[103.8519792,1.2977865],[103.8519615,1.2977925],[103.8518877,1.2978578],[103.8518975,1.2978701],[103.8519405,1.2979216],[103.8519322,1.2979292],[103.8519689,1.29797],[103.8520301,1.297918],[103.8522402,1.2981535]]}},{"type":"Feature","id":"osm-way-481993811","properties":{"kind":"road","name":""},"geometry":{"type":"LineString","coordinates":[[103.8523286,1.2979799],[103.8522202,1.2978443],[103.8522095,1.2978518],[103.8521968,1.2978608],[103.8521936,1.2978696],[103.852193,1.2978867],[103.8522836,1.2979964],[103.8522975,1.2979983],[103.8523083,1.2979976],[103.8523188,1.2979884],[103.8523286,1.2979799]]}},{"type":"Feature","id":"osm-way-481993815","properties":{"kind":"road","name":""},"geometry":{"type":"LineString","coordinates":[[103.8519138,1.297765],[103.851926,1.2977563],[103.8519353,1.2977497],[103.8519385,1.297737],[103.8519353,1.2977224],[103.8517925,1.2975598],[103.8517719,1.2975368],[103.85175,1.2975145],[103.8516943,1.2974556],[103.8516246,1.2973667],[103.851612,1.2973773],[103.8515985,1.2973887],[103.8516769,1.2974808],[103.8518324,1.2976669],[103.8519138,1.297765]]}},{"type":"Feature","id":"osm-way-482002020","properties":{"kind":"road","name":""},"geometry":{"type":"LineString","coordinates":[[103.8521184,1.297788],[103.8521221,1.2977972],[103.8521212,1.2978063],[103.8521113,1.2978043],[103.852103,1.2977997],[103.8519866,1.2976572],[103.8519831,1.2976489],[103.8519838,1.2976389],[103.8519958,1.2976431],[103.8520031,1.2976489],[103.8521184,1.297788]]}},{"type":"Feature","id":"osm-way-482002022","properties":{"kind":"road","name":""},"geometry":{"type":"LineString","coordinates":[[103.8521758,1.2978071],[103.8521716,1.2978113],[103.8521517,1.2978313],[103.8521447,1.2978345],[103.8521383,1.2978334],[103.8521356,1.2978264],[103.8521393,1.29782],[103.8521459,1.2978137],[103.8521651,1.2977953],[103.8521758,1.2978071]]}},{"type":"Feature","id":"osm-way-482002042","properties":{"kind":"road","name":""},"geometry":{"type":"LineString","coordinates":[[103.8516667,1.2973012],[103.8514971,1.2970873],[103.8514915,1.2970647],[103.8514951,1.2970511],[103.8514996,1.2970341],[103.8515242,1.2970138],[103.851705,1.2972429],[103.8516799,1.2972661],[103.8516918,1.2972796],[103.8516744,1.2972935],[103.8516667,1.2973012]]}},{"type":"Feature","id":"osm-way-482002044","properties":{"kind":"road","name":""},"geometry":{"type":"LineString","coordinates":[[103.8513498,1.2970394],[103.8513697,1.2970237],[103.851397,1.2970019],[103.8513856,1.2969876],[103.851372,1.2969664],[103.8513415,1.2969898],[103.8513218,1.2970041],[103.8513367,1.2970228],[103.8513498,1.2970394]]}},{"type":"Feature","id":"osm-way-484664356","properties":{"kind":"road","name":"Saint Gregory's Place"},"geometry":{"type":"LineString","coordinates":[[103.8498462,1.2929921],[103.849896,1.2929669],[103.8499926,1.2929181]]}},{"type":"Feature","id":"osm-way-484664358","properties":{"kind":"road","name":"Saint Gregory's Place"},"geometry":{"type":"LineString","coordinates":[[103.8499926,1.2929181],[103.8501135,1.2928497]]}},{"type":"Feature","id":"osm-way-484664359","properties":{"kind":"road","name":"Saint Gregory's Place"},"geometry":{"type":"LineString","coordinates":[[103.8501135,1.2928497],[103.8505005,1.2926389]]}},{"type":"Feature","id":"osm-way-484664360","properties":{"kind":"road","name":"Flag Road"},"geometry":{"type":"LineString","coordinates":[[103.8509006,1.2934935],[103.851384,1.2931934],[103.8516434,1.2930371],[103.851679,1.2930174],[103.8516676,1.2930154]]}},{"type":"Feature","id":"osm-way-484857200","properties":{"kind":"road","name":"Merchant Loop"},"geometry":{"type":"LineString","coordinates":[[103.8435701,1.2896166],[103.8435359,1.2895602],[103.8434907,1.2894935]]}},{"type":"Feature","id":"osm-way-484857204","properties":{"kind":"road","name":"Ord Bridge"},"geometry":{"type":"LineString","coordinates":[[103.8439501,1.2907602],[103.8439553,1.2907744]]}},{"type":"Feature","id":"osm-way-484857207","properties":{"kind":"road","name":"Clarke Quay"},"geometry":{"type":"LineString","coordinates":[[103.8438766,1.2912992],[103.8438235,1.2913052],[103.8436975,1.2912965],[103.8435546,1.2912871],[103.8433756,1.2912583],[103.8432932,1.2912292],[103.8432511,1.2912147],[103.8432287,1.291207],[103.8429513,1.2910835],[103.8429274,1.2910785],[103.8428531,1.291063]]}},{"type":"Feature","id":"osm-way-484857214","properties":{"kind":"primaryRoad","name":"Clemenceau Avenue"},"geometry":{"type":"LineString","coordinates":[[103.8427489,1.2911707],[103.8427032,1.2910831]]}},{"type":"Feature","id":"osm-way-484860573","properties":{"kind":"road","name":""},"geometry":{"type":"LineString","coordinates":[[103.8439978,1.2900076],[103.8440126,1.2903144],[103.8440535,1.2905531],[103.8440475,1.290665],[103.8439501,1.2907602]]}},{"type":"Feature","id":"osm-way-486056090","properties":{"kind":"road","name":"Bugis Street"},"geometry":{"type":"LineString","coordinates":[[103.8554809,1.2996978],[103.8554231,1.29974]]}},{"type":"Feature","id":"osm-way-486523005","properties":{"kind":"primaryRoad","name":""},"geometry":{"type":"LineString","coordinates":[[103.8626903,1.2971346],[103.8628404,1.297137]]}},{"type":"Feature","id":"osm-way-486523006","properties":{"kind":"primaryRoad","name":""},"geometry":{"type":"LineString","coordinates":[[103.8628292,1.2970281],[103.8626858,1.2970349]]}},{"type":"Feature","id":"osm-way-492114727","properties":{"kind":"building","name":"Suntec City"},"geometry":{"type":"Polygon","coordinates":[[[103.8583577,1.2956717],[103.8585352,1.295574],[103.8585789,1.2955499],[103.8586365,1.2955705],[103.8587572,1.2956136],[103.8588155,1.2957198],[103.8589031,1.2958795],[103.8590694,1.2957883],[103.8592014,1.2957159],[103.8592077,1.2957306],[103.8593861,1.2960417],[103.8591233,1.2961939],[103.8590603,1.2960823],[103.85893,1.2961646],[103.8588685,1.2963924],[103.8589536,1.2965551],[103.8584735,1.2964217],[103.8583642,1.2962341],[103.8581136,1.295804],[103.8583577,1.2956717]]]}},{"type":"Feature","id":"osm-way-504562675","properties":{"kind":"road","name":"Ann Siang Road"},"geometry":{"type":"LineString","coordinates":[[103.8457857,1.2805648],[103.8456792,1.2804378]]}},{"type":"Feature","id":"osm-way-504809533","properties":{"kind":"building","name":"GB Building"},"geometry":{"type":"Polygon","coordinates":[[[103.8481806,1.2787684],[103.8482982,1.2789543],[103.8482681,1.2789733],[103.8482884,1.2790054],[103.848198,1.2790625],[103.8481779,1.2790309],[103.8481502,1.2790484],[103.8480327,1.2788626],[103.8480121,1.2788756],[103.8478029,1.2785447],[103.8479897,1.2784266],[103.8481986,1.278757],[103.8481806,1.2787684]]]}},{"type":"Feature","id":"osm-way-508994096","properties":{"kind":"building","name":"Masjid Jamae (Chulia)"},"geometry":{"type":"Polygon","coordinates":[[[103.8452778,1.2831032],[103.8452606,1.2829972],[103.8452833,1.2829834],[103.845349,1.2829745],[103.8453658,1.2830582],[103.8453269,1.2830723],[103.8453303,1.2830891],[103.8453699,1.2830778],[103.8454678,1.2830572],[103.8455521,1.2830394],[103.845567,1.2831229],[103.8456749,1.2831028],[103.8457033,1.2830869],[103.8457165,1.2831106],[103.8457295,1.2831338],[103.8457011,1.2831497],[103.8456441,1.2831816],[103.8455809,1.2831985],[103.8455957,1.2832751],[103.8454933,1.283297],[103.8455024,1.2833294],[103.8453923,1.2833855],[103.8453703,1.2833461],[103.8454212,1.2833098],[103.8451917,1.2833649],[103.8451882,1.28335],[103.8451385,1.2831367],[103.8452778,1.2831032]]]}},{"type":"Feature","id":"osm-way-509046100","properties":{"kind":"road","name":""},"geometry":{"type":"LineString","coordinates":[[103.8532498,1.2869502],[103.8531802,1.2870335]]}},{"type":"Feature","id":"osm-way-515113757","properties":{"kind":"road","name":"Park Street"},"geometry":{"type":"LineString","coordinates":[[103.8500706,1.278089],[103.8500835,1.2780807],[103.8500926,1.2780749],[103.8501294,1.2780514],[103.8508648,1.2775817]]}},{"type":"Feature","id":"osm-way-515113758","properties":{"kind":"road","name":"Commerce Street"},"geometry":{"type":"LineString","coordinates":[[103.852748,1.2785577],[103.8528254,1.2785078],[103.8536287,1.2779823]]}},{"type":"Feature","id":"osm-way-515113759","properties":{"kind":"road","name":"Straits View"},"geometry":{"type":"LineString","coordinates":[[103.852748,1.2785577],[103.8526966,1.2784737],[103.8525322,1.2782163]]}},{"type":"Feature","id":"osm-way-515143395","properties":{"kind":"road","name":""},"geometry":{"type":"LineString","coordinates":[[103.8534439,1.2848166],[103.8534046,1.2847022],[103.8533796,1.2842504],[103.8534285,1.2842472],[103.8534277,1.2841734],[103.8534267,1.2840765]]}},{"type":"Feature","id":"osm-way-528254404","properties":{"kind":"road","name":""},"geometry":{"type":"LineString","coordinates":[[103.865211,1.283719],[103.8652785,1.2836488],[103.8653329,1.283553],[103.8653536,1.2834892],[103.865371,1.2834081]]}},{"type":"Feature","id":"osm-way-528509256","properties":{"kind":"road","name":"Olympic Walk"},"geometry":{"type":"LineString","coordinates":[[103.8533309,1.2834635],[103.8532287,1.2834652],[103.853218,1.2833279],[103.8531764,1.2832883],[103.853165,1.2826886],[103.8530875,1.2824216],[103.8528491,1.2820433],[103.8529263,1.2819948],[103.8534362,1.2816829],[103.8539425,1.2812209],[103.8545745,1.2809398],[103.8552932,1.2805018],[103.8555467,1.2803473],[103.8558807,1.28013],[103.8558922,1.2801475]]}},{"type":"Feature","id":"osm-way-528509257","properties":{"kind":"road","name":""},"geometry":{"type":"LineString","coordinates":[[103.8592609,1.2855259],[103.8591217,1.2855661],[103.8589933,1.2856911],[103.8589166,1.28583],[103.8588607,1.285938],[103.8588294,1.286102],[103.8588358,1.2862327],[103.8588598,1.28633],[103.8589496,1.2864628],[103.8589958,1.2865179],[103.8590633,1.286521],[103.8592728,1.2865943],[103.8594224,1.2866259],[103.859548,1.2866117],[103.8597422,1.2865514],[103.8598838,1.2865032],[103.8601306,1.2865213]]}},{"type":"Feature","id":"osm-way-528509258","properties":{"kind":"road","name":"Olympic Walk"},"geometry":{"type":"LineString","coordinates":[[103.8570913,1.2820318],[103.8571997,1.2821994],[103.857311,1.2823643],[103.8576449,1.2827116],[103.8578031,1.2828961],[103.8579816,1.2831044],[103.8583477,1.2836029],[103.8587404,1.2842965],[103.8588713,1.2845384],[103.8589634,1.2847372],[103.8592059,1.2852685],[103.8592609,1.2855259],[103.8592394,1.2857056],[103.8592971,1.2858316],[103.8595654,1.2860931],[103.8596772,1.2861762],[103.8597839,1.2862392],[103.859859,1.286274]]}},{"type":"Feature","id":"osm-way-528526099","properties":{"kind":"road","name":""},"geometry":{"type":"LineString","coordinates":[[103.865211,1.283719],[103.8651665,1.2834866],[103.8651578,1.2834406],[103.8651451,1.2834047],[103.8651234,1.2833735],[103.8650941,1.2833491],[103.8649873,1.2832739],[103.864957,1.2832525]]}},{"type":"Feature","id":"osm-way-528537303","properties":{"kind":"primaryRoad","name":"Raffles Boulevard"},"geometry":{"type":"LineString","coordinates":[[103.8615148,1.2913404],[103.8616157,1.2913406]]}},{"type":"Feature","id":"osm-way-528539591","properties":{"kind":"primaryRoad","name":"Esplanade Drive"},"geometry":{"type":"LineString","coordinates":[[103.8537625,1.2866054],[103.8537699,1.2866461],[103.8537803,1.2867007]]}},{"type":"Feature","id":"osm-way-528658872","properties":{"kind":"primaryRoad","name":"Marina Boulevard"},"geometry":{"type":"LineString","coordinates":[[103.8550657,1.2801981],[103.8555371,1.2798941],[103.8555963,1.2798559]]}},{"type":"Feature","id":"osm-way-528858350","properties":{"kind":"road","name":""},"geometry":{"type":"LineString","coordinates":[[103.8557611,1.2799344],[103.8556257,1.2800255],[103.8556029,1.2799917],[103.8555934,1.2799776],[103.8555721,1.2799459]]}},{"type":"Feature","id":"osm-way-530421056","properties":{"kind":"road","name":""},"geometry":{"type":"LineString","coordinates":[[103.865405,1.2832661],[103.8653617,1.28326]]}},{"type":"Feature","id":"osm-way-530421063","properties":{"kind":"building","name":"Visitors Centre"},"geometry":{"type":"Polygon","coordinates":[[[103.8653952,1.2825051],[103.8654689,1.2827813],[103.8654455,1.2829094],[103.8653429,1.2828336],[103.8653013,1.2828229],[103.8652933,1.2828014],[103.8654341,1.2819795],[103.8654399,1.2818432],[103.8655375,1.2818593],[103.8655669,1.281864],[103.8655635,1.2818972],[103.8655326,1.2819102],[103.8655141,1.2819259],[103.8654983,1.2819431],[103.8654864,1.2819688],[103.8654887,1.2820036],[103.8655238,1.2820871],[103.8653952,1.2825051]]]}},{"type":"Feature","id":"osm-way-530421064","properties":{"kind":"road","name":""},"geometry":{"type":"LineString","coordinates":[[103.865371,1.2834081],[103.8653901,1.2833243],[103.865405,1.2832661],[103.8654419,1.283111],[103.8655461,1.2826727]]}},{"type":"Feature","id":"osm-way-530421068","properties":{"kind":"building","name":"Visitors Centre"},"geometry":{"type":"Polygon","coordinates":[[[103.865571,1.2816862],[103.8655731,1.2818176],[103.8655395,1.2818182],[103.8654328,1.2818151],[103.8654267,1.2817196],[103.865414,1.2816485],[103.8653958,1.2815379],[103.8653689,1.2814312],[103.8653358,1.2813238],[103.8652938,1.281221],[103.8654531,1.28116],[103.8655037,1.2812853],[103.8655406,1.2814017],[103.8655584,1.2815117],[103.865571,1.2816862]]]}},{"type":"Feature","id":"osm-way-530421075","properties":{"kind":"road","name":""},"geometry":{"type":"LineString","coordinates":[[103.8652913,1.283868],[103.865211,1.283719]]}},{"type":"Feature","id":"osm-way-531336842","properties":{"kind":"road","name":"Bayfront Avenue"},"geometry":{"type":"LineString","coordinates":[[103.859859,1.286274],[103.8599087,1.2863129],[103.8599785,1.2863612],[103.8600583,1.2863733],[103.8601983,1.2863384],[103.860337,1.2862944],[103.8605341,1.2862003]]}},{"type":"Feature","id":"osm-way-532147265","properties":{"kind":"road","name":"Fullerton Promenade"},"geometry":{"type":"LineString","coordinates":[[103.8533324,1.287148],[103.8534483,1.2873471],[103.853557,1.2872578],[103.8537438,1.2871163]]}},{"type":"Feature","id":"osm-way-532341007","properties":{"kind":"primaryRoad","name":""},"geometry":{"type":"LineString","coordinates":[[103.8436488,1.2847203],[103.8436854,1.2847308],[103.8437357,1.2847362],[103.843792,1.2847288],[103.8438436,1.2847047],[103.8438788,1.2846779]]}},{"type":"Feature","id":"osm-way-532345558","properties":{"kind":"primaryRoad","name":""},"geometry":{"type":"LineString","coordinates":[[103.8608867,1.2891846],[103.8608625,1.2892642],[103.8608457,1.2893013],[103.860824,1.2893457],[103.8608067,1.2893659],[103.8607498,1.2894311],[103.860698,1.2894901],[103.8606444,1.2895438],[103.8605926,1.2895801]]}},{"type":"Feature","id":"osm-way-532351088","properties":{"kind":"road","name":"Raffles Link"},"geometry":{"type":"LineString","coordinates":[[103.856107,1.2920508],[103.8561247,1.2921064]]}},{"type":"Feature","id":"osm-way-534674927","properties":{"kind":"primaryRoad","name":"Republic Avenue"},"geometry":{"type":"LineString","coordinates":[[103.8626903,1.2971346],[103.8626923,1.2971631],[103.8626936,1.297174],[103.8627014,1.2972768]]}},{"type":"Feature","id":"osm-way-534674929","properties":{"kind":"primaryRoad","name":"Republic Avenue"},"geometry":{"type":"LineString","coordinates":[[103.8630222,1.2988261],[103.8630785,1.299016],[103.8631455,1.299201],[103.8632628,1.2994162],[103.8633467,1.299561]]}},{"type":"Feature","id":"osm-way-534674930","properties":{"kind":"primaryRoad","name":"Republic Avenue"},"geometry":{"type":"LineString","coordinates":[[103.8627014,1.2972768],[103.8627074,1.2973145],[103.8627428,1.2974623],[103.8628807,1.2980252],[103.8629141,1.298233]]}},{"type":"Feature","id":"osm-way-534684103","properties":{"kind":"road","name":"Cavenagh Bridge"},"geometry":{"type":"LineString","coordinates":[[103.8522113,1.2868151],[103.8524869,1.2863276]]}},{"type":"Feature","id":"osm-way-534985185","properties":{"kind":"road","name":"Merchant Loop"},"geometry":{"type":"LineString","coordinates":[[103.8437799,1.2899456],[103.8437393,1.2899392],[103.8436995,1.2899492],[103.8436668,1.289974],[103.8436463,1.2900095],[103.8436416,1.2900527],[103.8436551,1.290094],[103.8436845,1.2901261],[103.8437244,1.2901432],[103.8437679,1.2901423],[103.8438071,1.2901235],[103.8438351,1.2900902],[103.8438448,1.2900452],[103.8438402,1.2900054],[103.8438165,1.289969],[103.8437799,1.2899456]]}},{"type":"Feature","id":"osm-way-535030441","properties":{"kind":"primaryRoad","name":"New Bridge Road"},"geometry":{"type":"LineString","coordinates":[[103.8453734,1.2864503],[103.8452986,1.2863606]]}},{"type":"Feature","id":"osm-way-535030444","properties":{"kind":"primaryRoad","name":"Eu Tong Sen Street"},"geometry":{"type":"LineString","coordinates":[[103.8451329,1.2864602],[103.8452109,1.2865509]]}},{"type":"Feature","id":"osm-way-535030447","properties":{"kind":"road","name":"Merchant Road"},"geometry":{"type":"LineString","coordinates":[[103.8448875,1.2883216],[103.8449949,1.2882276]]}},{"type":"Feature","id":"osm-way-535030450","properties":{"kind":"primaryRoad","name":"River Valley Road"},"geometry":{"type":"LineString","coordinates":[[103.8473333,1.2905215],[103.8475525,1.2903988],[103.8476375,1.2903565]]}},{"type":"Feature","id":"osm-way-535030453","properties":{"kind":"primaryRoad","name":"River Valley Road"},"geometry":{"type":"LineString","coordinates":[[103.8479494,1.2901535],[103.8478273,1.2901821],[103.8477176,1.2902135]]}},{"type":"Feature","id":"osm-way-535030458","properties":{"kind":"primaryRoad","name":"Eu Tong Sen Street"},"geometry":{"type":"LineString","coordinates":[[103.8479836,1.2898829],[103.8481263,1.2900514]]}},{"type":"Feature","id":"osm-way-535030461","properties":{"kind":"primaryRoad","name":""},"geometry":{"type":"LineString","coordinates":[[103.8479836,1.2898829],[103.847984,1.2900071],[103.8479821,1.2900399]]}},{"type":"Feature","id":"osm-way-535030467","properties":{"kind":"primaryRoad","name":"New Bridge Road"},"geometry":{"type":"LineString","coordinates":[[103.8478777,1.2894749],[103.8478651,1.2894585],[103.8477418,1.2892977],[103.8476781,1.2892162]]}},{"type":"Feature","id":"osm-way-535030470","properties":{"kind":"primaryRoad","name":"New Bridge Road"},"geometry":{"type":"LineString","coordinates":[[103.8460152,1.2872123],[103.8457809,1.2869328]]}},{"type":"Feature","id":"osm-way-535030474","properties":{"kind":"primaryRoad","name":"Eu Tong Sen Street"},"geometry":{"type":"LineString","coordinates":[[103.845862,1.2873202],[103.8459283,1.2873956]]}},{"type":"Feature","id":"osm-way-536908872","properties":{"kind":"primaryRoad","name":"New Bridge Road"},"geometry":{"type":"LineString","coordinates":[[103.8421034,1.2825578],[103.8417113,1.2820654],[103.8416494,1.2820003]]}},{"type":"Feature","id":"osm-way-536908873","properties":{"kind":"primaryRoad","name":"New Bridge Road"},"geometry":{"type":"LineString","coordinates":[[103.844041,1.2848916],[103.8439798,1.2848055],[103.8438788,1.2846779]]}},{"type":"Feature","id":"osm-way-536908874","properties":{"kind":"primaryRoad","name":"Eu Tong Sen Street"},"geometry":{"type":"LineString","coordinates":[[103.8436488,1.2847203],[103.8438155,1.2849286],[103.8438752,1.2850033]]}},{"type":"Feature","id":"osm-way-536908875","properties":{"kind":"primaryRoad","name":"River Valley Road"},"geometry":{"type":"LineString","coordinates":[[103.845432,1.2918442],[103.8457119,1.2916398],[103.846228,1.2912838],[103.846298,1.291238]]}},{"type":"Feature","id":"osm-way-536908876","properties":{"kind":"primaryRoad","name":"River Valley Road"},"geometry":{"type":"LineString","coordinates":[[103.8445171,1.2923736],[103.8443558,1.2924985]]}},{"type":"Feature","id":"osm-way-538223049","properties":{"kind":"primaryRoad","name":"Victoria Street"},"geometry":{"type":"LineString","coordinates":[[103.8541558,1.2985074],[103.8540644,1.2983924]]}},{"type":"Feature","id":"osm-way-538223051","properties":{"kind":"road","name":"Middle Road"},"geometry":{"type":"LineString","coordinates":[[103.8540378,1.2986159],[103.8541558,1.2985074]]}},{"type":"Feature","id":"osm-way-538223053","properties":{"kind":"primaryRoad","name":"Victoria Street"},"geometry":{"type":"LineString","coordinates":[[103.8539445,1.2984936],[103.8540378,1.2986159]]}},{"type":"Feature","id":"osm-way-538223055","properties":{"kind":"primaryRoad","name":"Stamford Road"},"geometry":{"type":"LineString","coordinates":[[103.8506392,1.2944574],[103.850537,1.2945195]]}},{"type":"Feature","id":"osm-way-538223057","properties":{"kind":"primaryRoad","name":"Victoria Street"},"geometry":{"type":"LineString","coordinates":[[103.8534389,1.297859],[103.8536667,1.298145]]}},{"type":"Feature","id":"osm-way-538223060","properties":{"kind":"primaryRoad","name":"Hill Street"},"geometry":{"type":"LineString","coordinates":[[103.8487494,1.2906141],[103.8486578,1.2904743],[103.8484568,1.2902105],[103.8484334,1.2901798]]}},{"type":"Feature","id":"osm-way-538223064","properties":{"kind":"primaryRoad","name":"Eu Tong Sen Street"},"geometry":{"type":"LineString","coordinates":[[103.8459996,1.2874818],[103.8463526,1.2878841]]}},{"type":"Feature","id":"osm-way-538922845","properties":{"kind":"road","name":"Maxwell Road"},"geometry":{"type":"LineString","coordinates":[[103.8441322,1.2803329],[103.8440389,1.2804057]]}},{"type":"Feature","id":"osm-way-538922847","properties":{"kind":"road","name":"Tanjong Pagar Road"},"geometry":{"type":"LineString","coordinates":[[103.8438581,1.2788519],[103.8438503,1.279172],[103.8438469,1.2794109]]}},{"type":"Feature","id":"osm-way-538922848","properties":{"kind":"road","name":"Cook Street"},"geometry":{"type":"LineString","coordinates":[[103.8439235,1.2788438],[103.8438581,1.2788519]]}},{"type":"Feature","id":"osm-way-538922849","properties":{"kind":"road","name":"Tanjong Pagar Road"},"geometry":{"type":"LineString","coordinates":[[103.8439235,1.2788438],[103.8439174,1.2787352],[103.8439014,1.278623],[103.8438868,1.2785674]]}},{"type":"Feature","id":"osm-way-539430881","properties":{"kind":"road","name":"Fort Canning Road"},"geometry":{"type":"LineString","coordinates":[[103.8461876,1.2974583],[103.8460261,1.2974281]]}},{"type":"Feature","id":"osm-way-539767937","properties":{"kind":"building","name":"Plaza Singapura"},"geometry":{"type":"Polygon","coordinates":[[[103.8444459,1.3000773],[103.8444894,1.3000593],[103.8445334,1.3000419],[103.8446257,1.3000054],[103.8448273,1.2999322],[103.8449671,1.2998796],[103.8450325,1.299822],[103.8450986,1.299759],[103.8451087,1.2996894],[103.8450793,1.2996045],[103.8450552,1.2995347],[103.8450644,1.2994562],[103.8451128,1.2994051],[103.8456723,1.2992334],[103.8457401,1.2992495],[103.8457922,1.299303],[103.8458733,1.299571],[103.8459062,1.2996796],[103.8459712,1.2998942],[103.8459579,1.2999523],[103.8459513,1.299981],[103.8459135,1.3000412],[103.8458212,1.3001229],[103.8456146,1.3002587],[103.8454746,1.3003058],[103.8454153,1.3003138],[103.8453363,1.3003115],[103.8452846,1.300269],[103.8452312,1.3001465],[103.8451082,1.3001915],[103.8452623,1.300569],[103.8454237,1.3009643],[103.8454344,1.3009578],[103.8454616,1.3009412],[103.8454748,1.3008996],[103.8454941,1.3008666],[103.845533,1.3008426],[103.8455759,1.3008355],[103.8456198,1.3008468],[103.8456514,1.3008697],[103.8456709,1.300903],[103.8456853,1.300936],[103.8456901,1.3009731],[103.8456865,1.3010108],[103.8456685,1.3010498],[103.8456316,1.3010843],[103.8456315,1.3010991],[103.8453679,1.3014074],[103.8452005,1.3016475],[103.8451044,1.3016813],[103.8444459,1.3000773]]]}},{"type":"Feature","id":"osm-way-541102866","properties":{"kind":"road","name":"Merbau Road"},"geometry":{"type":"LineString","coordinates":[[103.8430451,1.2933822],[103.8430195,1.2933278],[103.8429072,1.2931601]]}},{"type":"Feature","id":"osm-way-541174862","properties":{"kind":"primaryRoad","name":"River Valley Road"},"geometry":{"type":"LineString","coordinates":[[103.8442802,1.2925547],[103.8442746,1.2925899],[103.8442787,1.2926162],[103.8442921,1.2926337],[103.8443184,1.2926465],[103.8443406,1.2926477],[103.8443594,1.292644]]}},{"type":"Feature","id":"osm-way-542143034","properties":{"kind":"road","name":"Rhu Cross"},"geometry":{"type":"LineString","coordinates":[[103.8672645,1.2976061],[103.8672422,1.2976492],[103.8672401,1.2977229],[103.8672115,1.2977778],[103.8671655,1.2978026]]}},{"type":"Feature","id":"osm-way-542186280","properties":{"kind":"road","name":""},"geometry":{"type":"LineString","coordinates":[[103.8531883,1.2838589],[103.8531876,1.2838488],[103.8531822,1.2837693],[103.8532176,1.2836617],[103.8532359,1.2836058],[103.8532287,1.2834652]]}},{"type":"Feature","id":"osm-way-542186281","properties":{"kind":"road","name":""},"geometry":{"type":"LineString","coordinates":[[103.8531961,1.2840463],[103.8531883,1.2838589]]}},{"type":"Feature","id":"osm-way-542186295","properties":{"kind":"road","name":""},"geometry":{"type":"LineString","coordinates":[[103.8534528,1.2837762],[103.8534486,1.2837275]]}},{"type":"Feature","id":"osm-way-542186298","properties":{"kind":"road","name":""},"geometry":{"type":"LineString","coordinates":[[103.8534486,1.2837275],[103.8534348,1.2834581],[103.8533309,1.2834635]]}},{"type":"Feature","id":"osm-way-542186299","properties":{"kind":"road","name":""},"geometry":{"type":"LineString","coordinates":[[103.8538283,1.2837996],[103.8534534,1.2838207],[103.8534528,1.2837762]]}},{"type":"Feature","id":"osm-way-542186300","properties":{"kind":"road","name":""},"geometry":{"type":"LineString","coordinates":[[103.8538208,1.2841442],[103.8538185,1.2840938],[103.8538952,1.2840919],[103.8538916,1.2839976]]}},{"type":"Feature","id":"osm-way-543159892","properties":{"kind":"road","name":"Marina Gardens Drive"},"geometry":{"type":"LineString","coordinates":[[103.866086,1.2805482],[103.8661824,1.2805724],[103.8663149,1.2805894]]}},{"type":"Feature","id":"osm-way-543159893","properties":{"kind":"road","name":"Gardens by the Bay"},"geometry":{"type":"LineString","coordinates":[[103.8660268,1.2803891],[103.8659958,1.280525]]}},{"type":"Feature","id":"osm-way-543159894","properties":{"kind":"road","name":"Gardens by the Bay"},"geometry":{"type":"LineString","coordinates":[[103.866086,1.2805482],[103.8661115,1.2804131]]}},{"type":"Feature","id":"osm-way-545312505","properties":{"kind":"road","name":"Canning Rise"},"geometry":{"type":"LineString","coordinates":[[103.8486294,1.2933474],[103.8486023,1.2933966],[103.848518,1.2935473]]}},{"type":"Feature","id":"osm-way-545312506","properties":{"kind":"road","name":"Canning Rise"},"geometry":{"type":"LineString","coordinates":[[103.8488165,1.2930278],[103.8487956,1.2930562],[103.8487378,1.2931536]]}},{"type":"Feature","id":"osm-way-545349133","properties":{"kind":"park","name":""},"geometry":{"type":"Polygon","coordinates":[[[103.8551774,1.2904442],[103.8552095,1.290524],[103.8552488,1.2905865],[103.855313,1.2906494],[103.855387,1.2906811],[103.8554867,1.2906959],[103.8555728,1.2906781],[103.8556548,1.2906308],[103.855716,1.2905738],[103.8557536,1.2905219],[103.8558187,1.2903479],[103.8559657,1.2903867],[103.8555699,1.2907055],[103.8555039,1.2907619],[103.8554177,1.2908066],[103.8553613,1.2908289],[103.8552889,1.2908236],[103.8552277,1.2907991],[103.8551792,1.2907608],[103.8551505,1.2907087],[103.8551329,1.290639],[103.8551266,1.2905725],[103.8551313,1.2905092],[103.8551441,1.2904772],[103.8551774,1.2904442]]]}},{"type":"Feature","id":"osm-way-545362402","properties":{"kind":"primaryRoad","name":"Raffles Boulevard"},"geometry":{"type":"LineString","coordinates":[[103.8578896,1.291982],[103.8580435,1.2918934],[103.8580705,1.2918776],[103.8582423,1.291779]]}},{"type":"Feature","id":"osm-way-545362403","properties":{"kind":"primaryRoad","name":"Raffles Boulevard"},"geometry":{"type":"LineString","coordinates":[[103.8582423,1.291779],[103.8582593,1.2917694]]}},{"type":"Feature","id":"osm-way-545363599","properties":{"kind":"primaryRoad","name":""},"geometry":{"type":"LineString","coordinates":[[103.8479821,1.2900399],[103.8479792,1.2900662],[103.8479494,1.2901535]]}},{"type":"Feature","id":"osm-way-546680235","properties":{"kind":"road","name":"Marina Grove"},"geometry":{"type":"LineString","coordinates":[[103.8667183,1.2778284],[103.8665809,1.2778825],[103.8664362,1.2779437],[103.8663445,1.2779782],[103.8661792,1.2780253],[103.8660375,1.2780858],[103.8659721,1.278125],[103.8658667,1.2781934],[103.8657251,1.2783245],[103.8656477,1.2783996],[103.8656135,1.278437],[103.8655475,1.2784924]]}},{"type":"Feature","id":"osm-way-546688860","properties":{"kind":"road","name":"Marina View Link"},"geometry":{"type":"LineString","coordinates":[[103.8525814,1.2803904],[103.8525309,1.2804259],[103.8522576,1.2806179],[103.8522386,1.2806383]]}},{"type":"Feature","id":"osm-way-546887961","properties":{"kind":"road","name":"Lewin Terrace"},"geometry":{"type":"LineString","coordinates":[[103.8478393,1.2935109],[103.8476403,1.2936281],[103.8474215,1.29376]]}},{"type":"Feature","id":"osm-way-560229136","properties":{"kind":"building","name":"UIC Building , Shenton Way"},"geometry":{"type":"Polygon","coordinates":[[[103.8496313,1.2780865],[103.8493088,1.2775511],[103.8495323,1.2774165],[103.8497058,1.2777045],[103.8498393,1.2779261],[103.8498289,1.2779675],[103.8496313,1.2780865]]]}},{"type":"Feature","id":"osm-way-560240322","properties":{"kind":"building","name":"Duo Galleria"},"geometry":{"type":"Polygon","coordinates":[[[103.8574129,1.29962],[103.8572728,1.2997614],[103.8572567,1.2997949],[103.8572527,1.2998191],[103.8572594,1.2998492],[103.8570341,1.3000587],[103.8569982,1.3000547],[103.856786,1.2998165],[103.8568214,1.2997744],[103.8568765,1.2997882],[103.8569194,1.2997809],[103.8569885,1.299752],[103.8570421,1.2997004],[103.857132,1.2996093],[103.8571494,1.2995389],[103.8571326,1.2994363],[103.8572574,1.2993116],[103.8573586,1.2993948],[103.8574211,1.2993199],[103.8576293,1.2991067],[103.8578119,1.2989007],[103.8578682,1.2988973],[103.8579468,1.2988704],[103.8579997,1.2988377],[103.8580456,1.2987939],[103.8582468,1.2989602],[103.8582447,1.2990157],[103.8582466,1.2990682],[103.8582466,1.2991215],[103.8582596,1.2991914],[103.8582993,1.2992359],[103.8583611,1.2992982],[103.858459,1.2993679],[103.8586637,1.2995023],[103.8587029,1.2995333],[103.858745,1.2995413],[103.8587954,1.2995457],[103.8588284,1.2995306],[103.8589235,1.2996506],[103.8588364,1.2996984],[103.8587794,1.2997541],[103.8587441,1.2998341],[103.8587406,1.2999304],[103.8587457,1.3000174],[103.8587863,1.3000759],[103.8586788,1.3001911],[103.8586258,1.3001863],[103.8585678,1.3001891],[103.8585251,1.3002112],[103.8584831,1.3002555],[103.8584429,1.3002823],[103.8584107,1.3003373],[103.8584032,1.3003981],[103.8579226,1.3007998],[103.8578944,1.3008434],[103.8578937,1.3008789],[103.8577945,1.3009413],[103.8576691,1.3007884],[103.8576798,1.300716],[103.8577019,1.3006859],[103.8577294,1.3006698],[103.8577563,1.3006778],[103.8577536,1.3006463],[103.858005,1.3003782],[103.8580325,1.300407],[103.8582505,1.3001965],[103.8583034,1.3002582],[103.8583902,1.3001681],[103.8583754,1.3001542],[103.8585388,1.2999753],[103.8585661,1.299917],[103.8585757,1.2998452],[103.8585733,1.2997721],[103.8585614,1.2997109],[103.8585552,1.2996758],[103.8585274,1.2996245],[103.8584536,1.2995395],[103.8583624,1.2994698],[103.858282,1.2994162],[103.8582228,1.299388],[103.8581633,1.2993679],[103.858102,1.2993474],[103.8580166,1.2993149],[103.8579266,1.2992868],[103.8578206,1.2992841],[103.8577261,1.2993109],[103.8576805,1.2993431],[103.8576161,1.2994028],[103.8574129,1.29962]]]}},{"type":"Feature","id":"osm-way-560240330","properties":{"kind":"building","name":"Duo Tower"},"geometry":{"type":"Polygon","coordinates":[[[103.8576293,1.2991067],[103.8578119,1.2989007],[103.8578682,1.2988973],[103.8579468,1.2988704],[103.8579997,1.2988377],[103.8580456,1.2987939],[103.8582468,1.2989602],[103.8582447,1.2990157],[103.8582466,1.2990682],[103.8582466,1.2991215],[103.8582596,1.2991914],[103.8582993,1.2992359],[103.8582228,1.299388],[103.8581633,1.2993679],[103.858102,1.2993474],[103.8580166,1.2993149],[103.8579266,1.2992868],[103.8578206,1.2992841],[103.8577261,1.2993109],[103.8576805,1.2993431],[103.8576161,1.2994028],[103.8574129,1.29962],[103.8572654,1.2994899],[103.8573586,1.2993948],[103.8574211,1.2993199],[103.8576293,1.2991067]]]}},{"type":"Feature","id":"osm-way-560274700","properties":{"kind":"building","name":"Parkview Square"},"geometry":{"type":"Polygon","coordinates":[[[103.8576055,1.2997776],[103.8576607,1.2998352],[103.8577051,1.2998816],[103.8577334,1.2998822],[103.8577508,1.2998873],[103.8577683,1.2998924],[103.8577969,1.2999139],[103.8578195,1.2999366],[103.8578334,1.2999624],[103.8578447,1.2999986],[103.8578473,1.3000208],[103.8578485,1.3000311],[103.8579116,1.300097],[103.857986,1.3001746],[103.8578127,1.3003406],[103.8575684,1.3005747],[103.8576215,1.3006304],[103.8575943,1.300648],[103.857566,1.3006565],[103.8575405,1.300657],[103.8575133,1.3006486],[103.8571594,1.3002529],[103.8571463,1.3002212],[103.8571464,1.3001826],[103.8571647,1.3001454],[103.8571947,1.3001774],[103.8574322,1.2999436],[103.8576055,1.2997776]]]}},{"type":"Feature","id":"osm-way-576465061","properties":{"kind":"road","name":"Middle Road"},"geometry":{"type":"LineString","coordinates":[[103.8573402,1.2956223],[103.857493,1.2955215]]}},{"type":"Feature","id":"osm-way-576465062","properties":{"kind":"road","name":"Middle Road"},"geometry":{"type":"LineString","coordinates":[[103.8574446,1.2954443],[103.8572918,1.2955465]]}},{"type":"Feature","id":"osm-way-576467844","properties":{"kind":"road","name":"Sheares Link"},"geometry":{"type":"LineString","coordinates":[[103.8608058,1.2817229],[103.8607128,1.2816611],[103.8606792,1.281641],[103.860649,1.2816243],[103.8606121,1.2816129],[103.8605786,1.2816115],[103.8605538,1.2816142],[103.8605368,1.2816189]]}},{"type":"Feature","id":"osm-way-576783718","properties":{"kind":"road","name":"Merchant Road"},"geometry":{"type":"LineString","coordinates":[[103.8421178,1.2901846],[103.8421957,1.2901454]]}},{"type":"Feature","id":"osm-way-581766308","properties":{"kind":"primaryRoad","name":"Esplanade Drive"},"geometry":{"type":"LineString","coordinates":[[103.8550077,1.291324],[103.8549222,1.2910827]]}},{"type":"Feature","id":"osm-way-581942152","properties":{"kind":"primaryRoad","name":"Raffles Avenue"},"geometry":{"type":"LineString","coordinates":[[103.8605926,1.2895801],[103.8603161,1.2895948],[103.8599725,1.289613]]}},{"type":"Feature","id":"osm-way-583453841","properties":{"kind":"primaryRoad","name":"Clemenceau Avenue"},"geometry":{"type":"LineString","coordinates":[[103.8421957,1.2901454],[103.8421461,1.2900294]]}},{"type":"Feature","id":"osm-way-583453842","properties":{"kind":"primaryRoad","name":"Clemenceau Avenue"},"geometry":{"type":"LineString","coordinates":[[103.8420635,1.290076],[103.8421178,1.2901846]]}},{"type":"Feature","id":"osm-way-584419618","properties":{"kind":"road","name":"Beach Road"},"geometry":{"type":"LineString","coordinates":[[103.8536185,1.2926038],[103.8537348,1.2926339],[103.8537798,1.2926455],[103.8538524,1.2926643]]}},{"type":"Feature","id":"osm-way-584419619","properties":{"kind":"primaryRoad","name":"Raffles Boulevard"},"geometry":{"type":"LineString","coordinates":[[103.8609332,1.2913321],[103.8609809,1.2913335],[103.8610957,1.2913369]]}},{"type":"Feature","id":"osm-way-584419620","properties":{"kind":"road","name":"Temasek Avenue"},"geometry":{"type":"LineString","coordinates":[[103.8609258,1.2916996],[103.8609316,1.2914111],[103.8609332,1.2913321]]}},{"type":"Feature","id":"osm-way-584419621","properties":{"kind":"road","name":"Temasek Avenue"},"geometry":{"type":"LineString","coordinates":[[103.8609142,1.2921903],[103.8609193,1.2920199]]}},{"type":"Feature","id":"osm-way-584419622","properties":{"kind":"road","name":"Temasek Avenue"},"geometry":{"type":"LineString","coordinates":[[103.8608319,1.2913301],[103.8608314,1.2914163],[103.8608296,1.2917228]]}},{"type":"Feature","id":"osm-way-584492442","properties":{"kind":"road","name":"Middle Road"},"geometry":{"type":"LineString","coordinates":[[103.8564206,1.2961591],[103.8563554,1.2962307],[103.8563207,1.2962848],[103.8562969,1.2963356]]}},{"type":"Feature","id":"osm-way-584492443","properties":{"kind":"road","name":"Beach Road"},"geometry":{"type":"LineString","coordinates":[[103.8563433,1.2966357],[103.8563815,1.2966787],[103.8564048,1.296715],[103.8564779,1.2967961]]}},{"type":"Feature","id":"osm-way-584492444","properties":{"kind":"road","name":"Middle Road"},"geometry":{"type":"LineString","coordinates":[[103.8563065,1.2967499],[103.8563149,1.2967149],[103.8563239,1.2966967],[103.8563433,1.2966357]]}},{"type":"Feature","id":"osm-way-584496503","properties":{"kind":"primaryRoad","name":"Nicoll Highway"},"geometry":{"type":"LineString","coordinates":[[103.857493,1.2955215],[103.8574446,1.2954443]]}},{"type":"Feature","id":"osm-way-584496504","properties":{"kind":"primaryRoad","name":"Nicoll Highway"},"geometry":{"type":"LineString","coordinates":[[103.8573402,1.2956223],[103.8574563,1.2957821],[103.8575544,1.295901],[103.8576815,1.2960535]]}},{"type":"Feature","id":"osm-way-584496505","properties":{"kind":"primaryRoad","name":"Nicoll Highway"},"geometry":{"type":"LineString","coordinates":[[103.8572918,1.2955465],[103.8573402,1.2956223]]}},{"type":"Feature","id":"osm-way-586067614","properties":{"kind":"road","name":"China Street"},"geometry":{"type":"LineString","coordinates":[[103.8474285,1.2828502],[103.8474171,1.2829067],[103.8474113,1.2829493],[103.8474079,1.282968],[103.8474036,1.2829925]]}},{"type":"Feature","id":"osm-way-586067615","properties":{"kind":"road","name":"China Street"},"geometry":{"type":"LineString","coordinates":[[103.8476425,1.2833709],[103.8475589,1.2832322]]}},{"type":"Feature","id":"osm-way-587054605","properties":{"kind":"primaryRoad","name":"Clemenceau Avenue"},"geometry":{"type":"LineString","coordinates":[[103.8436883,1.2930986],[103.8437344,1.2931803],[103.8439091,1.293528]]}},{"type":"Feature","id":"osm-way-587055268","properties":{"kind":"primaryRoad","name":"River Valley Road"},"geometry":{"type":"LineString","coordinates":[[103.8481858,1.2901144],[103.8480604,1.290134],[103.8480053,1.2901436],[103.8479494,1.2901535]]}},{"type":"Feature","id":"osm-way-587055769","properties":{"kind":"primaryRoad","name":"Upper Pickering Street"},"geometry":{"type":"LineString","coordinates":[[103.8453734,1.2864503],[103.8454765,1.2863929],[103.8456171,1.2863146]]}},{"type":"Feature","id":"osm-way-592190935","properties":{"kind":"road","name":"Marina Way"},"geometry":{"type":"LineString","coordinates":[[103.8541666,1.2776305],[103.8545191,1.2781618],[103.8546002,1.2782889]]}},{"type":"Feature","id":"osm-way-602071825","properties":{"kind":"building","name":"The Rise @ Oxley"},"geometry":{"type":"Polygon","coordinates":[[[103.8433009,1.2977433],[103.8432593,1.2977412],[103.8432257,1.2977225],[103.8429665,1.2975815],[103.8431482,1.2972466],[103.8431922,1.2971655],[103.8432294,1.2970969],[103.8432958,1.2969747],[103.8433477,1.2969771],[103.8433009,1.2977433]]]}},{"type":"Feature","id":"osm-way-602320158","properties":{"kind":"building","name":"Chinatown Visitor Centre"},"geometry":{"type":"Polygon","coordinates":[[[103.8439272,1.2818071],[103.8437222,1.281924],[103.8436803,1.2818504],[103.8438853,1.2817335],[103.8439272,1.2818071]]]}},{"type":"Feature","id":"osm-way-611285861","properties":{"kind":"building","name":"Shenton House"},"geometry":{"type":"Polygon","coordinates":[[[103.850157,1.2789874],[103.8497618,1.2783211],[103.8500235,1.278162],[103.8504294,1.2788203],[103.850157,1.2789874]]]}},{"type":"Feature","id":"osm-way-612174812","properties":{"kind":"building","name":"Grand Park City Hall"},"geometry":{"type":"Polygon","coordinates":[[[103.8497717,1.2925108],[103.8504003,1.2921701],[103.8505936,1.2925264],[103.8506194,1.2925741],[103.8506437,1.2926189],[103.8507267,1.2927719],[103.8502506,1.2930299],[103.8502355,1.293002],[103.8500829,1.2930847],[103.8500151,1.2929596],[103.8499926,1.2929181],[103.8499649,1.2928672],[103.8497717,1.2925108]]]}},{"type":"Feature","id":"osm-way-614162714","properties":{"kind":"road","name":"South Bridge Road"},"geometry":{"type":"LineString","coordinates":[[103.8447405,1.2812775],[103.8447261,1.2812304],[103.8444683,1.2807976],[103.8444186,1.2807242],[103.844356,1.2806318],[103.8442083,1.2804334],[103.8441945,1.2803997]]}},{"type":"Feature","id":"osm-way-615134250","properties":{"kind":"road","name":"Stanley st"},"geometry":{"type":"LineString","coordinates":[[103.8484187,1.2790637],[103.8484062,1.2790411],[103.8484008,1.2790316],[103.8482325,1.2787518]]}},{"type":"Feature","id":"osm-way-615134253","properties":{"kind":"road","name":""},"geometry":{"type":"LineString","coordinates":[[103.8491627,1.2801781],[103.8492487,1.2803129]]}},{"type":"Feature","id":"osm-way-615136796","properties":{"kind":"road","name":""},"geometry":{"type":"LineString","coordinates":[[103.848858,1.2805383],[103.8489668,1.2804664],[103.8492487,1.2803129]]}},{"type":"Feature","id":"osm-way-618575254","properties":{"kind":"building","name":"PAssion WaVe @ Marina Bay"},"geometry":{"type":"Polygon","coordinates":[[[103.8664072,1.295145],[103.8664095,1.2950751],[103.8664456,1.2950255],[103.8665042,1.2949759],[103.8664749,1.2948993],[103.8665223,1.2948993],[103.8666012,1.2949173],[103.8666553,1.294906],[103.866635,1.2948429],[103.8668561,1.2948474],[103.8669553,1.2948745],[103.8671628,1.2949241],[103.867332,1.2950255],[103.8674939,1.2951733],[103.867465,1.2952082],[103.8673545,1.2952375],[103.8672192,1.2952217],[103.8671403,1.2951721],[103.8669328,1.2951338],[103.8668606,1.2951473],[103.8665809,1.295145],[103.8664072,1.295145]]]}},{"type":"Feature","id":"osm-way-620580643","properties":{"kind":"water","name":""},"geometry":{"type":"Polygon","coordinates":[[[103.8596995,1.2862399],[103.8598443,1.2862938],[103.8597488,1.2864494],[103.859738,1.2863431],[103.8596995,1.2862399]]]}},{"type":"Feature","id":"osm-way-624598879","properties":{"kind":"road","name":""},"geometry":{"type":"LineString","coordinates":[[103.8489047,1.2935017],[103.8488388,1.2934016],[103.8487704,1.2933753],[103.8486676,1.2933674],[103.8488178,1.2930803],[103.84891,1.2929565],[103.8488757,1.2930671],[103.8488994,1.2933121],[103.8489811,1.2934569],[103.8489047,1.2935017]]}},{"type":"Feature","id":"osm-way-627103707","properties":{"kind":"building","name":"Fraser Tower"},"geometry":{"type":"Polygon","coordinates":[[[103.8477742,1.2789007],[103.8473906,1.2791287],[103.8471065,1.2792631],[103.8469952,1.2789494],[103.8469671,1.2787751],[103.8469724,1.2787228],[103.84701,1.2787027],[103.8470355,1.2787081],[103.8470569,1.2787389],[103.8470757,1.2787925],[103.8471012,1.2788167],[103.847128,1.2788167],[103.8471861,1.2787848],[103.8471243,1.2786808],[103.8473675,1.2785363],[103.8475079,1.2784528],[103.8477742,1.2789007]]]}},{"type":"Feature","id":"osm-way-627103708","properties":{"kind":"park","name":""},"geometry":{"type":"Polygon","coordinates":[[[103.8471211,1.2786031],[103.8470973,1.2783035],[103.8469338,1.2783134],[103.846948,1.2781717],[103.8472419,1.2779825],[103.8474975,1.2783906],[103.8471211,1.2786031]]]}},{"type":"Feature","id":"osm-way-627680954","properties":{"kind":"road","name":"North Bridge Road"},"geometry":{"type":"LineString","coordinates":[[103.8566322,1.2998451],[103.8565799,1.2997737],[103.8564237,1.2995603],[103.8563854,1.2995117]]}},{"type":"Feature","id":"osm-way-627681473","properties":{"kind":"road","name":"Beach Road"},"geometry":{"type":"LineString","coordinates":[[103.8572592,1.2975539],[103.8569246,1.2971915]]}},{"type":"Feature","id":"osm-way-627704614","properties":{"kind":"primaryRoad","name":"Clemenceau Avenue"},"geometry":{"type":"LineString","coordinates":[[103.8438525,1.2961091],[103.8438015,1.2965534],[103.8437468,1.2970021],[103.8437068,1.2976551]]}},{"type":"Feature","id":"osm-way-627707277","properties":{"kind":"road","name":"South Bridge Road"},"geometry":{"type":"LineString","coordinates":[[103.848904,1.2883671],[103.8488436,1.2882692]]}},{"type":"Feature","id":"osm-way-627707278","properties":{"kind":"road","name":"South Bridge Road"},"geometry":{"type":"LineString","coordinates":[[103.8488436,1.2882692],[103.8487746,1.2881667]]}},{"type":"Feature","id":"osm-way-627708719","properties":{"kind":"road","name":"Bayfront Avenue"},"geometry":{"type":"LineString","coordinates":[[103.8606769,1.2849871],[103.8606932,1.2850561],[103.8607492,1.2854346],[103.8607537,1.285533]]}},{"type":"Feature","id":"osm-way-627708722","properties":{"kind":"road","name":"Bayfront Avenue"},"geometry":{"type":"LineString","coordinates":[[103.8608828,1.2854291],[103.8608243,1.2850303],[103.8608051,1.2849576]]}},{"type":"Feature","id":"osm-way-627713438","properties":{"kind":"primaryRoad","name":"Bras Basah Road"},"geometry":{"type":"LineString","coordinates":[[103.8474944,1.2986931],[103.8480508,1.2987385],[103.8481855,1.2987403]]}},{"type":"Feature","id":"osm-way-630172985","properties":{"kind":"road","name":"Beach Road"},"geometry":{"type":"LineString","coordinates":[[103.8594508,1.2997185],[103.859374,1.2996446]]}},{"type":"Feature","id":"osm-way-630172987","properties":{"kind":"road","name":"Beach Road"},"geometry":{"type":"LineString","coordinates":[[103.8592773,1.2997433],[103.8593614,1.2998229]]}},{"type":"Feature","id":"osm-way-630417975","properties":{"kind":"primaryRoad","name":"Ophir Road"},"geometry":{"type":"LineString","coordinates":[[103.859555,1.2995095],[103.8597875,1.2991381]]}},{"type":"Feature","id":"osm-way-630438073","properties":{"kind":"primaryRoad","name":"Victoria Street"},"geometry":{"type":"LineString","coordinates":[[103.8521598,1.2960967],[103.8520607,1.2959831],[103.8520195,1.2959364]]}},{"type":"Feature","id":"osm-way-630438074","properties":{"kind":"primaryRoad","name":"Victoria Street"},"geometry":{"type":"LineString","coordinates":[[103.8519011,1.2960284],[103.8519488,1.2960865],[103.8520528,1.2962032]]}},{"type":"Feature","id":"osm-way-632224471","properties":{"kind":"road","name":"Fort Canning Road"},"geometry":{"type":"LineString","coordinates":[[103.8483498,1.2973191],[103.8480845,1.2973806]]}},{"type":"Feature","id":"osm-way-632225560","properties":{"kind":"primaryRoad","name":"Bencoolen Street"},"geometry":{"type":"LineString","coordinates":[[103.8492963,1.297684],[103.8492312,1.2976097]]}},{"type":"Feature","id":"osm-way-632225561","properties":{"kind":"primaryRoad","name":"Bencoolen Street"},"geometry":{"type":"LineString","coordinates":[[103.8498458,1.298265],[103.8496436,1.2980295],[103.8495178,1.297951]]}},{"type":"Feature","id":"osm-way-632233020","properties":{"kind":"road","name":"Tan Tye Place"},"geometry":{"type":"LineString","coordinates":[[103.845518,1.2915985],[103.845487,1.2915445],[103.8453982,1.2914087]]}},{"type":"Feature","id":"osm-way-632239210","properties":{"kind":"road","name":"Kirk Terrace"},"geometry":{"type":"LineString","coordinates":[[103.8492568,1.2996569],[103.84915,1.2996934],[103.8491019,1.2997231]]}},{"type":"Feature","id":"osm-way-632464061","properties":{"kind":"primaryRoad","name":"Stamford Road"},"geometry":{"type":"LineString","coordinates":[[103.8492526,1.2968242],[103.8491267,1.2970113],[103.8490578,1.2971187],[103.8489855,1.2972167],[103.8489258,1.2972882]]}},{"type":"Feature","id":"osm-way-632495826","properties":{"kind":"primaryRoad","name":"River Valley Road"},"geometry":{"type":"LineString","coordinates":[[103.8436365,1.2930037],[103.8435561,1.2930534],[103.8430953,1.2933506]]}},{"type":"Feature","id":"osm-way-632510009","properties":{"kind":"primaryRoad","name":"Prinsep Street"},"geometry":{"type":"LineString","coordinates":[[103.8483605,1.2981693],[103.8486326,1.2984877],[103.8487115,1.2985833]]}},{"type":"Feature","id":"osm-way-632581688","properties":{"kind":"road","name":"Waterloo Street"},"geometry":{"type":"LineString","coordinates":[[103.8512241,1.2983901],[103.850863,1.297948]]}},{"type":"Feature","id":"osm-way-632581689","properties":{"kind":"road","name":"Waterloo Street"},"geometry":{"type":"LineString","coordinates":[[103.8507295,1.2977872],[103.8506767,1.2977225]]}},{"type":"Feature","id":"osm-way-632592547","properties":{"kind":"primaryRoad","name":"Penang Road"},"geometry":{"type":"LineString","coordinates":[[103.8429945,1.2992651],[103.8427006,1.2994319]]}},{"type":"Feature","id":"osm-way-632757647","properties":{"kind":"primaryRoad","name":"Republic Boulevard"},"geometry":{"type":"LineString","coordinates":[[103.8628404,1.297137],[103.8628292,1.2970281]]}},{"type":"Feature","id":"osm-way-632760161","properties":{"kind":"primaryRoad","name":"Republic Boulevard"},"geometry":{"type":"LineString","coordinates":[[103.8626858,1.2970349],[103.8626003,1.2970199],[103.8625822,1.2970165],[103.862418,1.2969299],[103.8623914,1.2969142],[103.8623329,1.2968761]]}},{"type":"Feature","id":"osm-way-632763140","properties":{"kind":"primaryRoad","name":""},"geometry":{"type":"LineString","coordinates":[[103.8640266,1.2999673],[103.8639835,1.3000498],[103.8638768,1.3002587]]}},{"type":"Feature","id":"osm-way-632763141","properties":{"kind":"primaryRoad","name":""},"geometry":{"type":"LineString","coordinates":[[103.8640957,1.2998425],[103.8640266,1.2999673]]}},{"type":"Feature","id":"osm-way-632763142","properties":{"kind":"primaryRoad","name":"Republic Avenue"},"geometry":{"type":"LineString","coordinates":[[103.8640266,1.2999673],[103.8641051,1.2999981]]}},{"type":"Feature","id":"osm-way-632763143","properties":{"kind":"primaryRoad","name":"Republic Avenue"},"geometry":{"type":"LineString","coordinates":[[103.8637626,1.2998479],[103.8639745,1.2999482],[103.8640266,1.2999673]]}},{"type":"Feature","id":"osm-way-632763144","properties":{"kind":"primaryRoad","name":"Republic Avenue"},"geometry":{"type":"LineString","coordinates":[[103.8633467,1.299561],[103.8635599,1.2997319]]}},{"type":"Feature","id":"osm-way-633144171","properties":{"kind":"road","name":"South Bridge Road"},"geometry":{"type":"LineString","coordinates":[[103.8450622,1.2817996],[103.8450121,1.2817124]]}},{"type":"Feature","id":"osm-way-633149629","properties":{"kind":"primaryRoad","name":"New Bridge Road"},"geometry":{"type":"LineString","coordinates":[[103.844474,1.2853697],[103.8441884,1.2850626],[103.844041,1.2848916]]}},{"type":"Feature","id":"osm-way-633150695","properties":{"kind":"primaryRoad","name":"New Bridge Road"},"geometry":{"type":"LineString","coordinates":[[103.8423006,1.2828],[103.8421034,1.2825578]]}},{"type":"Feature","id":"osm-way-633175175","properties":{"kind":"primaryRoad","name":"Upper Cross Street"},"geometry":{"type":"LineString","coordinates":[[103.8461028,1.2836322],[103.8460276,1.2836763],[103.8458032,1.2838078]]}},{"type":"Feature","id":"osm-way-633182923","properties":{"kind":"road","name":"South Bridge Road"},"geometry":{"type":"LineString","coordinates":[[103.8471684,1.2854539],[103.8469116,1.28503]]}},{"type":"Feature","id":"osm-way-633203158","properties":{"kind":"primaryRoad","name":"Nicoll Highway"},"geometry":{"type":"LineString","coordinates":[[103.8576815,1.2960535],[103.857877,1.2962993],[103.8583911,1.2968643],[103.8584845,1.2969572],[103.8593114,1.2977805],[103.8595095,1.2979655],[103.8597136,1.2981504],[103.8599249,1.2983277],[103.8599722,1.2983674]]}},{"type":"Feature","id":"osm-way-633205391","properties":{"kind":"road","name":"Maxwell Road"},"geometry":{"type":"LineString","coordinates":[[103.845252,1.2790962],[103.8453099,1.2790192]]}},{"type":"Feature","id":"osm-way-633249350","properties":{"kind":"primaryRoad","name":"Upper Cross Street"},"geometry":{"type":"LineString","coordinates":[[103.8431038,1.2856332],[103.843045,1.2856812],[103.8429177,1.2857854]]}},{"type":"Feature","id":"osm-way-633262424","properties":{"kind":"road","name":"North Bridge Road"},"geometry":{"type":"LineString","coordinates":[[103.8545293,1.2970117],[103.8545048,1.2969792],[103.8543669,1.2967965]]}},{"type":"Feature","id":"osm-way-633262425","properties":{"kind":"road","name":"Middle Road"},"geometry":{"type":"LineString","coordinates":[[103.855277,1.2974241],[103.8550615,1.2975872],[103.8549985,1.2976349]]}},{"type":"Feature","id":"osm-way-633265315","properties":{"kind":"primaryRoad","name":"River Valley Road"},"geometry":{"type":"LineString","coordinates":[[103.8430451,1.2933822],[103.8425864,1.2936679]]}},{"type":"Feature","id":"osm-way-633265317","properties":{"kind":"primaryRoad","name":"River Valley Road"},"geometry":{"type":"LineString","coordinates":[[103.8430953,1.2933506],[103.8430451,1.2933822]]}},{"type":"Feature","id":"osm-way-633266894","properties":{"kind":"primaryRoad","name":"Hill Street"},"geometry":{"type":"LineString","coordinates":[[103.8498421,1.2932189],[103.8500439,1.293586]]}},{"type":"Feature","id":"osm-way-633266897","properties":{"kind":"primaryRoad","name":"Stamford Road"},"geometry":{"type":"LineString","coordinates":[[103.8500724,1.2947904],[103.8499033,1.2948902],[103.8497726,1.2949616]]}},{"type":"Feature","id":"osm-way-633267524","properties":{"kind":"road","name":"Bain Street"},"geometry":{"type":"LineString","coordinates":[[103.8534731,1.2974976],[103.8537613,1.2972841]]}},{"type":"Feature","id":"osm-way-633269324","properties":{"kind":"road","name":"Marina Grove"},"geometry":{"type":"LineString","coordinates":[[103.8656603,1.2784988],[103.8656926,1.2784658],[103.8657746,1.2783908],[103.8658602,1.2783164],[103.8659432,1.2782368],[103.8660295,1.2781711],[103.8661597,1.2781119],[103.8663065,1.2780675],[103.8664469,1.2780224],[103.8666152,1.2779319],[103.8667183,1.2778284]]}},{"type":"Feature","id":"osm-way-633272178","properties":{"kind":"road","name":"Beach Road"},"geometry":{"type":"LineString","coordinates":[[103.8538524,1.2926643],[103.853919,1.2927189]]}},{"type":"Feature","id":"osm-way-633272252","properties":{"kind":"primaryRoad","name":"River Valley Road"},"geometry":{"type":"LineString","coordinates":[[103.845518,1.2915985],[103.8448124,1.292145],[103.8445171,1.2923736]]}},{"type":"Feature","id":"osm-way-633273324","properties":{"kind":"road","name":"North Bridge Road"},"geometry":{"type":"LineString","coordinates":[[103.8531036,1.2951261],[103.8530213,1.2950085]]}},{"type":"Feature","id":"osm-way-633274607","properties":{"kind":"road","name":"Parliament Place"},"geometry":{"type":"LineString","coordinates":[[103.8510463,1.2893652],[103.8510959,1.2893332],[103.8511455,1.2893011],[103.8511962,1.2892686],[103.8512374,1.2892436]]}},{"type":"Feature","id":"osm-way-633275660","properties":{"kind":"primaryRoad","name":"Bras Basah Road"},"geometry":{"type":"LineString","coordinates":[[103.8531036,1.2951261],[103.8532241,1.2950321]]}},{"type":"Feature","id":"osm-way-633276626","properties":{"kind":"primaryRoad","name":"Stamford Road"},"geometry":{"type":"LineString","coordinates":[[103.8519427,1.2936308],[103.8514419,1.2939483]]}},{"type":"Feature","id":"osm-way-633277640","properties":{"kind":"road","name":"North Bridge Road"},"geometry":{"type":"LineString","coordinates":[[103.8520179,1.293583],[103.8519676,1.2934896]]}},{"type":"Feature","id":"osm-way-633278870","properties":{"kind":"primaryRoad","name":"Stamford Road"},"geometry":{"type":"LineString","coordinates":[[103.8524616,1.2933496],[103.8521111,1.29352],[103.8520179,1.293583]]}},{"type":"Feature","id":"osm-way-633295965","properties":{"kind":"road","name":"South Canal Road"},"geometry":{"type":"LineString","coordinates":[[103.8488909,1.2858218],[103.8484409,1.2860483]]}},{"type":"Feature","id":"osm-way-633295966","properties":{"kind":"road","name":"Chulia Street"},"geometry":{"type":"LineString","coordinates":[[103.8496014,1.2854324],[103.8494717,1.2855021]]}},{"type":"Feature","id":"osm-way-633296686","properties":{"kind":"primaryRoad","name":"Nicoll Highway"},"geometry":{"type":"LineString","coordinates":[[103.8578971,1.2960495],[103.8578133,1.295947]]}},{"type":"Feature","id":"osm-way-633296735","properties":{"kind":"road","name":"North Bridge Road"},"geometry":{"type":"LineString","coordinates":[[103.850015,1.2901963],[103.8499859,1.2901484],[103.8498437,1.2899142]]}},{"type":"Feature","id":"osm-way-633299362","properties":{"kind":"road","name":"Parliament Place"},"geometry":{"type":"LineString","coordinates":[[103.850015,1.2901963],[103.8500591,1.2901637],[103.8501063,1.2901249]]}},{"type":"Feature","id":"osm-way-633299535","properties":{"kind":"road","name":"South Canal Road"},"geometry":{"type":"LineString","coordinates":[[103.8492581,1.2856171],[103.8488909,1.2858218]]}},{"type":"Feature","id":"osm-way-633306762","properties":{"kind":"primaryRoad","name":"Hill Street"},"geometry":{"type":"LineString","coordinates":[[103.8491648,1.2913961],[103.8490743,1.2912115],[103.8489885,1.2910365],[103.8489707,1.2910001]]}},{"type":"Feature","id":"osm-way-633306763","properties":{"kind":"road","name":"North Boat Quay"},"geometry":{"type":"LineString","coordinates":[[103.8494374,1.2894382],[103.849407,1.2894556],[103.8493199,1.2895091]]}},{"type":"Feature","id":"osm-way-633306914","properties":{"kind":"primaryRoad","name":"Collyer Quay"},"geometry":{"type":"LineString","coordinates":[[103.8522917,1.2829441],[103.8523937,1.2830675],[103.8524714,1.2831935]]}},{"type":"Feature","id":"osm-way-633309567","properties":{"kind":"road","name":"Temasek Avenue"},"geometry":{"type":"LineString","coordinates":[[103.860823,1.2923792],[103.8608068,1.2928861]]}},{"type":"Feature","id":"osm-way-633311062","properties":{"kind":"primaryRoad","name":"Raffles Avenue"},"geometry":{"type":"LineString","coordinates":[[103.8569869,1.289794],[103.8568781,1.2898254],[103.8567861,1.2898549],[103.8567376,1.2898782],[103.8566645,1.2899135],[103.8565763,1.2899715],[103.8565472,1.2899906],[103.8564514,1.2900794],[103.8563522,1.2901714],[103.8562871,1.2902257]]}},{"type":"Feature","id":"osm-way-633313289","properties":{"kind":"road","name":"Boon Tat Street"},"geometry":{"type":"LineString","coordinates":[[103.8501562,1.2801931],[103.8504714,1.280002]]}},{"type":"Feature","id":"osm-way-633313290","properties":{"kind":"primaryRoad","name":"Shenton Way"},"geometry":{"type":"LineString","coordinates":[[103.8498119,1.2787145],[103.8496182,1.2783984]]}},{"type":"Feature","id":"osm-way-633313291","properties":{"kind":"road","name":"Commerce Street"},"geometry":{"type":"LineString","coordinates":[[103.8510279,1.2796711],[103.8511123,1.2796148]]}},{"type":"Feature","id":"osm-way-633325343","properties":{"kind":"road","name":"Park Street"},"geometry":{"type":"LineString","coordinates":[[103.8500268,1.2780187],[103.8499799,1.2780486],[103.849683,1.2782309],[103.849612,1.2782738],[103.8495833,1.2782798],[103.8495591,1.2782737],[103.8495351,1.2782591]]}},{"type":"Feature","id":"osm-way-633326725","properties":{"kind":"road","name":"Temasek Avenue"},"geometry":{"type":"LineString","coordinates":[[103.8598909,1.2941616],[103.8593539,1.2944296],[103.8593005,1.2944497],[103.8592322,1.2944506],[103.8591209,1.294424]]}},{"type":"Feature","id":"osm-way-633328387","properties":{"kind":"road","name":"Telok Ayer Street"},"geometry":{"type":"LineString","coordinates":[[103.8480409,1.2814473],[103.8480292,1.2814275],[103.8479255,1.2812445]]}},{"type":"Feature","id":"osm-way-633332915","properties":{"kind":"road","name":"McCallum Street"},"geometry":{"type":"LineString","coordinates":[[103.8478158,1.2794253],[103.848025,1.279305],[103.8480938,1.2792655]]}},{"type":"Feature","id":"osm-way-633335608","properties":{"kind":"road","name":"Cecil Street"},"geometry":{"type":"LineString","coordinates":[[103.8497476,1.2820186],[103.8498737,1.2822081]]}},{"type":"Feature","id":"osm-way-633340452","properties":{"kind":"primaryRoad","name":"Raffles Avenue"},"geometry":{"type":"LineString","coordinates":[[103.8586061,1.2896858],[103.858293,1.2897023]]}},{"type":"Feature","id":"osm-way-633340456","properties":{"kind":"primaryRoad","name":"Raffles Avenue"},"geometry":{"type":"LineString","coordinates":[[103.8595101,1.2896398],[103.8591787,1.2896553]]}},{"type":"Feature","id":"osm-way-633342398","properties":{"kind":"road","name":"Telok Ayer Street"},"geometry":{"type":"LineString","coordinates":[[103.8479255,1.2812445],[103.8478596,1.2811121]]}},{"type":"Feature","id":"osm-way-633343709","properties":{"kind":"primaryRoad","name":"Raffles Avenue"},"geometry":{"type":"LineString","coordinates":[[103.858293,1.2897023],[103.8580786,1.2897137]]}},{"type":"Feature","id":"osm-way-633345488","properties":{"kind":"road","name":"Boon Tat Street"},"geometry":{"type":"LineString","coordinates":[[103.8480409,1.2814473],[103.8480877,1.2814211],[103.8481788,1.2813702]]}},{"type":"Feature","id":"osm-way-633369730","properties":{"kind":"primaryRoad","name":"Cross Street"},"geometry":{"type":"LineString","coordinates":[[103.8485455,1.2822201],[103.8485089,1.2822408],[103.8482157,1.2824062],[103.8480914,1.2824764],[103.8480853,1.2824798],[103.848036,1.2825076]]}},{"type":"Feature","id":"osm-way-633369736","properties":{"kind":"primaryRoad","name":"Cross Street"},"geometry":{"type":"LineString","coordinates":[[103.8495242,1.2816724],[103.8491918,1.2818583],[103.8490689,1.281927]]}},{"type":"Feature","id":"osm-way-633391495","properties":{"kind":"road","name":"Telok Ayer Street"},"geometry":{"type":"LineString","coordinates":[[103.8490512,1.2830846],[103.8489092,1.2828236],[103.8485778,1.2822737],[103.8485455,1.2822201]]}},{"type":"Feature","id":"osm-way-633398274","properties":{"kind":"road","name":""},"geometry":{"type":"LineString","coordinates":[[103.8529088,1.2854846],[103.8529023,1.2854431],[103.8528663,1.2852927]]}},{"type":"Feature","id":"osm-way-633398275","properties":{"kind":"road","name":"Fullerton Square"},"geometry":{"type":"LineString","coordinates":[[103.8528663,1.2852927],[103.8527915,1.2853158],[103.8527255,1.2853362],[103.8526328,1.2853649]]}},{"type":"Feature","id":"osm-way-633399027","properties":{"kind":"road","name":"Temasek Avenue"},"geometry":{"type":"LineString","coordinates":[[103.8598415,1.2942903],[103.8598839,1.2942657],[103.8601112,1.2941242]]}},{"type":"Feature","id":"osm-way-633408424","properties":{"kind":"road","name":"Beach Road"},"geometry":{"type":"LineString","coordinates":[[103.8558729,1.2959611],[103.8558969,1.2959963],[103.8561938,1.2964323],[103.8562002,1.2964417],[103.8562528,1.2965189]]}},{"type":"Feature","id":"osm-way-633419647","properties":{"kind":"road","name":"Market Street"},"geometry":{"type":"LineString","coordinates":[[103.8503512,1.2838468],[103.8503578,1.2839463],[103.8503806,1.2842876],[103.8503848,1.2843495],[103.8503906,1.284437]]}},{"type":"Feature","id":"osm-way-633422010","properties":{"kind":"road","name":"Market Street"},"geometry":{"type":"LineString","coordinates":[[103.8500463,1.282452],[103.8501528,1.282452],[103.8502535,1.2824252],[103.8502931,1.2823876],[103.8503342,1.2823485],[103.8503588,1.2822924]]}},{"type":"Feature","id":"osm-way-633564878","properties":{"kind":"road","name":"New Market Road"},"geometry":{"type":"LineString","coordinates":[[103.8443038,1.2867277],[103.8444483,1.2868943],[103.844519,1.2869758]]}},{"type":"Feature","id":"osm-way-633798159","properties":{"kind":"road","name":"Beach Road"},"geometry":{"type":"LineString","coordinates":[[103.8550165,1.2945652],[103.8551824,1.2948602],[103.8554847,1.2953977],[103.8555004,1.2954256]]}},{"type":"Feature","id":"osm-way-633800291","properties":{"kind":"road","name":"Middle Road"},"geometry":{"type":"LineString","coordinates":[[103.8558084,1.2970249],[103.855277,1.2974241]]}},{"type":"Feature","id":"osm-way-633809591","properties":{"kind":"road","name":"North Bridge Road"},"geometry":{"type":"LineString","coordinates":[[103.8519676,1.2934896],[103.8516676,1.2930154]]}},{"type":"Feature","id":"osm-way-633812200","properties":{"kind":"primaryRoad","name":"Hill Street"},"geometry":{"type":"LineString","coordinates":[[103.8484965,1.2904993],[103.8485901,1.2906549]]}},{"type":"Feature","id":"osm-way-633814873","properties":{"kind":"primaryRoad","name":"Republic Boulevard"},"geometry":{"type":"LineString","coordinates":[[103.8626392,1.2957732],[103.8626244,1.2956795],[103.8626056,1.2955043],[103.86259,1.2953459],[103.8625153,1.2947585]]}},{"type":"Feature","id":"osm-way-633814874","properties":{"kind":"primaryRoad","name":"Republic Boulevard"},"geometry":{"type":"LineString","coordinates":[[103.8628292,1.2970281],[103.8628183,1.2969716],[103.8627873,1.2967201],[103.8626888,1.2961367],[103.8626502,1.2959048]]}},{"type":"Feature","id":"osm-way-633826099","properties":{"kind":"primaryRoad","name":"River Valley Road"},"geometry":{"type":"LineString","coordinates":[[103.8441322,1.2928092],[103.8442043,1.2927595]]}},{"type":"Feature","id":"osm-way-633826101","properties":{"kind":"primaryRoad","name":"River Valley Road"},"geometry":{"type":"LineString","coordinates":[[103.8437991,1.2930385],[103.843876,1.2929856],[103.8439154,1.2929584],[103.8440124,1.2928917]]}},{"type":"Feature","id":"osm-way-633832706","properties":{"kind":"primaryRoad","name":"River Valley Road"},"geometry":{"type":"LineString","coordinates":[[103.8442043,1.2927595],[103.8443594,1.292644]]}},{"type":"Feature","id":"osm-way-633836268","properties":{"kind":"road","name":"Beach Road"},"geometry":{"type":"LineString","coordinates":[[103.8571232,1.2975909],[103.8573464,1.2978322]]}},{"type":"Feature","id":"osm-way-633836269","properties":{"kind":"road","name":"Beach Road"},"geometry":{"type":"LineString","coordinates":[[103.8564779,1.2967961],[103.8568054,1.2972281]]}},{"type":"Feature","id":"osm-way-633846400","properties":{"kind":"primaryRoad","name":"Nicoll Highway"},"geometry":{"type":"LineString","coordinates":[[103.8567824,1.2947274],[103.8568064,1.2947667],[103.8570184,1.2951135]]}},{"type":"Feature","id":"osm-way-633848189","properties":{"kind":"road","name":"Temasek Avenue"},"geometry":{"type":"LineString","coordinates":[[103.860962,1.29038],[103.8609836,1.2896311],[103.8609857,1.2895592]]}},{"type":"Feature","id":"osm-way-633855526","properties":{"kind":"primaryRoad","name":"Hill Street"},"geometry":{"type":"LineString","coordinates":[[103.848755,1.2909524],[103.8489047,1.2912404],[103.8490446,1.2914925]]}},{"type":"Feature","id":"osm-way-633858561","properties":{"kind":"primaryRoad","name":"Hill Street"},"geometry":{"type":"LineString","coordinates":[[103.849306,1.291695],[103.8492588,1.291595],[103.8492028,1.2914764],[103.8491934,1.2914565],[103.8491754,1.2914186],[103.8491648,1.2913961]]}},{"type":"Feature","id":"osm-way-633864736","properties":{"kind":"road","name":"McCallum Street"},"geometry":{"type":"LineString","coordinates":[[103.8484187,1.2790637],[103.8481312,1.2792423],[103.8480938,1.2792655]]}},{"type":"Feature","id":"osm-way-633871919","properties":{"kind":"primaryRoad","name":"Raffles Boulevard"},"geometry":{"type":"LineString","coordinates":[[103.8597007,1.2914253],[103.8599232,1.2914117]]}},{"type":"Feature","id":"osm-way-633871920","properties":{"kind":"primaryRoad","name":"Raffles Boulevard"},"geometry":{"type":"LineString","coordinates":[[103.8600553,1.2914033],[103.86038,1.2913836]]}},{"type":"Feature","id":"osm-way-634148758","properties":{"kind":"primaryRoad","name":"Hill Street"},"geometry":{"type":"LineString","coordinates":[[103.8489707,1.2910001],[103.8489484,1.2909612],[103.8487494,1.2906141]]}},{"type":"Feature","id":"osm-way-634152052","properties":{"kind":"primaryRoad","name":"Victoria Street"},"geometry":{"type":"LineString","coordinates":[[103.854281,1.2988992],[103.8545356,1.2991957]]}},{"type":"Feature","id":"osm-way-634152932","properties":{"kind":"primaryRoad","name":"Victoria Street"},"geometry":{"type":"LineString","coordinates":[[103.8546626,1.2993436],[103.8549017,1.299622],[103.8549254,1.2996495]]}},{"type":"Feature","id":"osm-way-634155137","properties":{"kind":"road","name":"Amoy Street"},"geometry":{"type":"LineString","coordinates":[[103.8473644,1.2813962],[103.8474126,1.2814806]]}},{"type":"Feature","id":"osm-way-634155138","properties":{"kind":"road","name":"Amoy Street"},"geometry":{"type":"LineString","coordinates":[[103.84771,1.2819864],[103.8478563,1.2822207],[103.8478767,1.2822534]]}},{"type":"Feature","id":"osm-way-634187141","properties":{"kind":"road","name":"Coleman Street"},"geometry":{"type":"LineString","coordinates":[[103.8503731,1.292092],[103.8503285,1.2921154],[103.8497012,1.2924445],[103.8496771,1.2924585],[103.8496373,1.2924796]]}},{"type":"Feature","id":"osm-way-634197848","properties":{"kind":"primaryRoad","name":"Victoria Street"},"geometry":{"type":"LineString","coordinates":[[103.8536667,1.298145],[103.8538916,1.2984272],[103.8539445,1.2984936]]}},{"type":"Feature","id":"osm-way-634203327","properties":{"kind":"primaryRoad","name":"Hill Street"},"geometry":{"type":"LineString","coordinates":[[103.8501887,1.2938717],[103.8502345,1.2939612]]}},{"type":"Feature","id":"osm-way-634255818","properties":{"kind":"road","name":"Marina View"},"geometry":{"type":"LineString","coordinates":[[103.8528122,1.2802169],[103.8528546,1.2802744],[103.8529101,1.2803496]]}},{"type":"Feature","id":"osm-way-634303517","properties":{"kind":"road","name":"South Bridge Road"},"geometry":{"type":"LineString","coordinates":[[103.8487746,1.2881667],[103.8486536,1.2879894]]}},{"type":"Feature","id":"osm-way-634303518","properties":{"kind":"road","name":"Upper Circular Road"},"geometry":{"type":"LineString","coordinates":[[103.8488436,1.2882692],[103.8487858,1.2883137],[103.8487509,1.2883406],[103.8485737,1.2884769]]}},{"type":"Feature","id":"osm-way-634309801","properties":{"kind":"road","name":"North Canal Road"},"geometry":{"type":"LineString","coordinates":[[103.8475096,1.2866617],[103.8478076,1.2865089]]}},{"type":"Feature","id":"osm-way-634339310","properties":{"kind":"primaryRoad","name":"Sheares Avenue"},"geometry":{"type":"LineString","coordinates":[[103.8606237,1.281789],[103.8606341,1.2818145],[103.8607372,1.2820672]]}},{"type":"Feature","id":"osm-way-634339312","properties":{"kind":"primaryRoad","name":"Sheares Avenue"},"geometry":{"type":"LineString","coordinates":[[103.8607372,1.2820672],[103.8608206,1.2822815]]}},{"type":"Feature","id":"osm-way-634493593","properties":{"kind":"primaryRoad","name":"Ophir Road"},"geometry":{"type":"LineString","coordinates":[[103.8591001,1.3001289],[103.859334,1.2998555],[103.8593614,1.2998229]]}},{"type":"Feature","id":"osm-way-634705512","properties":{"kind":"road","name":"Fountain of Wealth"},"geometry":{"type":"LineString","coordinates":[[103.8592516,1.2949576],[103.8592762,1.294908]]}},{"type":"Feature","id":"osm-way-634716201","properties":{"kind":"road","name":"Fountain of Wealth"},"geometry":{"type":"LineString","coordinates":[[103.858634,1.2950405],[103.8586628,1.2950661]]}},{"type":"Feature","id":"osm-way-634716203","properties":{"kind":"road","name":"Fountain of Wealth"},"geometry":{"type":"LineString","coordinates":[[103.8586628,1.2950661],[103.8587333,1.2951114],[103.8588117,1.2951408],[103.8588945,1.295153]]}},{"type":"Feature","id":"osm-way-634719405","properties":{"kind":"road","name":"Fountain of Wealth"},"geometry":{"type":"LineString","coordinates":[[103.8585207,1.2948233],[103.8585357,1.2948837],[103.8585601,1.2949409],[103.8585931,1.2949936],[103.858634,1.2950405]]}},{"type":"Feature","id":"osm-way-634743817","properties":{"kind":"road","name":"Seah Street"},"geometry":{"type":"LineString","coordinates":[[103.8544179,1.2962445],[103.8543967,1.2962608]]}},{"type":"Feature","id":"osm-way-634743824","properties":{"kind":"road","name":"Seah Street"},"geometry":{"type":"LineString","coordinates":[[103.8555004,1.2954256],[103.8554574,1.2954557],[103.8551873,1.2956449]]}},{"type":"Feature","id":"osm-way-634751407","properties":{"kind":"primaryRoad","name":"Fullerton Road"},"geometry":{"type":"LineString","coordinates":[[103.853531,1.2857906],[103.8536248,1.2860695],[103.8536591,1.2861982],[103.8536934,1.2863268]]}},{"type":"Feature","id":"osm-way-634770511","properties":{"kind":"primaryRoad","name":"Stamford Road"},"geometry":{"type":"LineString","coordinates":[[103.8543182,1.2920088],[103.8540982,1.2922316]]}},{"type":"Feature","id":"osm-way-634782242","properties":{"kind":"road","name":"Middle Road"},"geometry":{"type":"LineString","coordinates":[[103.8565791,1.2960393],[103.8565502,1.2960603],[103.8564854,1.296114],[103.8564206,1.2961591]]}},{"type":"Feature","id":"osm-way-634832601","properties":{"kind":"primaryRoad","name":"Raffles Avenue"},"geometry":{"type":"LineString","coordinates":[[103.8562871,1.2902257],[103.8561749,1.2903222]]}},{"type":"Feature","id":"osm-way-634990321","properties":{"kind":"road","name":"Marina Way"},"geometry":{"type":"LineString","coordinates":[[103.8550926,1.2790921],[103.8551886,1.2792377],[103.8553252,1.2794447],[103.8555302,1.2797556],[103.8555963,1.2798559]]}},{"type":"Feature","id":"osm-way-634990322","properties":{"kind":"road","name":"Marina Way"},"geometry":{"type":"LineString","coordinates":[[103.8549283,1.2788127],[103.8550926,1.2790921]]}},{"type":"Feature","id":"osm-way-634994943","properties":{"kind":"road","name":"Bayfront Avenue"},"geometry":{"type":"LineString","coordinates":[[103.8572079,1.2788165],[103.8571495,1.2787236]]}},{"type":"Feature","id":"osm-way-635249621","properties":{"kind":"road","name":"Marina View"},"geometry":{"type":"LineString","coordinates":[[103.852019,1.2790254],[103.8520682,1.2790989],[103.8522037,1.279301]]}},{"type":"Feature","id":"osm-way-635249622","properties":{"kind":"road","name":"Commerce Street"},"geometry":{"type":"LineString","coordinates":[[103.8513975,1.2794266],[103.851829,1.2791444]]}},{"type":"Feature","id":"osm-way-635249664","properties":{"kind":"road","name":"Temasek Boulevard"},"geometry":{"type":"LineString","coordinates":[[103.8577737,1.2928992],[103.8580556,1.2933924],[103.8582405,1.2937113]]}},{"type":"Feature","id":"osm-way-635253783","properties":{"kind":"primaryRoad","name":""},"geometry":{"type":"LineString","coordinates":[[103.8617644,1.2888899],[103.8617316,1.2884042],[103.8616783,1.2879205],[103.8616214,1.2874411]]}},{"type":"Feature","id":"osm-way-635276800","properties":{"kind":"primaryRoad","name":"Fullerton Road"},"geometry":{"type":"LineString","coordinates":[[103.8529544,1.2844966],[103.853272,1.2851604]]}},{"type":"Feature","id":"osm-way-635298673","properties":{"kind":"primaryRoad","name":"Clemenceau Avenue"},"geometry":{"type":"LineString","coordinates":[[103.8440854,1.2953215],[103.8441215,1.2950074]]}},{"type":"Feature","id":"osm-way-635298674","properties":{"kind":"primaryRoad","name":"Clemenceau Avenue"},"geometry":{"type":"LineString","coordinates":[[103.8438065,1.2984389],[103.8437982,1.2983885],[103.8438128,1.2981529]]}},{"type":"Feature","id":"osm-way-635306835","properties":{"kind":"road","name":"Marina Gardens Drive"},"geometry":{"type":"LineString","coordinates":[[103.8697771,1.2795725],[103.8699996,1.2794176]]}},{"type":"Feature","id":"osm-way-635306838","properties":{"kind":"road","name":"Marina Gardens Drive"},"geometry":{"type":"LineString","coordinates":[[103.8699996,1.2794176],[103.8700464,1.27938],[103.8701467,1.279306],[103.8702395,1.2792617]]}},{"type":"Feature","id":"osm-way-635317615","properties":{"kind":"road","name":"South Canal Road"},"geometry":{"type":"LineString","coordinates":[[103.8473344,1.2866471],[103.8469516,1.2868479]]}},{"type":"Feature","id":"osm-way-635328061","properties":{"kind":"road","name":"North Bridge Road"},"geometry":{"type":"LineString","coordinates":[[103.8510244,1.2918587],[103.8509674,1.2917649]]}},{"type":"Feature","id":"osm-way-635341764","properties":{"kind":"road","name":"Bayfront Avenue"},"geometry":{"type":"LineString","coordinates":[[103.8585788,1.2809853],[103.8585116,1.2808892]]}},{"type":"Feature","id":"osm-way-635341765","properties":{"kind":"road","name":"Bayfront Avenue"},"geometry":{"type":"LineString","coordinates":[[103.857653,1.279553],[103.8573119,1.2789883],[103.8572079,1.2788165]]}},{"type":"Feature","id":"osm-way-635341766","properties":{"kind":"road","name":"Bayfront Avenue"},"geometry":{"type":"LineString","coordinates":[[103.8585116,1.2808892],[103.8584731,1.2808332],[103.8580311,1.2801208],[103.857717,1.2796503]]}},{"type":"Feature","id":"osm-way-635345722","properties":{"kind":"road","name":"Bayfront Avenue"},"geometry":{"type":"LineString","coordinates":[[103.858404,1.2809588],[103.8584702,1.2810559]]}},{"type":"Feature","id":"osm-way-635345724","properties":{"kind":"road","name":"Bayfront Avenue"},"geometry":{"type":"LineString","coordinates":[[103.8574972,1.2795652],[103.8575464,1.2796396],[103.8579165,1.2802026]]}},{"type":"Feature","id":"osm-way-635373148","properties":{"kind":"primaryRoad","name":"Raffles Boulevard"},"geometry":{"type":"LineString","coordinates":[[103.8582593,1.2917694],[103.8583143,1.2917362],[103.8585312,1.291612]]}},{"type":"Feature","id":"osm-way-635375482","properties":{"kind":"road","name":"Marina Gardens Drive"},"geometry":{"type":"LineString","coordinates":[[103.8661115,1.2804131],[103.8660268,1.2803891]]}},{"type":"Feature","id":"osm-way-635375485","properties":{"kind":"road","name":"Marina Gardens Drive"},"geometry":{"type":"LineString","coordinates":[[103.8669395,1.2805212],[103.8667604,1.2805154],[103.8665951,1.2805056],[103.8665357,1.2804975],[103.8663715,1.280475],[103.8662112,1.2804368],[103.8661115,1.2804131]]}},{"type":"Feature","id":"osm-way-635375722","properties":{"kind":"primaryRoad","name":"Raffles Boulevard"},"geometry":{"type":"LineString","coordinates":[[103.857176,1.2923891],[103.8572319,1.2923557]]}},{"type":"Feature","id":"osm-way-635379902","properties":{"kind":"road","name":"Marina Gardens Drive"},"geometry":{"type":"LineString","coordinates":[[103.8642676,1.2793936],[103.8644009,1.2795531],[103.8646795,1.279825],[103.8650333,1.2800869],[103.8652309,1.280211]]}},{"type":"Feature","id":"osm-way-635390320","properties":{"kind":"road","name":"Bayfront Avenue"},"geometry":{"type":"LineString","coordinates":[[103.8590254,1.2816669],[103.8589403,1.2815277],[103.8588872,1.2814466]]}},{"type":"Feature","id":"osm-way-635390734","properties":{"kind":"primaryRoad","name":"Esplanade Drive"},"geometry":{"type":"LineString","coordinates":[[103.8545091,1.2896309],[103.8544951,1.2895618],[103.8544491,1.2893353],[103.8544324,1.2892532]]}},{"type":"Feature","id":"osm-way-635391623","properties":{"kind":"road","name":"Marina Gardens Drive"},"geometry":{"type":"LineString","coordinates":[[103.8695998,1.2796901],[103.8696938,1.2796333],[103.8697771,1.2795725]]}},{"type":"Feature","id":"osm-way-635392742","properties":{"kind":"road","name":"Bayfront Avenue"},"geometry":{"type":"LineString","coordinates":[[103.8584702,1.2810559],[103.8585191,1.281124],[103.8587798,1.2815196]]}},{"type":"Feature","id":"osm-way-635392923","properties":{"kind":"road","name":"Marina Gardens Drive"},"geometry":{"type":"LineString","coordinates":[[103.8686083,1.2802347],[103.8688645,1.2801167],[103.8689484,1.2800732],[103.8692415,1.2799118],[103.8694465,1.2797839]]}},{"type":"Feature","id":"osm-way-635392924","properties":{"kind":"road","name":"Marina Gardens Drive"},"geometry":{"type":"LineString","coordinates":[[103.8663149,1.2805894],[103.8665058,1.280611],[103.8666509,1.2806261],[103.8667178,1.2806313]]}},{"type":"Feature","id":"osm-way-635394837","properties":{"kind":"primaryRoad","name":"Raffles Avenue"},"geometry":{"type":"LineString","coordinates":[[103.8596687,1.2896305],[103.8595101,1.2896398]]}},{"type":"Feature","id":"osm-way-635397513","properties":{"kind":"road","name":"Sheares Link"},"geometry":{"type":"LineString","coordinates":[[103.859437,1.2823044],[103.8593164,1.2823801]]}},{"type":"Feature","id":"osm-way-635497408","properties":{"kind":"road","name":"Queen Street"},"geometry":{"type":"LineString","coordinates":[[103.8532486,1.2992392],[103.8532813,1.2992806],[103.8534859,1.2995394]]}},{"type":"Feature","id":"osm-way-635626258","properties":{"kind":"primaryRoad","name":"Republic Boulevard"},"geometry":{"type":"LineString","coordinates":[[103.8623188,1.2969707],[103.8623944,1.2970274],[103.862437,1.2970475],[103.8625779,1.2971081],[103.862604,1.2971205],[103.8626349,1.2971305],[103.8626903,1.2971346]]}},{"type":"Feature","id":"osm-way-635639070","properties":{"kind":"road","name":"Keng Cheow Street"},"geometry":{"type":"LineString","coordinates":[[103.8439438,1.2880817],[103.8440655,1.2882122]]}},{"type":"Feature","id":"osm-way-635685828","properties":{"kind":"primaryRoad","name":"Bras Basah Road"},"geometry":{"type":"LineString","coordinates":[[103.8541121,1.2943592],[103.8542348,1.294267]]}},{"type":"Feature","id":"osm-way-635713519","properties":{"kind":"road","name":"Marina Gardens Drive"},"geometry":{"type":"LineString","coordinates":[[103.8659958,1.280525],[103.866086,1.2805482]]}},{"type":"Feature","id":"osm-way-635713520","properties":{"kind":"road","name":"Gardens by the Bay"},"geometry":{"type":"LineString","coordinates":[[103.8659958,1.280525],[103.8659653,1.2806485],[103.8659528,1.2806959]]}},{"type":"Feature","id":"osm-way-635750358","properties":{"kind":"primaryRoad","name":"Raffles Avenue"},"geometry":{"type":"LineString","coordinates":[[103.8627595,1.2901331],[103.862723,1.2900202]]}},{"type":"Feature","id":"osm-way-636819936","properties":{"kind":"road","name":"Middle Road"},"geometry":{"type":"LineString","coordinates":[[103.854733,1.2980177],[103.8548261,1.2979398],[103.8549847,1.2978072],[103.8550693,1.2977343]]}},{"type":"Feature","id":"osm-way-636819937","properties":{"kind":"road","name":"Middle Road"},"geometry":{"type":"LineString","coordinates":[[103.8541558,1.2985074],[103.8542123,1.2984572],[103.8543939,1.2982952]]}},{"type":"Feature","id":"osm-way-636825832","properties":{"kind":"road","name":"Middle Road"},"geometry":{"type":"LineString","coordinates":[[103.8550693,1.2977343],[103.8551302,1.2976891],[103.8553415,1.2975321]]}},{"type":"Feature","id":"osm-way-636836946","properties":{"kind":"road","name":"Middle Road"},"geometry":{"type":"LineString","coordinates":[[103.8557573,1.2971979],[103.8558624,1.297119],[103.8561023,1.2969306]]}},{"type":"Feature","id":"osm-way-636929940","properties":{"kind":"road","name":"China Street"},"geometry":{"type":"LineString","coordinates":[[103.8481971,1.2843033],[103.8483063,1.2844986]]}},{"type":"Feature","id":"osm-way-636929941","properties":{"kind":"road","name":"China Street"},"geometry":{"type":"LineString","coordinates":[[103.8476181,1.2833849],[103.847882,1.283826],[103.8481278,1.2841955]]}},{"type":"Feature","id":"osm-way-636933720","properties":{"kind":"road","name":"Hokien Street"},"geometry":{"type":"LineString","coordinates":[[103.8481971,1.2843033],[103.847295,1.2848124]]}},{"type":"Feature","id":"osm-way-636937879","properties":{"kind":"primaryRoad","name":"Marina Boulevard"},"geometry":{"type":"LineString","coordinates":[[103.853373,1.2812864],[103.8534449,1.2812433]]}},{"type":"Feature","id":"osm-way-637063803","properties":{"kind":"road","name":"Gardens by the Bay"},"geometry":{"type":"LineString","coordinates":[[103.8667201,1.2815316],[103.8667363,1.281449],[103.8667011,1.2812872],[103.8666703,1.2812448],[103.8665871,1.2811799]]}},{"type":"Feature","id":"osm-way-637063809","properties":{"kind":"road","name":"Gardens by the Bay"},"geometry":{"type":"LineString","coordinates":[[103.8660933,1.2811072],[103.8660259,1.2810688],[103.8660097,1.2810578],[103.865986,1.281017],[103.8659834,1.2809776],[103.8660397,1.2807247]]}},{"type":"Feature","id":"osm-way-637888453","properties":{"kind":"road","name":"Waterloo Street"},"geometry":{"type":"LineString","coordinates":[[103.8524355,1.2999134],[103.8524557,1.2999381],[103.8526101,1.3001268]]}},{"type":"Feature","id":"osm-way-637899263","properties":{"kind":"road","name":"Queen Street"},"geometry":{"type":"LineString","coordinates":[[103.8531659,1.2991413],[103.8531129,1.299073],[103.8530112,1.2989425]]}},{"type":"Feature","id":"osm-way-638065526","properties":{"kind":"primaryRoad","name":"Republic Avenue"},"geometry":{"type":"LineString","coordinates":[[103.8641692,1.2998749],[103.8640957,1.2998425]]}},{"type":"Feature","id":"osm-way-638082322","properties":{"kind":"primaryRoad","name":""},"geometry":{"type":"LineString","coordinates":[[103.8639564,1.3002821],[103.8640646,1.3000795],[103.8641051,1.2999981]]}},{"type":"Feature","id":"osm-way-638282560","properties":{"kind":"road","name":"Middle Road"},"geometry":{"type":"LineString","coordinates":[[103.8523901,1.2997589],[103.85234,1.2998005]]}},{"type":"Feature","id":"osm-way-638282561","properties":{"kind":"road","name":"Middle Road"},"geometry":{"type":"LineString","coordinates":[[103.8524905,1.2998674],[103.8525206,1.2998425],[103.8527554,1.2996479],[103.8529619,1.2994768]]}},{"type":"Feature","id":"osm-way-638282562","properties":{"kind":"road","name":"Waterloo Street"},"geometry":{"type":"LineString","coordinates":[[103.8523901,1.2997589],[103.8523417,1.2997254],[103.8522895,1.299681]]}},{"type":"Feature","id":"osm-way-638282563","properties":{"kind":"road","name":"Waterloo Street"},"geometry":{"type":"LineString","coordinates":[[103.8524905,1.2998674],[103.8523901,1.2997589]]}},{"type":"Feature","id":"osm-way-638282564","properties":{"kind":"road","name":"Waterloo Street"},"geometry":{"type":"LineString","coordinates":[[103.85234,1.2998005],[103.8524355,1.2999134]]}},{"type":"Feature","id":"osm-way-638297782","properties":{"kind":"primaryRoad","name":""},"geometry":{"type":"LineString","coordinates":[[103.8641051,1.2999981],[103.8641692,1.2998749]]}},{"type":"Feature","id":"osm-way-638299589","properties":{"kind":"road","name":"Peck Seah Street"},"geometry":{"type":"LineString","coordinates":[[103.8452417,1.2789704],[103.8452129,1.2789519],[103.8451125,1.2789138]]}},{"type":"Feature","id":"osm-way-638299592","properties":{"kind":"road","name":"Maxwell Road"},"geometry":{"type":"LineString","coordinates":[[103.8452417,1.2789704],[103.8451824,1.2790447]]}},{"type":"Feature","id":"osm-way-638445433","properties":{"kind":"primaryRoad","name":"Republic Avenue"},"geometry":{"type":"LineString","coordinates":[[103.8641051,1.2999981],[103.8641601,1.3000197],[103.8643878,1.3001087]]}},{"type":"Feature","id":"osm-way-638969298","properties":{"kind":"road","name":"Coleman Street"},"geometry":{"type":"LineString","coordinates":[[103.8524169,1.2910386],[103.8524447,1.2910455],[103.8524814,1.2910567],[103.8525268,1.2910839]]}},{"type":"Feature","id":"osm-way-639006474","properties":{"kind":"road","name":"China Street"},"geometry":{"type":"LineString","coordinates":[[103.8482319,1.2842765],[103.8479118,1.2838138]]}},{"type":"Feature","id":"osm-way-639034134","properties":{"kind":"primaryRoad","name":"Church Street"},"geometry":{"type":"LineString","coordinates":[[103.8484438,1.2847305],[103.8484791,1.2847113]]}},{"type":"Feature","id":"osm-way-639034140","properties":{"kind":"primaryRoad","name":"Church Street"},"geometry":{"type":"LineString","coordinates":[[103.8483593,1.2847802],[103.8484438,1.2847305]]}},{"type":"Feature","id":"osm-way-639117847","properties":{"kind":"road","name":"Oxley Walk"},"geometry":{"type":"LineString","coordinates":[[103.8427599,1.297745],[103.8427334,1.2977341],[103.8426474,1.2977],[103.8425973,1.2976781],[103.842573,1.297661]]}},{"type":"Feature","id":"osm-way-639130359","properties":{"kind":"road","name":"Marina View"},"geometry":{"type":"LineString","coordinates":[[103.8518117,1.2786902],[103.8519746,1.2789509],[103.852019,1.2790254]]}},{"type":"Feature","id":"osm-way-639254781","properties":{"kind":"primaryRoad","name":"River Valley Road"},"geometry":{"type":"LineString","coordinates":[[103.8419868,1.2944541],[103.8420399,1.2943563],[103.8421135,1.2942536]]}},{"type":"Feature","id":"osm-way-639358422","properties":{"kind":"road","name":"Maxwell Road"},"geometry":{"type":"LineString","coordinates":[[103.8448956,1.2795928],[103.8451445,1.2792477]]}},{"type":"Feature","id":"osm-way-639368623","properties":{"kind":"primaryRoad","name":"Upper Cross Street"},"geometry":{"type":"LineString","coordinates":[[103.8458032,1.2838078],[103.8454578,1.2840158]]}},{"type":"Feature","id":"osm-way-639370466","properties":{"kind":"road","name":"Temasek Avenue"},"geometry":{"type":"LineString","coordinates":[[103.860903,1.2926215],[103.8609142,1.2921903]]}},{"type":"Feature","id":"osm-way-639370469","properties":{"kind":"road","name":"Temasek Avenue"},"geometry":{"type":"LineString","coordinates":[[103.8605813,1.2938426],[103.8606524,1.2937867]]}},{"type":"Feature","id":"osm-way-639384945","properties":{"kind":"primaryRoad","name":"Victoria Street"},"geometry":{"type":"LineString","coordinates":[[103.8527609,1.297012],[103.8530862,1.2974185]]}},{"type":"Feature","id":"osm-way-639406147","properties":{"kind":"road","name":"Maxwell Road"},"geometry":{"type":"LineString","coordinates":[[103.8451824,1.2790447],[103.8449254,1.2794082]]}},{"type":"Feature","id":"osm-way-639423699","properties":{"kind":"road","name":"North Bridge Road"},"geometry":{"type":"LineString","coordinates":[[103.8559114,1.298885],[103.8557717,1.2986961]]}},{"type":"Feature","id":"osm-way-639423700","properties":{"kind":"road","name":"North Bridge Road"},"geometry":{"type":"LineString","coordinates":[[103.8560617,1.2990881],[103.8559114,1.298885]]}},{"type":"Feature","id":"osm-way-639565718","properties":{"kind":"road","name":"Temasek Avenue"},"geometry":{"type":"LineString","coordinates":[[103.8606045,1.2937226],[103.8605353,1.2937729]]}},{"type":"Feature","id":"osm-way-639651058","properties":{"kind":"primaryRoad","name":"Nicoll Highway"},"geometry":{"type":"LineString","coordinates":[[103.8563465,1.2940077],[103.8565824,1.2943972]]}},{"type":"Feature","id":"osm-way-639651059","properties":{"kind":"primaryRoad","name":"Nicoll Highway"},"geometry":{"type":"LineString","coordinates":[[103.8565824,1.2943972],[103.8567824,1.2947274]]}},{"type":"Feature","id":"osm-way-639682610","properties":{"kind":"primaryRoad","name":"Sheares Avenue"},"geometry":{"type":"LineString","coordinates":[[103.8606819,1.2814874],[103.8603566,1.2808222],[103.8599633,1.2801285],[103.8596138,1.2795574]]}},{"type":"Feature","id":"osm-way-639855804","properties":{"kind":"road","name":"Club Street"},"geometry":{"type":"LineString","coordinates":[[103.8473279,1.2829106],[103.8472681,1.2828451]]}},{"type":"Feature","id":"osm-way-639856236","properties":{"kind":"road","name":"Kadayanallur Street"},"geometry":{"type":"LineString","coordinates":[[103.8452919,1.2801412],[103.8454325,1.2802305],[103.8454674,1.2802525]]}},{"type":"Feature","id":"osm-way-639856237","properties":{"kind":"road","name":"Ann Siang Road"},"geometry":{"type":"LineString","coordinates":[[103.8456792,1.2804378],[103.8454858,1.2802704],[103.8454674,1.2802525]]}},{"type":"Feature","id":"osm-way-639861526","properties":{"kind":"road","name":"Club Street"},"geometry":{"type":"LineString","coordinates":[[103.8469838,1.282692],[103.8467002,1.2826016]]}},{"type":"Feature","id":"osm-way-640009141","properties":{"kind":"road","name":"Queen Street"},"geometry":{"type":"LineString","coordinates":[[103.8522778,1.2980286],[103.8521601,1.2978853]]}},{"type":"Feature","id":"osm-way-640009142","properties":{"kind":"road","name":"Queen Street"},"geometry":{"type":"LineString","coordinates":[[103.8523161,1.2980739],[103.8522778,1.2980286]]}},{"type":"Feature","id":"osm-way-640009143","properties":{"kind":"road","name":"Queen Street"},"geometry":{"type":"LineString","coordinates":[[103.8525637,1.2984063],[103.8524019,1.2981895],[103.8523929,1.2981778],[103.8523848,1.2981665],[103.8523161,1.2980739]]}},{"type":"Feature","id":"osm-way-640009144","properties":{"kind":"road","name":"Queen Street"},"geometry":{"type":"LineString","coordinates":[[103.8528163,1.2987068],[103.8527388,1.2986134]]}},{"type":"Feature","id":"osm-way-640013058","properties":{"kind":"road","name":"Queen Street"},"geometry":{"type":"LineString","coordinates":[[103.8521152,1.2978283],[103.8520163,1.2977113]]}},{"type":"Feature","id":"osm-way-640013060","properties":{"kind":"road","name":"Queen Street"},"geometry":{"type":"LineString","coordinates":[[103.8521375,1.2978574],[103.8521152,1.2978283]]}},{"type":"Feature","id":"osm-way-640013063","properties":{"kind":"road","name":"Queen Street"},"geometry":{"type":"LineString","coordinates":[[103.8521601,1.2978853],[103.8521375,1.2978574]]}},{"type":"Feature","id":"osm-way-640017440","properties":{"kind":"road","name":"Queen Street"},"geometry":{"type":"LineString","coordinates":[[103.8520163,1.2977113],[103.8519159,1.2976345]]}},{"type":"Feature","id":"osm-way-640017442","properties":{"kind":"road","name":"Queen Street"},"geometry":{"type":"LineString","coordinates":[[103.851734,1.2974411],[103.8516494,1.297346],[103.8515988,1.2972784]]}},{"type":"Feature","id":"osm-way-640197597","properties":{"kind":"road","name":"Prinsep Link"},"geometry":{"type":"LineString","coordinates":[[103.8506667,1.3000888],[103.8508992,1.2998854]]}},{"type":"Feature","id":"osm-way-640199031","properties":{"kind":"road","name":"Queen Street"},"geometry":{"type":"LineString","coordinates":[[103.8534859,1.2995394],[103.8535066,1.2995652],[103.8536927,1.2997973]]}},{"type":"Feature","id":"osm-way-640199032","properties":{"kind":"road","name":"Manila Street"},"geometry":{"type":"LineString","coordinates":[[103.8538903,1.2992097],[103.8540417,1.2990895]]}},{"type":"Feature","id":"osm-way-640218275","properties":{"kind":"road","name":"Loke Yew Street"},"geometry":{"type":"LineString","coordinates":[[103.849949,1.2936365],[103.8500439,1.293586]]}},{"type":"Feature","id":"osm-way-640252513","properties":{"kind":"road","name":"Prinsep Street"},"geometry":{"type":"LineString","coordinates":[[103.8499048,1.2999349],[103.8500493,1.3001171]]}},{"type":"Feature","id":"osm-way-640278626","properties":{"kind":"road","name":"China Street"},"geometry":{"type":"LineString","coordinates":[[103.8484791,1.2847113],[103.8484397,1.2846434],[103.8483598,1.2845057]]}},{"type":"Feature","id":"osm-way-640286985","properties":{"kind":"primaryRoad","name":"Sheares Avenue"},"geometry":{"type":"LineString","coordinates":[[103.8605368,1.2816189],[103.8606237,1.281789]]}},{"type":"Feature","id":"osm-way-641059132","properties":{"kind":"primaryRoad","name":"River Valley Road"},"geometry":{"type":"LineString","coordinates":[[103.8449125,1.2922042],[103.8452585,1.2919632]]}},{"type":"Feature","id":"osm-way-641061646","properties":{"kind":"primaryRoad","name":"Victoria Street"},"geometry":{"type":"LineString","coordinates":[[103.8528406,1.2968793],[103.8528046,1.2968337]]}},{"type":"Feature","id":"osm-way-641118823","properties":{"kind":"road","name":"Duxton Hill"},"geometry":{"type":"LineString","coordinates":[[103.8436948,1.2794247],[103.8437657,1.2794192],[103.8438469,1.2794109]]}},{"type":"Feature","id":"osm-way-641146726","properties":{"kind":"road","name":"Queen Street"},"geometry":{"type":"LineString","coordinates":[[103.8526015,1.2984513],[103.8525637,1.2984063]]}},{"type":"Feature","id":"osm-way-641560132","properties":{"kind":"primaryRoad","name":"Nicoll Highway"},"geometry":{"type":"LineString","coordinates":[[103.8615617,1.299543],[103.8620786,1.2999357]]}},{"type":"Feature","id":"osm-way-641560136","properties":{"kind":"primaryRoad","name":"Nicoll Highway"},"geometry":{"type":"LineString","coordinates":[[103.862124,1.2997661],[103.8620786,1.2997349],[103.8604936,1.2985897]]}},{"type":"Feature","id":"osm-way-641798942","properties":{"kind":"park","name":""},"geometry":{"type":"Polygon","coordinates":[[[103.842597,1.2790173],[103.842478,1.2788982],[103.84252,1.2788504],[103.8427442,1.2788691],[103.8427336,1.2790278],[103.842597,1.2790173]]]}},{"type":"Feature","id":"osm-way-643767422","properties":{"kind":"road","name":"Park Crescent"},"geometry":{"type":"LineString","coordinates":[[103.8424898,1.2852413],[103.8428773,1.2857385],[103.8429177,1.2857854]]}},{"type":"Feature","id":"osm-way-643769203","properties":{"kind":"road","name":"Seah Street"},"geometry":{"type":"LineString","coordinates":[[103.8543967,1.2962608],[103.8541872,1.2964227],[103.8541193,1.2964783]]}},{"type":"Feature","id":"osm-way-643771780","properties":{"kind":"road","name":"Unity Street"},"geometry":{"type":"LineString","coordinates":[[103.8422129,1.2919719],[103.8418654,1.2921863]]}},{"type":"Feature","id":"osm-way-643774512","properties":{"kind":"road","name":"Circular Road"},"geometry":{"type":"LineString","coordinates":[[103.848877,1.2873411],[103.8488764,1.2871091]]}},{"type":"Feature","id":"osm-way-643774994","properties":{"kind":"road","name":"Peck Seah Street"},"geometry":{"type":"LineString","coordinates":[[103.8449792,1.2781959],[103.8449613,1.2780857]]}},{"type":"Feature","id":"osm-way-643775863","properties":{"kind":"road","name":"Seah Street"},"geometry":{"type":"LineString","coordinates":[[103.8545989,1.2961097],[103.8545071,1.2961796]]}},{"type":"Feature","id":"osm-way-643780145","properties":{"kind":"road","name":"Liang Seah Street"},"geometry":{"type":"LineString","coordinates":[[103.8557717,1.2986961],[103.855808,1.2986631],[103.8558964,1.2985829]]}},{"type":"Feature","id":"osm-way-643798805","properties":{"kind":"road","name":"Upper Circular Road"},"geometry":{"type":"LineString","coordinates":[[103.8483651,1.2886442],[103.848205,1.2887778]]}},{"type":"Feature","id":"osm-way-643807943","properties":{"kind":"road","name":"Sheares Link"},"geometry":{"type":"LineString","coordinates":[[103.8593916,1.2824957],[103.8595121,1.282417]]}},{"type":"Feature","id":"osm-way-643807947","properties":{"kind":"road","name":"Bayfront Avenue"},"geometry":{"type":"LineString","coordinates":[[103.8592829,1.2823309],[103.8593164,1.2823801]]}},{"type":"Feature","id":"osm-way-643810038","properties":{"kind":"road","name":"Bayfront Avenue"},"geometry":{"type":"LineString","coordinates":[[103.8595121,1.282417],[103.859437,1.2823044]]}},{"type":"Feature","id":"osm-way-643816016","properties":{"kind":"road","name":"Waterloo Street"},"geometry":{"type":"LineString","coordinates":[[103.8520399,1.299371],[103.8518362,1.2991261]]}},{"type":"Feature","id":"osm-way-643821244","properties":{"kind":"road","name":"Waterloo Street"},"geometry":{"type":"LineString","coordinates":[[103.852085,1.2994261],[103.8520399,1.299371]]}},{"type":"Feature","id":"osm-way-643832440","properties":{"kind":"road","name":"Rhu Cross"},"geometry":{"type":"LineString","coordinates":[[103.8678228,1.2962365],[103.8675981,1.2966426]]}},{"type":"Feature","id":"osm-way-643832441","properties":{"kind":"road","name":"Rhu Cross"},"geometry":{"type":"LineString","coordinates":[[103.8680895,1.2953356],[103.8680233,1.295618]]}},{"type":"Feature","id":"osm-way-643838293","properties":{"kind":"road","name":"Queen Street"},"geometry":{"type":"LineString","coordinates":[[103.8528466,1.2987444],[103.8528163,1.2987068]]}},{"type":"Feature","id":"osm-way-643869750","properties":{"kind":"road","name":"Marina Gardens Drive"},"geometry":{"type":"LineString","coordinates":[[103.8686764,1.2813451],[103.8687617,1.2814928]]}},{"type":"Feature","id":"osm-way-644332435","properties":{"kind":"road","name":"Waterloo Street"},"geometry":{"type":"LineString","coordinates":[[103.850571,1.2975992],[103.8505657,1.2975926],[103.8503851,1.297369],[103.8503328,1.2973008]]}},{"type":"Feature","id":"osm-way-644333263","properties":{"kind":"road","name":"Waterloo Street"},"geometry":{"type":"LineString","coordinates":[[103.8506767,1.2977225],[103.850571,1.2975992]]}},{"type":"Feature","id":"osm-way-644370432","properties":{"kind":"road","name":"Rhu Cross"},"geometry":{"type":"LineString","coordinates":[[103.86727,1.2973801],[103.8672632,1.2974939],[103.8672645,1.2976061]]}},{"type":"Feature","id":"osm-way-644406930","properties":{"kind":"road","name":"Jiak Chuan Road"},"geometry":{"type":"LineString","coordinates":[[103.8417835,1.2798153],[103.842066,1.2800148]]}},{"type":"Feature","id":"osm-way-644462865","properties":{"kind":"road","name":"Rhu Cross"},"geometry":{"type":"LineString","coordinates":[[103.8683373,1.293954],[103.8682737,1.2942219]]}},{"type":"Feature","id":"osm-way-644462866","properties":{"kind":"road","name":"Rhu Cross"},"geometry":{"type":"LineString","coordinates":[[103.8683786,1.2937958],[103.8683373,1.293954]]}},{"type":"Feature","id":"osm-way-644463280","properties":{"kind":"road","name":"Rhu Cross"},"geometry":{"type":"LineString","coordinates":[[103.8682737,1.2942219],[103.8682521,1.2943257]]}},{"type":"Feature","id":"osm-way-644463401","properties":{"kind":"road","name":"Rhu Cross"},"geometry":{"type":"LineString","coordinates":[[103.8682521,1.2943257],[103.8682353,1.2943982],[103.8682099,1.2944812]]}},{"type":"Feature","id":"osm-way-644831717","properties":{"kind":"road","name":"Duxton Hill"},"geometry":{"type":"LineString","coordinates":[[103.8435853,1.2794315],[103.8435458,1.2794321]]}},{"type":"Feature","id":"osm-way-644831721","properties":{"kind":"road","name":"Duxton Hill"},"geometry":{"type":"LineString","coordinates":[[103.8433026,1.2794164],[103.8435458,1.2794321]]}},{"type":"Feature","id":"osm-way-644843128","properties":{"kind":"road","name":"Tanjong Rhu Road"},"geometry":{"type":"LineString","coordinates":[[103.8682048,1.2959553],[103.8684025,1.296138],[103.8685637,1.2962962],[103.8687261,1.2964433],[103.8689418,1.2966285],[103.8690103,1.2966894],[103.8691017,1.296763],[103.8692539,1.2968898],[103.8693529,1.2969444],[103.8694684,1.2970002],[103.8695382,1.2970243],[103.8698097,1.2970763],[103.8700018,1.2971022],[103.8700355,1.2971067],[103.8703506,1.2971187],[103.8704553,1.2971275]]}},{"type":"Feature","id":"osm-way-644854271","properties":{"kind":"road","name":""},"geometry":{"type":"LineString","coordinates":[[103.8429694,1.2830035],[103.8429536,1.282977]]}},{"type":"Feature","id":"osm-way-644854606","properties":{"kind":"road","name":"Smith Street"},"geometry":{"type":"LineString","coordinates":[[103.8429694,1.2830035],[103.8432677,1.2828198],[103.8432718,1.2828037]]}},{"type":"Feature","id":"osm-way-644854607","properties":{"kind":"road","name":"Smith Street"},"geometry":{"type":"LineString","coordinates":[[103.8429536,1.282977],[103.8426584,1.2831527],[103.8426141,1.2831793]]}},{"type":"Feature","id":"osm-way-644889474","properties":{"kind":"road","name":"Upper Circular Road"},"geometry":{"type":"LineString","coordinates":[[103.848205,1.2887778],[103.8479885,1.2889585]]}},{"type":"Feature","id":"osm-way-646629559","properties":{"kind":"road","name":"Canning Rise"},"geometry":{"type":"LineString","coordinates":[[103.8484271,1.2937246],[103.8483969,1.2937862]]}},{"type":"Feature","id":"osm-way-646629642","properties":{"kind":"road","name":"Fort Canning Road"},"geometry":{"type":"LineString","coordinates":[[103.8453879,1.2972469],[103.8452972,1.2972061]]}},{"type":"Feature","id":"osm-way-646630092","properties":{"kind":"road","name":"Loke Yew Street"},"geometry":{"type":"LineString","coordinates":[[103.8498101,1.2937144],[103.849949,1.2936365]]}},{"type":"Feature","id":"osm-way-646661851","properties":{"kind":"primaryRoad","name":"Republic Boulevard"},"geometry":{"type":"LineString","coordinates":[[103.862529,1.295918],[103.8626601,1.2967229]]}},{"type":"Feature","id":"osm-way-646661852","properties":{"kind":"primaryRoad","name":"Republic Boulevard"},"geometry":{"type":"LineString","coordinates":[[103.8623862,1.2945431],[103.8624556,1.2951265]]}},{"type":"Feature","id":"osm-way-646695865","properties":{"kind":"road","name":"Jalan Rumbia"},"geometry":{"type":"LineString","coordinates":[[103.8432135,1.296313],[103.8432269,1.2963896],[103.8432677,1.2964838],[103.8432824,1.2965177],[103.8433197,1.2965917]]}},{"type":"Feature","id":"osm-way-646730739","properties":{"kind":"road","name":"Fort Canning Road"},"geometry":{"type":"LineString","coordinates":[[103.8470351,1.2975407],[103.8467202,1.2975355],[103.8466365,1.2975342],[103.8461876,1.2974583]]}},{"type":"Feature","id":"osm-way-646968408","properties":{"kind":"primaryRoad","name":"Central Boulevard"},"geometry":{"type":"LineString","coordinates":[[103.8537218,1.2788611],[103.8532298,1.2791687],[103.8531601,1.2792144]]}},{"type":"Feature","id":"osm-way-646968987","properties":{"kind":"road","name":"Armenian Street"},"geometry":{"type":"LineString","coordinates":[[103.8491524,1.2937997],[103.8492496,1.2939811]]}},{"type":"Feature","id":"osm-way-647084203","properties":{"kind":"road","name":"Duxton Hill"},"geometry":{"type":"LineString","coordinates":[[103.8428257,1.2789771],[103.8428298,1.2789253]]}},{"type":"Feature","id":"osm-way-647084783","properties":{"kind":"road","name":"Saint Andrew's Road"},"geometry":{"type":"LineString","coordinates":[[103.8529922,1.2919144],[103.8530832,1.2920809],[103.853132,1.2921701]]}},{"type":"Feature","id":"osm-way-647087569","properties":{"kind":"road","name":"Keong Saik Road"},"geometry":{"type":"LineString","coordinates":[[103.8420582,1.2815187],[103.8419792,1.2813641]]}},{"type":"Feature","id":"osm-way-647614986","properties":{"kind":"primaryRoad","name":"Victoria Street"},"geometry":{"type":"LineString","coordinates":[[103.8514153,1.295506],[103.8515011,1.2955985]]}},{"type":"Feature","id":"osm-way-647614988","properties":{"kind":"primaryRoad","name":"Victoria Street"},"geometry":{"type":"LineString","coordinates":[[103.8510325,1.2949436],[103.8510045,1.2949119],[103.8507044,1.2945533],[103.8506392,1.2944574]]}},{"type":"Feature","id":"osm-way-647615471","properties":{"kind":"primaryRoad","name":"Victoria Street"},"geometry":{"type":"LineString","coordinates":[[103.8520195,1.2959364],[103.8519278,1.2958444],[103.851599,1.2955226]]}},{"type":"Feature","id":"osm-way-647615472","properties":{"kind":"primaryRoad","name":"Victoria Street"},"geometry":{"type":"LineString","coordinates":[[103.8517651,1.2958866],[103.8518194,1.2959447],[103.8519011,1.2960284]]}},{"type":"Feature","id":"osm-way-649059109","properties":{"kind":"road","name":"Fullerton Square"},"geometry":{"type":"LineString","coordinates":[[103.8529544,1.2844966],[103.8530602,1.2849124],[103.8530964,1.2850649]]}},{"type":"Feature","id":"osm-way-649123365","properties":{"kind":"road","name":"Merchant Road"},"geometry":{"type":"LineString","coordinates":[[103.8447513,1.2882148],[103.8444199,1.2884734]]}},{"type":"Feature","id":"osm-way-649123366","properties":{"kind":"road","name":"Merchant Road"},"geometry":{"type":"LineString","coordinates":[[103.8444199,1.2884734],[103.8443569,1.2885246]]}},{"type":"Feature","id":"osm-way-649128791","properties":{"kind":"primaryRoad","name":"Marina Boulevard"},"geometry":{"type":"LineString","coordinates":[[103.8576518,1.2785359],[103.858285,1.2781256]]}},{"type":"Feature","id":"osm-way-649136603","properties":{"kind":"primaryRoad","name":"Marina Boulevard"},"geometry":{"type":"LineString","coordinates":[[103.8555963,1.2798559],[103.8558831,1.279671]]}},{"type":"Feature","id":"osm-way-649334735","properties":{"kind":"primaryRoad","name":"Victoria Street"},"geometry":{"type":"LineString","coordinates":[[103.8513344,1.2954281],[103.8513962,1.2954858],[103.8514153,1.295506]]}},{"type":"Feature","id":"osm-way-649335668","properties":{"kind":"primaryRoad","name":"Rochor Road"},"geometry":{"type":"LineString","coordinates":[[103.8586122,1.2976373],[103.8585985,1.2976519],[103.8583693,1.2978965]]}},{"type":"Feature","id":"osm-way-649336906","properties":{"kind":"primaryRoad","name":"Raffles Boulevard"},"geometry":{"type":"LineString","coordinates":[[103.8570723,1.2924516],[103.857176,1.2923891]]}},{"type":"Feature","id":"osm-way-649338096","properties":{"kind":"primaryRoad","name":"Orchard Road"},"geometry":{"type":"LineString","coordinates":[[103.8487422,1.2974409],[103.8486291,1.2975236]]}},{"type":"Feature","id":"osm-way-649339177","properties":{"kind":"road","name":"Beach Road"},"geometry":{"type":"LineString","coordinates":[[103.8542842,1.2932583],[103.8543721,1.2934069]]}},{"type":"Feature","id":"osm-way-649489756","properties":{"kind":"primaryRoad","name":"Eu Tong Sen Street"},"geometry":{"type":"LineString","coordinates":[[103.8452109,1.2865509],[103.8453089,1.2866706]]}},{"type":"Feature","id":"osm-way-649520780","properties":{"kind":"road","name":"Saint Andrew's Road"},"geometry":{"type":"LineString","coordinates":[[103.8526354,1.2912821],[103.8529922,1.2919144]]}},{"type":"Feature","id":"osm-way-649530135","properties":{"kind":"road","name":"Middle Road"},"geometry":{"type":"LineString","coordinates":[[103.8527097,1.2995027],[103.8524255,1.2997305],[103.8523901,1.2997589]]}},{"type":"Feature","id":"osm-way-649550324","properties":{"kind":"primaryRoad","name":"Nicoll Highway"},"geometry":{"type":"LineString","coordinates":[[103.8570184,1.2951135],[103.8570577,1.2951778]]}},{"type":"Feature","id":"osm-way-649763834","properties":{"kind":"primaryRoad","name":"Eu Tong Sen Street"},"geometry":{"type":"LineString","coordinates":[[103.8467424,1.2883397],[103.8469287,1.2885573]]}},{"type":"Feature","id":"osm-way-649763835","properties":{"kind":"primaryRoad","name":"Eu Tong Sen Street"},"geometry":{"type":"LineString","coordinates":[[103.8463526,1.2878841],[103.8465239,1.2880819]]}},{"type":"Feature","id":"osm-way-649770884","properties":{"kind":"primaryRoad","name":"Penang Road"},"geometry":{"type":"LineString","coordinates":[[103.8443111,1.2985359],[103.8441591,1.2985922]]}},{"type":"Feature","id":"osm-way-649785096","properties":{"kind":"road","name":"Sheares Link"},"geometry":{"type":"LineString","coordinates":[[103.8601566,1.2818606],[103.8598361,1.2820616]]}},{"type":"Feature","id":"osm-way-649785097","properties":{"kind":"road","name":"Sheares Link"},"geometry":{"type":"LineString","coordinates":[[103.8605368,1.2816189],[103.8601566,1.2818606]]}},{"type":"Feature","id":"osm-way-649792055","properties":{"kind":"road","name":"Beach Road"},"geometry":{"type":"LineString","coordinates":[[103.8589673,1.2994189],[103.8590147,1.2994685],[103.8592773,1.2997433]]}},{"type":"Feature","id":"osm-way-649807178","properties":{"kind":"road","name":"North Bridge Road"},"geometry":{"type":"LineString","coordinates":[[103.8536796,1.2958947],[103.8535599,1.2957359],[103.8535416,1.2957115]]}},{"type":"Feature","id":"osm-way-649807912","properties":{"kind":"primaryRoad","name":"Fullerton Road"},"geometry":{"type":"LineString","coordinates":[[103.852912,1.2843783],[103.8529544,1.2844966]]}},{"type":"Feature","id":"osm-way-649814196","properties":{"kind":"road","name":"South Canal Road"},"geometry":{"type":"LineString","coordinates":[[103.8469516,1.2868479],[103.8466883,1.2869779]]}},{"type":"Feature","id":"osm-way-649944021","properties":{"kind":"primaryRoad","name":"Raffles Boulevard"},"geometry":{"type":"LineString","coordinates":[[103.8590169,1.2914743],[103.8591706,1.2914593]]}},{"type":"Feature","id":"osm-way-650012760","properties":{"kind":"primaryRoad","name":"Orchard Road"},"geometry":{"type":"LineString","coordinates":[[103.8458124,1.2990917],[103.8463783,1.298908]]}},{"type":"Feature","id":"osm-way-650012761","properties":{"kind":"primaryRoad","name":"Orchard Road"},"geometry":{"type":"LineString","coordinates":[[103.8465819,1.2988347],[103.8467733,1.2987639],[103.8469449,1.2987223],[103.8471133,1.2986962]]}},{"type":"Feature","id":"osm-way-650070967","properties":{"kind":"primaryRoad","name":"River Valley Road"},"geometry":{"type":"LineString","coordinates":[[103.8425864,1.2936679],[103.8423409,1.2938631]]}},{"type":"Feature","id":"osm-way-650084964","properties":{"kind":"primaryRoad","name":"Stamford Road"},"geometry":{"type":"LineString","coordinates":[[103.854467,1.2918487],[103.8543182,1.2920088]]}},{"type":"Feature","id":"osm-way-651074255","properties":{"kind":"road","name":"Beach Road"},"geometry":{"type":"LineString","coordinates":[[103.8588866,1.2991728],[103.8586949,1.2989818],[103.8586567,1.2989437]]}},{"type":"Feature","id":"osm-way-651173807","properties":{"kind":"road","name":"Merchant Road"},"geometry":{"type":"LineString","coordinates":[[103.8459283,1.2873956],[103.8458539,1.2874441],[103.8455039,1.2876724]]}},{"type":"Feature","id":"osm-way-651179532","properties":{"kind":"road","name":"Keong Saik Road"},"geometry":{"type":"LineString","coordinates":[[103.8424682,1.2826391],[103.8426189,1.2824884]]}},{"type":"Feature","id":"osm-way-651183268","properties":{"kind":"primaryRoad","name":"Upper Cross Street"},"geometry":{"type":"LineString","coordinates":[[103.8450583,1.2842621],[103.8447943,1.2844266]]}},{"type":"Feature","id":"osm-way-651186800","properties":{"kind":"primaryRoad","name":"River Valley Road"},"geometry":{"type":"LineString","coordinates":[[103.846298,1.291238],[103.8467107,1.2909519],[103.8473333,1.2905215]]}},{"type":"Feature","id":"osm-way-651196536","properties":{"kind":"road","name":"Keong Saik Road"},"geometry":{"type":"LineString","coordinates":[[103.8423422,1.2819822],[103.8420582,1.2815187]]}},{"type":"Feature","id":"osm-way-651196538","properties":{"kind":"road","name":"Keong Saik Road"},"geometry":{"type":"LineString","coordinates":[[103.8426189,1.2824884],[103.8424594,1.2821966]]}},{"type":"Feature","id":"osm-way-651839970","properties":{"kind":"primaryRoad","name":"Ophir Road"},"geometry":{"type":"LineString","coordinates":[[103.8604458,1.2977646],[103.8605414,1.2975288]]}},{"type":"Feature","id":"osm-way-651874715","properties":{"kind":"road","name":"Bayfront Avenue"},"geometry":{"type":"LineString","coordinates":[[103.8608723,1.2886893],[103.8608867,1.2891846]]}},{"type":"Feature","id":"osm-way-651934410","properties":{"kind":"road","name":"Oxley Rise"},"geometry":{"type":"LineString","coordinates":[[103.8427037,1.2978561],[103.842583,1.2980794]]}},{"type":"Feature","id":"osm-way-651934413","properties":{"kind":"road","name":"Oxley Rise"},"geometry":{"type":"LineString","coordinates":[[103.8433034,1.2967379],[103.8431906,1.2968741],[103.843101,1.2969899],[103.8430262,1.297088]]}},{"type":"Feature","id":"osm-way-651983305","properties":{"kind":"primaryRoad","name":"Victoria Street"},"geometry":{"type":"LineString","coordinates":[[103.8549254,1.2996495],[103.8552542,1.300045]]}},{"type":"Feature","id":"osm-way-652291742","properties":{"kind":"road","name":"Straits View"},"geometry":{"type":"LineString","coordinates":[[103.8525322,1.2782163],[103.8519503,1.2773044]]}},{"type":"Feature","id":"osm-way-652315959","properties":{"kind":"road","name":"Merbau Road"},"geometry":{"type":"LineString","coordinates":[[103.8429072,1.2931601],[103.8427882,1.2929711]]}},{"type":"Feature","id":"osm-way-652315962","properties":{"kind":"road","name":"Merbau Road"},"geometry":{"type":"LineString","coordinates":[[103.8427882,1.2929711],[103.842634,1.2927016]]}},{"type":"Feature","id":"osm-way-652315965","properties":{"kind":"road","name":"Merbau Road"},"geometry":{"type":"LineString","coordinates":[[103.842634,1.2927016],[103.8425858,1.2926184],[103.8423825,1.2922677]]}},{"type":"Feature","id":"osm-way-652315969","properties":{"kind":"road","name":"Merbau Road"},"geometry":{"type":"LineString","coordinates":[[103.8423825,1.2922677],[103.8422472,1.2920316],[103.8422129,1.2919719]]}},{"type":"Feature","id":"osm-way-652384715","properties":{"kind":"road","name":"Tanjong Pagar Road"},"geometry":{"type":"LineString","coordinates":[[103.8439262,1.2794032],[103.8439254,1.2791673],[103.8439235,1.2788438]]}},{"type":"Feature","id":"osm-way-652392542","properties":{"kind":"primaryRoad","name":"Republic Avenue"},"geometry":{"type":"LineString","coordinates":[[103.8629141,1.298233],[103.8629557,1.2985165],[103.8630222,1.2988261]]}},{"type":"Feature","id":"osm-way-652559893","properties":{"kind":"primaryRoad","name":"Prinsep Street"},"geometry":{"type":"LineString","coordinates":[[103.8493787,1.299376],[103.8495385,1.2996632]]}},{"type":"Feature","id":"osm-way-652559895","properties":{"kind":"primaryRoad","name":"Prinsep Street"},"geometry":{"type":"LineString","coordinates":[[103.849127,1.2990764],[103.8492839,1.2992664],[103.8493787,1.299376]]}},{"type":"Feature","id":"osm-way-654223306","properties":{"kind":"primaryRoad","name":"Republic Boulevard"},"geometry":{"type":"LineString","coordinates":[[103.862531,1.2913032],[103.8626721,1.2913649],[103.862765,1.2914334],[103.8628065,1.2914723],[103.8628486,1.2915327]]}},{"type":"Feature","id":"osm-way-654224115","properties":{"kind":"primaryRoad","name":"Penang Road"},"geometry":{"type":"LineString","coordinates":[[103.8463648,1.2979067],[103.8459222,1.2980223]]}},{"type":"Feature","id":"osm-way-654283474","properties":{"kind":"road","name":"Temasek Boulevard"},"geometry":{"type":"LineString","coordinates":[[103.8582405,1.2937113],[103.858378,1.2939486]]}},{"type":"Feature","id":"osm-way-654283476","properties":{"kind":"road","name":"Temasek Boulevard"},"geometry":{"type":"LineString","coordinates":[[103.858378,1.2939486],[103.8585234,1.2941993]]}},{"type":"Feature","id":"osm-way-654723454","properties":{"kind":"primaryRoad","name":"Hill Street"},"geometry":{"type":"LineString","coordinates":[[103.8495306,1.2925377],[103.8495696,1.2926289],[103.8496622,1.292845],[103.8496842,1.2928907],[103.8498421,1.2932189]]}},{"type":"Feature","id":"osm-way-654726970","properties":{"kind":"road","name":"North Bridge Road"},"geometry":{"type":"LineString","coordinates":[[103.8513431,1.292466],[103.8512937,1.2923809]]}},{"type":"Feature","id":"osm-way-654731785","properties":{"kind":"road","name":"Queen Street"},"geometry":{"type":"LineString","coordinates":[[103.8503447,1.2957886],[103.8504374,1.2959165],[103.8507026,1.2962367]]}},{"type":"Feature","id":"osm-way-654731786","properties":{"kind":"road","name":"Queen Street"},"geometry":{"type":"LineString","coordinates":[[103.8507026,1.2962367],[103.8507702,1.2963131],[103.8509598,1.296524]]}},{"type":"Feature","id":"osm-way-654734120","properties":{"kind":"road","name":"North Bridge Road"},"geometry":{"type":"LineString","coordinates":[[103.8530213,1.2950085],[103.8529472,1.2949025],[103.8526534,1.294486],[103.8526368,1.2944621]]}},{"type":"Feature","id":"osm-way-654744791","properties":{"kind":"primaryRoad","name":"Penang Road"},"geometry":{"type":"LineString","coordinates":[[103.8423939,1.2996002],[103.8422907,1.2996393],[103.8421078,1.2996735]]}},{"type":"Feature","id":"osm-way-654744792","properties":{"kind":"primaryRoad","name":"Penang Road"},"geometry":{"type":"LineString","coordinates":[[103.8421078,1.2996735],[103.8419558,1.2997034]]}},{"type":"Feature","id":"osm-way-654758971","properties":{"kind":"road","name":"Middle Road"},"geometry":{"type":"LineString","coordinates":[[103.8546221,1.2981116],[103.854733,1.2980177]]}},{"type":"Feature","id":"osm-way-654764065","properties":{"kind":"road","name":"Middle Road"},"geometry":{"type":"LineString","coordinates":[[103.8566097,1.2961611],[103.8569041,1.2959418],[103.8572573,1.295677],[103.8573402,1.2956223]]}},{"type":"Feature","id":"osm-way-654769090","properties":{"kind":"road","name":"Maxwell Road"},"geometry":{"type":"LineString","coordinates":[[103.8457392,1.2784008],[103.8461709,1.2778596]]}},{"type":"Feature","id":"osm-way-654771393","properties":{"kind":"primaryRoad","name":"Upper Cross Street"},"geometry":{"type":"LineString","coordinates":[[103.8429213,1.2876545],[103.8429859,1.2876693],[103.8432444,1.2876379]]}},{"type":"Feature","id":"osm-way-654772975","properties":{"kind":"road","name":"Tanjong Pagar Road"},"geometry":{"type":"LineString","coordinates":[[103.8439071,1.2798496],[103.8440129,1.2803203],[103.8440389,1.2804057]]}},{"type":"Feature","id":"osm-way-654860379","properties":{"kind":"road","name":"Merchant Road"},"geometry":{"type":"LineString","coordinates":[[103.8455428,1.2877873],[103.845924,1.2875324],[103.8459996,1.2874818]]}},{"type":"Feature","id":"osm-way-654860381","properties":{"kind":"road","name":"Merchant Road"},"geometry":{"type":"LineString","coordinates":[[103.8445367,1.28867],[103.8447163,1.2885069]]}},{"type":"Feature","id":"osm-way-654860382","properties":{"kind":"road","name":"Merchant Road"},"geometry":{"type":"LineString","coordinates":[[103.8447163,1.2885069],[103.8448875,1.2883216]]}},{"type":"Feature","id":"osm-way-654860383","properties":{"kind":"road","name":"Merchant Road"},"geometry":{"type":"LineString","coordinates":[[103.8431234,1.2897304],[103.843357,1.2895812]]}},{"type":"Feature","id":"osm-way-654860384","properties":{"kind":"road","name":"Merchant Road"},"geometry":{"type":"LineString","coordinates":[[103.843357,1.2895812],[103.8434907,1.2894935],[103.8438194,1.289279],[103.8440353,1.2891149],[103.8441106,1.2890583],[103.8442302,1.2889505],[103.8445367,1.28867]]}},{"type":"Feature","id":"osm-way-654861480","properties":{"kind":"road","name":"Merchant Road"},"geometry":{"type":"LineString","coordinates":[[103.8431112,1.2894103],[103.8429114,1.2895355]]}},{"type":"Feature","id":"osm-way-654869747","properties":{"kind":"primaryRoad","name":"Clemenceau Avenue"},"geometry":{"type":"LineString","coordinates":[[103.8438718,1.2971597],[103.8439014,1.2968199]]}},{"type":"Feature","id":"osm-way-654869748","properties":{"kind":"primaryRoad","name":"Clemenceau Avenue"},"geometry":{"type":"LineString","coordinates":[[103.8438328,1.2978254],[103.8438503,1.2975592]]}},{"type":"Feature","id":"osm-way-654869749","properties":{"kind":"primaryRoad","name":"Clemenceau Avenue"},"geometry":{"type":"LineString","coordinates":[[103.8439014,1.2968199],[103.8439276,1.296562],[103.8440499,1.2956013]]}},{"type":"Feature","id":"osm-way-654877041","properties":{"kind":"primaryRoad","name":"Orchard Road"},"geometry":{"type":"LineString","coordinates":[[103.8483977,1.2976929],[103.8481278,1.2979092]]}},{"type":"Feature","id":"osm-way-654956712","properties":{"kind":"primaryRoad","name":"River Valley Road"},"geometry":{"type":"LineString","coordinates":[[103.8457481,1.2914468],[103.845518,1.2915985]]}},{"type":"Feature","id":"osm-way-654956714","properties":{"kind":"primaryRoad","name":"River Valley Road"},"geometry":{"type":"LineString","coordinates":[[103.8461801,1.2911575],[103.8458981,1.2913463],[103.8457481,1.2914468]]}},{"type":"Feature","id":"osm-way-654956717","properties":{"kind":"primaryRoad","name":"River Valley Road"},"geometry":{"type":"LineString","coordinates":[[103.8463754,1.2910267],[103.8463005,1.2910769]]}},{"type":"Feature","id":"osm-way-654963620","properties":{"kind":"primaryRoad","name":"Clemenceau Avenue"},"geometry":{"type":"LineString","coordinates":[[103.8441247,1.2949792],[103.8441548,1.2947329],[103.8442031,1.2943112]]}},{"type":"Feature","id":"osm-way-654963624","properties":{"kind":"primaryRoad","name":"Clemenceau Avenue"},"geometry":{"type":"LineString","coordinates":[[103.8441145,1.2936362],[103.8441062,1.2936134],[103.8440364,1.2934689]]}},{"type":"Feature","id":"osm-way-654973851","properties":{"kind":"primaryRoad","name":"Clemenceau Avenue"},"geometry":{"type":"LineString","coordinates":[[103.8440073,1.294899],[103.8439912,1.2949968],[103.8439791,1.2950601]]}},{"type":"Feature","id":"osm-way-654973854","properties":{"kind":"primaryRoad","name":"Clemenceau Avenue"},"geometry":{"type":"LineString","coordinates":[[103.8439791,1.2950601],[103.8439502,1.2953426]]}},{"type":"Feature","id":"osm-way-654993528","properties":{"kind":"road","name":"Straits View"},"geometry":{"type":"LineString","coordinates":[[103.854166,1.2807783],[103.8541311,1.2807247],[103.8537261,1.280105]]}},{"type":"Feature","id":"osm-way-654994657","properties":{"kind":"primaryRoad","name":"Republic Avenue"},"geometry":{"type":"LineString","coordinates":[[103.8635599,1.2997319],[103.8637626,1.2998479]]}},{"type":"Feature","id":"osm-way-654995228","properties":{"kind":"primaryRoad","name":"Bencoolen Street"},"geometry":{"type":"LineString","coordinates":[[103.8498774,1.298302],[103.8498602,1.2982819],[103.8498458,1.298265]]}},{"type":"Feature","id":"osm-way-654995229","properties":{"kind":"primaryRoad","name":"Bencoolen Street"},"geometry":{"type":"LineString","coordinates":[[103.8510932,1.2997268],[103.8509438,1.2995518]]}},{"type":"Feature","id":"osm-way-654996884","properties":{"kind":"primaryRoad","name":"Collyer Quay"},"geometry":{"type":"LineString","coordinates":[[103.8528842,1.2837265],[103.8527982,1.2834825],[103.8527325,1.2833082]]}},{"type":"Feature","id":"osm-way-656549549","properties":{"kind":"road","name":"Beach Road"},"geometry":{"type":"LineString","coordinates":[[103.8572757,1.2975721],[103.8572592,1.2975539]]}},{"type":"Feature","id":"osm-way-656719472","properties":{"kind":"road","name":"Beach Road"},"geometry":{"type":"LineString","coordinates":[[103.8585472,1.2988331],[103.8581714,1.2984564]]}},{"type":"Feature","id":"osm-way-656741946","properties":{"kind":"primaryRoad","name":"Clemenceau Avenue"},"geometry":{"type":"LineString","coordinates":[[103.8438128,1.2981529],[103.8438235,1.2979816]]}},{"type":"Feature","id":"osm-way-656741947","properties":{"kind":"primaryRoad","name":"Clemenceau Avenue"},"geometry":{"type":"LineString","coordinates":[[103.8436894,1.2981505],[103.8436709,1.298577]]}},{"type":"Feature","id":"osm-way-656741948","properties":{"kind":"primaryRoad","name":"Clemenceau Avenue"},"geometry":{"type":"LineString","coordinates":[[103.8436894,1.2981505],[103.8438128,1.2981529]]}},{"type":"Feature","id":"osm-way-656792746","properties":{"kind":"primaryRoad","name":"Clemenceau Avenue"},"geometry":{"type":"LineString","coordinates":[[103.8440216,1.2947914],[103.8440073,1.294899]]}},{"type":"Feature","id":"osm-way-656793780","properties":{"kind":"primaryRoad","name":"Clemenceau Avenue"},"geometry":{"type":"LineString","coordinates":[[103.8441215,1.2950074],[103.8441247,1.2949792]]}},{"type":"Feature","id":"osm-way-657479345","properties":{"kind":"road","name":"Telok Ayer Street"},"geometry":{"type":"LineString","coordinates":[[103.8468769,1.2786642],[103.8468781,1.2787248]]}},{"type":"Feature","id":"osm-way-658240543","properties":{"kind":"primaryRoad","name":"Sheares Avenue"},"geometry":{"type":"LineString","coordinates":[[103.8608206,1.2822815],[103.8609166,1.282575]]}},{"type":"Feature","id":"osm-way-659688753","properties":{"kind":"road","name":"Armenian Street"},"geometry":{"type":"LineString","coordinates":[[103.8490401,1.2935875],[103.8489816,1.2934853]]}},{"type":"Feature","id":"osm-way-661367198","properties":{"kind":"primaryRoad","name":"Orchard Road"},"geometry":{"type":"LineString","coordinates":[[103.8463783,1.298908],[103.8465819,1.2988347]]}},{"type":"Feature","id":"osm-way-661367199","properties":{"kind":"primaryRoad","name":"Orchard Road"},"geometry":{"type":"LineString","coordinates":[[103.8438222,1.299748],[103.8439846,1.2996931],[103.8442578,1.2996008],[103.844592,1.2994879]]}},{"type":"Feature","id":"osm-way-661370852","properties":{"kind":"primaryRoad","name":"Bras Basah Road"},"geometry":{"type":"LineString","coordinates":[[103.8497208,1.2977928],[103.8499544,1.2976056]]}},{"type":"Feature","id":"osm-way-661661298","properties":{"kind":"primaryRoad","name":"Eu Tong Sen Street"},"geometry":{"type":"LineString","coordinates":[[103.8431163,1.2840789],[103.8431967,1.2841758]]}},{"type":"Feature","id":"osm-way-661661915","properties":{"kind":"primaryRoad","name":"New Bridge Road"},"geometry":{"type":"LineString","coordinates":[[103.8436168,1.2843631],[103.8433167,1.2840131]]}},{"type":"Feature","id":"osm-way-661662014","properties":{"kind":"primaryRoad","name":"New Bridge Road"},"geometry":{"type":"LineString","coordinates":[[103.8436784,1.2844355],[103.8436168,1.2843631]]}},{"type":"Feature","id":"osm-way-661665121","properties":{"kind":"primaryRoad","name":"Eu Tong Sen Street"},"geometry":{"type":"LineString","coordinates":[[103.8443411,1.2855406],[103.8445207,1.2857434]]}},{"type":"Feature","id":"osm-way-661671265","properties":{"kind":"primaryRoad","name":"Victoria Street"},"geometry":{"type":"LineString","coordinates":[[103.8528046,1.2968337],[103.8521598,1.2960967]]}},{"type":"Feature","id":"osm-way-661914844","properties":{"kind":"primaryRoad","name":"Shenton Way"},"geometry":{"type":"LineString","coordinates":[[103.8500047,1.2790151],[103.8499108,1.2788687],[103.8498119,1.2787145]]}},{"type":"Feature","id":"osm-way-661922135","properties":{"kind":"primaryRoad","name":"Robinson Road"},"geometry":{"type":"LineString","coordinates":[[103.8486161,1.2785002],[103.8487939,1.2787901],[103.8488095,1.2788159]]}},{"type":"Feature","id":"osm-way-661922136","properties":{"kind":"primaryRoad","name":"Robinson Road"},"geometry":{"type":"LineString","coordinates":[[103.848052,1.2775832],[103.8486161,1.2785002]]}},{"type":"Feature","id":"osm-way-661925617","properties":{"kind":"primaryRoad","name":"Cross Street"},"geometry":{"type":"LineString","coordinates":[[103.848036,1.2825076],[103.8478078,1.2826326]]}},{"type":"Feature","id":"osm-way-661928065","properties":{"kind":"road","name":"Cecil Street"},"geometry":{"type":"LineString","coordinates":[[103.84858,1.2800637],[103.8487574,1.2803612]]}},{"type":"Feature","id":"osm-way-661928080","properties":{"kind":"road","name":"Cecil Street"},"geometry":{"type":"LineString","coordinates":[[103.8480938,1.2792655],[103.8481177,1.2793047],[103.84858,1.2800637]]}},{"type":"Feature","id":"osm-way-661944135","properties":{"kind":"primaryRoad","name":"Bencoolen Street"},"geometry":{"type":"LineString","coordinates":[[103.8509438,1.2995518],[103.8507974,1.2993745]]}},{"type":"Feature","id":"osm-way-661944137","properties":{"kind":"primaryRoad","name":"Bencoolen Street"},"geometry":{"type":"LineString","coordinates":[[103.8514147,1.3001046],[103.8510932,1.2997268]]}},{"type":"Feature","id":"osm-way-661946312","properties":{"kind":"primaryRoad","name":"Bencoolen Street"},"geometry":{"type":"LineString","coordinates":[[103.8505069,1.2990397],[103.8504346,1.298955],[103.8502048,1.2986857]]}},{"type":"Feature","id":"osm-way-661946313","properties":{"kind":"primaryRoad","name":"Bencoolen Street"},"geometry":{"type":"LineString","coordinates":[[103.8507974,1.2993745],[103.8505069,1.2990397]]}},{"type":"Feature","id":"osm-way-663073352","properties":{"kind":"primaryRoad","name":"Church Street"},"geometry":{"type":"LineString","coordinates":[[103.8496864,1.2838003],[103.849896,1.2834357]]}},{"type":"Feature","id":"osm-way-663439489","properties":{"kind":"road","name":"Marina Gardens Drive"},"geometry":{"type":"LineString","coordinates":[[103.8659586,1.280515],[103.8659958,1.280525]]}},{"type":"Feature","id":"osm-way-663439490","properties":{"kind":"road","name":"Gardens by the Bay"},"geometry":{"type":"LineString","coordinates":[[103.8660397,1.2807247],[103.8660516,1.280674],[103.866086,1.2805482]]}},{"type":"Feature","id":"osm-way-665257561","properties":{"kind":"road","name":""},"geometry":{"type":"LineString","coordinates":[[103.8487739,1.2795608],[103.8488302,1.2796499]]}},{"type":"Feature","id":"osm-way-665257562","properties":{"kind":"road","name":""},"geometry":{"type":"LineString","coordinates":[[103.8484485,1.2790452],[103.8484732,1.2790843],[103.8487739,1.2795608]]}},{"type":"Feature","id":"osm-way-665258090","properties":{"kind":"road","name":"Telok Ayer Street"},"geometry":{"type":"LineString","coordinates":[[103.8468777,1.2784806],[103.8468766,1.2785414],[103.8468769,1.2785982],[103.8468769,1.2786642]]}},{"type":"Feature","id":"osm-way-665261161","properties":{"kind":"road","name":"Telok Ayer Street"},"geometry":{"type":"LineString","coordinates":[[103.847064,1.2795011],[103.8470992,1.2795832],[103.847133,1.2796659]]}},{"type":"Feature","id":"osm-way-665261162","properties":{"kind":"road","name":"Telok Ayer Street"},"geometry":{"type":"LineString","coordinates":[[103.8469125,1.278985],[103.8469426,1.279147],[103.8469626,1.2792113],[103.8470034,1.2793321],[103.847064,1.2795011]]}},{"type":"Feature","id":"osm-way-665261163","properties":{"kind":"road","name":"Telok Ayer Street"},"geometry":{"type":"LineString","coordinates":[[103.8468781,1.2787248],[103.8468955,1.2788701],[103.8469125,1.278985]]}},{"type":"Feature","id":"osm-way-665481184","properties":{"kind":"road","name":"Neil Road"},"geometry":{"type":"LineString","coordinates":[[103.8422451,1.2794397],[103.8419456,1.2791203]]}},{"type":"Feature","id":"osm-way-665482261","properties":{"kind":"road","name":"Duxton Road"},"geometry":{"type":"LineString","coordinates":[[103.8431213,1.2799664],[103.843184,1.2798598]]}},{"type":"Feature","id":"osm-way-665482262","properties":{"kind":"road","name":"Duxton Road"},"geometry":{"type":"LineString","coordinates":[[103.8432867,1.2795757],[103.8433026,1.2794164]]}},{"type":"Feature","id":"osm-way-665483433","properties":{"kind":"road","name":"Duxton Road"},"geometry":{"type":"LineString","coordinates":[[103.8431034,1.278042],[103.843013,1.2778472]]}},{"type":"Feature","id":"osm-way-665483434","properties":{"kind":"road","name":"Duxton Road"},"geometry":{"type":"LineString","coordinates":[[103.8432305,1.2783155],[103.8431751,1.2781966],[103.8431034,1.278042]]}},{"type":"Feature","id":"osm-way-665483435","properties":{"kind":"road","name":"Duxton Road"},"geometry":{"type":"LineString","coordinates":[[103.8433488,1.2787104],[103.8433371,1.2786134]]}},{"type":"Feature","id":"osm-way-665483436","properties":{"kind":"road","name":"Duxton Road"},"geometry":{"type":"LineString","coordinates":[[103.8433433,1.2788433],[103.8433488,1.2787104]]}},{"type":"Feature","id":"osm-way-665485311","properties":{"kind":"road","name":"Tanjong Pagar Road"},"geometry":{"type":"LineString","coordinates":[[103.8438582,1.2787303],[103.8438581,1.2788519]]}},{"type":"Feature","id":"osm-way-665485312","properties":{"kind":"road","name":"Tanjong Pagar Road"},"geometry":{"type":"LineString","coordinates":[[103.8438868,1.2785674],[103.8436632,1.2779029]]}},{"type":"Feature","id":"osm-way-665487493","properties":{"kind":"road","name":"Cook Street"},"geometry":{"type":"LineString","coordinates":[[103.8442917,1.2787951],[103.8442143,1.2788072]]}},{"type":"Feature","id":"osm-way-665487494","properties":{"kind":"road","name":"Cook Street"},"geometry":{"type":"LineString","coordinates":[[103.8443409,1.2787875],[103.8442917,1.2787951]]}},{"type":"Feature","id":"osm-way-665487495","properties":{"kind":"road","name":"Cook Street"},"geometry":{"type":"LineString","coordinates":[[103.8442143,1.2788072],[103.8441444,1.2788181],[103.8439235,1.2788438]]}},{"type":"Feature","id":"osm-way-665496387","properties":{"kind":"road","name":"Tras Street"},"geometry":{"type":"LineString","coordinates":[[103.8444439,1.2785256],[103.8444622,1.2786226],[103.8444808,1.2787213],[103.844479,1.2787505],[103.8444738,1.2787588],[103.8444549,1.2787672]]}},{"type":"Feature","id":"osm-way-665499798","properties":{"kind":"road","name":"Peck Seah Street"},"geometry":{"type":"LineString","coordinates":[[103.8449488,1.2780064],[103.8449268,1.2778622]]}},{"type":"Feature","id":"osm-way-665499799","properties":{"kind":"road","name":"Peck Seah Street"},"geometry":{"type":"LineString","coordinates":[[103.8449613,1.2780857],[103.8449488,1.2780064]]}},{"type":"Feature","id":"osm-way-665499800","properties":{"kind":"road","name":"Peck Seah Street"},"geometry":{"type":"LineString","coordinates":[[103.845002,1.2783158],[103.8449792,1.2781959]]}},{"type":"Feature","id":"osm-way-665499801","properties":{"kind":"road","name":"Peck Seah Street"},"geometry":{"type":"LineString","coordinates":[[103.8450575,1.2786422],[103.8450507,1.278598],[103.8450306,1.2784674],[103.845002,1.2783158]]}},{"type":"Feature","id":"osm-way-665507892","properties":{"kind":"road","name":"Amoy Street"},"geometry":{"type":"LineString","coordinates":[[103.8474126,1.2814806],[103.8475556,1.2817392]]}},{"type":"Feature","id":"osm-way-665507895","properties":{"kind":"road","name":"Amoy Street"},"geometry":{"type":"LineString","coordinates":[[103.8473208,1.2813182],[103.8473644,1.2813962]]}},{"type":"Feature","id":"osm-way-665507898","properties":{"kind":"road","name":"Amoy Street"},"geometry":{"type":"LineString","coordinates":[[103.8472085,1.2811285],[103.8472359,1.2811747]]}},{"type":"Feature","id":"osm-way-665507900","properties":{"kind":"road","name":"Telok Ayer Street"},"geometry":{"type":"LineString","coordinates":[[103.8481402,1.2816081],[103.8480661,1.2814939],[103.8480409,1.2814473]]}},{"type":"Feature","id":"osm-way-665507903","properties":{"kind":"road","name":""},"geometry":{"type":"LineString","coordinates":[[103.8490149,1.2799416],[103.8491627,1.2801781]]}},{"type":"Feature","id":"osm-way-665507905","properties":{"kind":"road","name":""},"geometry":{"type":"LineString","coordinates":[[103.8488302,1.2796499],[103.8490149,1.2799416]]}},{"type":"Feature","id":"osm-way-665507907","properties":{"kind":"road","name":"Stanley Street"},"geometry":{"type":"LineString","coordinates":[[103.8483658,1.2807889],[103.8484169,1.280875],[103.8484573,1.2809417]]}},{"type":"Feature","id":"osm-way-665507909","properties":{"kind":"road","name":"Stanley Street"},"geometry":{"type":"LineString","coordinates":[[103.8481513,1.2804511],[103.8482811,1.2806555],[103.8483467,1.2807588],[103.8483658,1.2807889]]}},{"type":"Feature","id":"osm-way-665507912","properties":{"kind":"road","name":"Boon Tat Street"},"geometry":{"type":"LineString","coordinates":[[103.8484532,1.2812132],[103.8485264,1.28117],[103.8485758,1.2811431]]}},{"type":"Feature","id":"osm-way-665507916","properties":{"kind":"road","name":"Boon Tat Street"},"geometry":{"type":"LineString","coordinates":[[103.8481788,1.2813702],[103.8483511,1.2812716],[103.8484532,1.2812132]]}},{"type":"Feature","id":"osm-way-665507919","properties":{"kind":"road","name":"Telok Ayer Street"},"geometry":{"type":"LineString","coordinates":[[103.8478596,1.2811121],[103.8477675,1.2809502],[103.8475987,1.2806535]]}},{"type":"Feature","id":"osm-way-665507921","properties":{"kind":"road","name":"Telok Ayer Street"},"geometry":{"type":"LineString","coordinates":[[103.8475987,1.2806535],[103.8474955,1.2804283]]}},{"type":"Feature","id":"osm-way-665507924","properties":{"kind":"road","name":"Telok Ayer Street"},"geometry":{"type":"LineString","coordinates":[[103.8474955,1.2804283],[103.8473748,1.2801904]]}},{"type":"Feature","id":"osm-way-665507926","properties":{"kind":"road","name":"Telok Ayer Street"},"geometry":{"type":"LineString","coordinates":[[103.8473748,1.2801904],[103.8472008,1.2798249],[103.8471899,1.2797999],[103.847176,1.2797681]]}},{"type":"Feature","id":"osm-way-665507929","properties":{"kind":"road","name":"Amoy Street"},"geometry":{"type":"LineString","coordinates":[[103.8466953,1.2799455],[103.8467538,1.2801641]]}},{"type":"Feature","id":"osm-way-665722077","properties":{"kind":"road","name":"Keong Saik Road"},"geometry":{"type":"LineString","coordinates":[[103.8424594,1.2821966],[103.8423422,1.2819822]]}},{"type":"Feature","id":"osm-way-665722899","properties":{"kind":"road","name":"Temple Street"},"geometry":{"type":"LineString","coordinates":[[103.8432752,1.2833825],[103.8438956,1.2830158]]}},{"type":"Feature","id":"osm-way-665722900","properties":{"kind":"road","name":"Mosque Street"},"geometry":{"type":"LineString","coordinates":[[103.8455454,1.2833879],[103.8454503,1.2834423]]}},{"type":"Feature","id":"osm-way-665722901","properties":{"kind":"road","name":"Mosque Street"},"geometry":{"type":"LineString","coordinates":[[103.8458432,1.283202],[103.8455454,1.2833879]]}},{"type":"Feature","id":"osm-way-665722902","properties":{"kind":"road","name":"Mosque Street"},"geometry":{"type":"LineString","coordinates":[[103.8439955,1.2842592],[103.8437109,1.2844069],[103.8436784,1.2844355]]}},{"type":"Feature","id":"osm-way-665722905","properties":{"kind":"road","name":"Temple Street"},"geometry":{"type":"LineString","coordinates":[[103.8438956,1.2830158],[103.8439132,1.2830063]]}},{"type":"Feature","id":"osm-way-665722906","properties":{"kind":"road","name":"Temple Street"},"geometry":{"type":"LineString","coordinates":[[103.8439132,1.2830063],[103.8441045,1.2829023],[103.8441283,1.2828903]]}},{"type":"Feature","id":"osm-way-665722907","properties":{"kind":"road","name":"Temple Street"},"geometry":{"type":"LineString","coordinates":[[103.8443458,1.282765],[103.8444277,1.2827178]]}},{"type":"Feature","id":"osm-way-665722908","properties":{"kind":"road","name":"Temple Street"},"geometry":{"type":"LineString","coordinates":[[103.8444277,1.2827178],[103.844989,1.2824056]]}},{"type":"Feature","id":"osm-way-665722909","properties":{"kind":"road","name":"Temple Street"},"geometry":{"type":"LineString","coordinates":[[103.844989,1.2824056],[103.8451948,1.2822778],[103.8452956,1.2822174]]}},{"type":"Feature","id":"osm-way-665722910","properties":{"kind":"road","name":"Club Street"},"geometry":{"type":"LineString","coordinates":[[103.8456609,1.2817476],[103.845811,1.2819592]]}},{"type":"Feature","id":"osm-way-665722911","properties":{"kind":"road","name":"Club Street"},"geometry":{"type":"LineString","coordinates":[[103.8454968,1.2815006],[103.8456609,1.2817476]]}},{"type":"Feature","id":"osm-way-665722912","properties":{"kind":"road","name":"Ann Siang Road"},"geometry":{"type":"LineString","coordinates":[[103.8459377,1.2807796],[103.8458246,1.2809501]]}},{"type":"Feature","id":"osm-way-665722913","properties":{"kind":"road","name":"Ann Siang Road"},"geometry":{"type":"LineString","coordinates":[[103.8455232,1.2814493],[103.8454968,1.2815006]]}},{"type":"Feature","id":"osm-way-665723225","properties":{"kind":"road","name":"Banda Street"},"geometry":{"type":"LineString","coordinates":[[103.8438008,1.2814979],[103.843662,1.2812602]]}},{"type":"Feature","id":"osm-way-665724188","properties":{"kind":"road","name":"Club Street"},"geometry":{"type":"LineString","coordinates":[[103.8471454,1.2827579],[103.8469838,1.282692]]}},{"type":"Feature","id":"osm-way-665727556","properties":{"kind":"road","name":"Stanley Street"},"geometry":{"type":"LineString","coordinates":[[103.8477402,1.2797699],[103.8481513,1.2804511]]}},{"type":"Feature","id":"osm-way-665776852","properties":{"kind":"primaryRoad","name":"River Valley Road"},"geometry":{"type":"LineString","coordinates":[[103.8420601,1.29417],[103.8419522,1.2943532]]}},{"type":"Feature","id":"osm-way-665776853","properties":{"kind":"primaryRoad","name":"River Valley Road"},"geometry":{"type":"LineString","coordinates":[[103.8421265,1.2940746],[103.8420601,1.29417]]}},{"type":"Feature","id":"osm-way-665776858","properties":{"kind":"road","name":"Mohamed Sultan Road"},"geometry":{"type":"LineString","coordinates":[[103.8421265,1.2940746],[103.8420784,1.2940495],[103.8420095,1.2939741]]}},{"type":"Feature","id":"osm-way-665776859","properties":{"kind":"road","name":"Mohamed Sultan Road"},"geometry":{"type":"LineString","coordinates":[[103.8418937,1.2937694],[103.8420095,1.2939741]]}},{"type":"Feature","id":"osm-way-666001759","properties":{"kind":"primaryRoad","name":"Central Expressway"},"geometry":{"type":"LineString","coordinates":[[103.8426939,1.2901166],[103.8420978,1.2891213]]}},{"type":"Feature","id":"osm-way-666001760","properties":{"kind":"primaryRoad","name":"Central Expressway"},"geometry":{"type":"LineString","coordinates":[[103.8433247,1.2914753],[103.843208,1.2911276],[103.8426939,1.2901166]]}},{"type":"Feature","id":"osm-way-666001761","properties":{"kind":"primaryRoad","name":"Central Expressway"},"geometry":{"type":"LineString","coordinates":[[103.8433247,1.2914753],[103.8427493,1.2903631]]}},{"type":"Feature","id":"osm-way-666005571","properties":{"kind":"road","name":"Unity Street"},"geometry":{"type":"LineString","coordinates":[[103.8425602,1.2917792],[103.8423698,1.2918858]]}},{"type":"Feature","id":"osm-way-666005572","properties":{"kind":"road","name":"Unity Street"},"geometry":{"type":"LineString","coordinates":[[103.8423698,1.2918858],[103.8422129,1.2919719]]}},{"type":"Feature","id":"osm-way-666006040","properties":{"kind":"road","name":"Tank Road"},"geometry":{"type":"LineString","coordinates":[[103.8434661,1.2942852],[103.8434232,1.2941745]]}},{"type":"Feature","id":"osm-way-666006041","properties":{"kind":"road","name":"Tank Road"},"geometry":{"type":"LineString","coordinates":[[103.8434904,1.2943683],[103.8434661,1.2942852]]}},{"type":"Feature","id":"osm-way-666006042","properties":{"kind":"road","name":"Tank Road"},"geometry":{"type":"LineString","coordinates":[[103.8436837,1.2952675],[103.8436621,1.2951696]]}},{"type":"Feature","id":"osm-way-666008584","properties":{"kind":"primaryRoad","name":"Clemenceau Avenue"},"geometry":{"type":"LineString","coordinates":[[103.8438637,1.297326],[103.8438718,1.2971597]]}},{"type":"Feature","id":"osm-way-666008585","properties":{"kind":"primaryRoad","name":"Clemenceau Avenue"},"geometry":{"type":"LineString","coordinates":[[103.8438235,1.2979816],[103.8438328,1.2978254]]}},{"type":"Feature","id":"osm-way-666009278","properties":{"kind":"road","name":"Penang Lane"},"geometry":{"type":"LineString","coordinates":[[103.8443469,1.2967474],[103.8443613,1.2967655],[103.8443682,1.2967824]]}},{"type":"Feature","id":"osm-way-666009279","properties":{"kind":"road","name":"Penang Lane"},"geometry":{"type":"LineString","coordinates":[[103.8443714,1.2969968],[103.8443698,1.2970188],[103.844364,1.2971014]]}},{"type":"Feature","id":"osm-way-666009280","properties":{"kind":"road","name":"Penang Lane"},"geometry":{"type":"LineString","coordinates":[[103.8443682,1.2967824],[103.8443752,1.2969186],[103.8443714,1.2969968]]}},{"type":"Feature","id":"osm-way-666009281","properties":{"kind":"road","name":"Penang Lane"},"geometry":{"type":"LineString","coordinates":[[103.844364,1.2971014],[103.8443563,1.2972159],[103.8443466,1.2973856]]}},{"type":"Feature","id":"osm-way-666009282","properties":{"kind":"road","name":"Penang Lane"},"geometry":{"type":"LineString","coordinates":[[103.8443466,1.2973856],[103.8443385,1.2974714]]}},{"type":"Feature","id":"osm-way-666009283","properties":{"kind":"road","name":"Penang Lane"},"geometry":{"type":"LineString","coordinates":[[103.8443385,1.2974714],[103.8443352,1.2975247]]}},{"type":"Feature","id":"osm-way-666009284","properties":{"kind":"road","name":"Penang Lane"},"geometry":{"type":"LineString","coordinates":[[103.8443352,1.2975247],[103.8443217,1.2976611],[103.8443191,1.2977955]]}},{"type":"Feature","id":"osm-way-666009285","properties":{"kind":"road","name":"Penang Lane"},"geometry":{"type":"LineString","coordinates":[[103.8443191,1.2977955],[103.8443144,1.2978927]]}},{"type":"Feature","id":"osm-way-666009286","properties":{"kind":"road","name":"Penang Lane"},"geometry":{"type":"LineString","coordinates":[[103.8443144,1.2978927],[103.8443167,1.2979429],[103.8443264,1.2979923],[103.8443315,1.2980181],[103.8443415,1.2980448]]}},{"type":"Feature","id":"osm-way-666009287","properties":{"kind":"road","name":"Penang Lane"},"geometry":{"type":"LineString","coordinates":[[103.8444113,1.2982697],[103.8444523,1.2984021],[103.844475,1.2984751]]}},{"type":"Feature","id":"osm-way-666009288","properties":{"kind":"road","name":"Penang Lane"},"geometry":{"type":"LineString","coordinates":[[103.8443748,1.2981521],[103.8444113,1.2982697]]}},{"type":"Feature","id":"osm-way-666009289","properties":{"kind":"road","name":"Penang Lane"},"geometry":{"type":"LineString","coordinates":[[103.8443592,1.2981019],[103.8443748,1.2981521]]}},{"type":"Feature","id":"osm-way-666012694","properties":{"kind":"road","name":"Seah Street"},"geometry":{"type":"LineString","coordinates":[[103.8550083,1.2957981],[103.8548622,1.2959128]]}},{"type":"Feature","id":"osm-way-666012695","properties":{"kind":"road","name":"Seah Street"},"geometry":{"type":"LineString","coordinates":[[103.8548622,1.2959128],[103.8548132,1.2959483]]}},{"type":"Feature","id":"osm-way-666012696","properties":{"kind":"road","name":"Seah Street"},"geometry":{"type":"LineString","coordinates":[[103.8548132,1.2959483],[103.8547824,1.2959724]]}},{"type":"Feature","id":"osm-way-666012697","properties":{"kind":"road","name":"Seah Street"},"geometry":{"type":"LineString","coordinates":[[103.8547824,1.2959724],[103.8546375,1.2960797]]}},{"type":"Feature","id":"osm-way-666012699","properties":{"kind":"road","name":"Seah Street"},"geometry":{"type":"LineString","coordinates":[[103.8546375,1.2960797],[103.8545989,1.2961097]]}},{"type":"Feature","id":"osm-way-666012701","properties":{"kind":"road","name":"Seah Street"},"geometry":{"type":"LineString","coordinates":[[103.8545071,1.2961796],[103.8544179,1.2962445]]}},{"type":"Feature","id":"osm-way-666133093","properties":{"kind":"road","name":"Bayfront Avenue"},"geometry":{"type":"LineString","coordinates":[[103.8566015,1.2781187],[103.856826,1.2784668]]}},{"type":"Feature","id":"osm-way-666597305","properties":{"kind":"road","name":"Duxton Road"},"geometry":{"type":"LineString","coordinates":[[103.843184,1.2798598],[103.8432616,1.2797377]]}},{"type":"Feature","id":"osm-way-666600898","properties":{"kind":"road","name":"Mosque Street"},"geometry":{"type":"LineString","coordinates":[[103.8454503,1.2834423],[103.8453779,1.2834825]]}},{"type":"Feature","id":"osm-way-666600901","properties":{"kind":"road","name":"Mosque Street"},"geometry":{"type":"LineString","coordinates":[[103.8450587,1.2836635],[103.8439955,1.2842592]]}},{"type":"Feature","id":"osm-way-666798008","properties":{"kind":"road","name":"Club Street"},"geometry":{"type":"LineString","coordinates":[[103.8460769,1.2823351],[103.8461443,1.28238],[103.8461816,1.2824049],[103.8462579,1.2824382]]}},{"type":"Feature","id":"osm-way-666799226","properties":{"kind":"road","name":"Amoy Street"},"geometry":{"type":"LineString","coordinates":[[103.847176,1.2797681],[103.8471275,1.279781]]}},{"type":"Feature","id":"osm-way-666811291","properties":{"kind":"road","name":"Phillip Street"},"geometry":{"type":"LineString","coordinates":[[103.8498972,1.2850336],[103.8497353,1.2844364]]}},{"type":"Feature","id":"osm-way-666811292","properties":{"kind":"road","name":"Phillip Street"},"geometry":{"type":"LineString","coordinates":[[103.8496896,1.2842836],[103.8496654,1.2842072]]}},{"type":"Feature","id":"osm-way-666811293","properties":{"kind":"road","name":"Phillip Street"},"geometry":{"type":"LineString","coordinates":[[103.8496654,1.2842072],[103.8495905,1.2840646],[103.8495415,1.2839715]]}},{"type":"Feature","id":"osm-way-666811762","properties":{"kind":"road","name":"Upper Hokien Street"},"geometry":{"type":"LineString","coordinates":[[103.8466875,1.2851464],[103.8464876,1.2852624]]}},{"type":"Feature","id":"osm-way-666811763","properties":{"kind":"road","name":"Upper Hokien Street"},"geometry":{"type":"LineString","coordinates":[[103.8464876,1.2852624],[103.8462818,1.2853718]]}},{"type":"Feature","id":"osm-way-666811764","properties":{"kind":"road","name":"Upper Hokien Street"},"geometry":{"type":"LineString","coordinates":[[103.8461014,1.2854749],[103.8456556,1.2857169]]}},{"type":"Feature","id":"osm-way-666811765","properties":{"kind":"road","name":"Upper Hokien Street"},"geometry":{"type":"LineString","coordinates":[[103.8462818,1.2853718],[103.8461014,1.2854749]]}},{"type":"Feature","id":"osm-way-666811766","properties":{"kind":"road","name":"Upper Hokien Street"},"geometry":{"type":"LineString","coordinates":[[103.8456556,1.2857169],[103.8454436,1.2858336]]}},{"type":"Feature","id":"osm-way-666811767","properties":{"kind":"road","name":"Upper Hokien Street"},"geometry":{"type":"LineString","coordinates":[[103.8454436,1.2858336],[103.8453819,1.2858705]]}},{"type":"Feature","id":"osm-way-666811768","properties":{"kind":"road","name":"Upper Hokien Street"},"geometry":{"type":"LineString","coordinates":[[103.8453819,1.2858705],[103.8452402,1.2859515],[103.8450553,1.286056]]}},{"type":"Feature","id":"osm-way-666812923","properties":{"kind":"road","name":"New Market Road"},"geometry":{"type":"LineString","coordinates":[[103.844714,1.2871797],[103.8448615,1.2873332]]}},{"type":"Feature","id":"osm-way-666812924","properties":{"kind":"road","name":"New Market Road"},"geometry":{"type":"LineString","coordinates":[[103.844519,1.2869758],[103.8445528,1.2870111],[103.8446653,1.2871288],[103.844714,1.2871797]]}},{"type":"Feature","id":"osm-way-666814634","properties":{"kind":"road","name":"North Canal Road"},"geometry":{"type":"LineString","coordinates":[[103.8465201,1.2871639],[103.8475096,1.2866617]]}},{"type":"Feature","id":"osm-way-666814961","properties":{"kind":"road","name":"Hongkong Street"},"geometry":{"type":"LineString","coordinates":[[103.8467885,1.2878781],[103.8467454,1.2878962],[103.8466907,1.2879191],[103.8466323,1.2879436]]}},{"type":"Feature","id":"osm-way-666814962","properties":{"kind":"road","name":"Hongkong Street"},"geometry":{"type":"LineString","coordinates":[[103.8468978,1.2878266],[103.8467885,1.2878781]]}},{"type":"Feature","id":"osm-way-666815650","properties":{"kind":"road","name":"Carpenter Street"},"geometry":{"type":"LineString","coordinates":[[103.8471637,1.288563],[103.8472166,1.2885285],[103.8472342,1.288517],[103.8474291,1.2883899]]}},{"type":"Feature","id":"osm-way-666817277","properties":{"kind":"road","name":"Carpenter Street"},"geometry":{"type":"LineString","coordinates":[[103.8474291,1.2883899],[103.8474934,1.2883477]]}},{"type":"Feature","id":"osm-way-666823052","properties":{"kind":"road","name":"Upper Circular Road"},"geometry":{"type":"LineString","coordinates":[[103.8485737,1.2884769],[103.8483651,1.2886442]]}},{"type":"Feature","id":"osm-way-666874847","properties":{"kind":"primaryRoad","name":"Hill Street"},"geometry":{"type":"LineString","coordinates":[[103.8490446,1.2914925],[103.8491756,1.291758]]}},{"type":"Feature","id":"osm-way-666954909","properties":{"kind":"primaryRoad","name":"Clemenceau Avenue"},"geometry":{"type":"LineString","coordinates":[[103.8437068,1.2976551],[103.843702,1.2977745],[103.8436894,1.2981505]]}},{"type":"Feature","id":"osm-way-667066406","properties":{"kind":"road","name":"Waterloo Street"},"geometry":{"type":"LineString","coordinates":[[103.8518362,1.2991261],[103.8516663,1.2989221]]}},{"type":"Feature","id":"osm-way-667066407","properties":{"kind":"road","name":"Waterloo Street"},"geometry":{"type":"LineString","coordinates":[[103.8515727,1.2988093],[103.8514558,1.2986697]]}},{"type":"Feature","id":"osm-way-667066408","properties":{"kind":"road","name":"Waterloo Street"},"geometry":{"type":"LineString","coordinates":[[103.8513918,1.2985918],[103.8512241,1.2983901]]}},{"type":"Feature","id":"osm-way-667066409","properties":{"kind":"road","name":"Waterloo Street"},"geometry":{"type":"LineString","coordinates":[[103.8514558,1.2986697],[103.8513918,1.2985918]]}},{"type":"Feature","id":"osm-way-667066900","properties":{"kind":"road","name":"Queen Street"},"geometry":{"type":"LineString","coordinates":[[103.8527388,1.2986134],[103.8526419,1.2984994]]}},{"type":"Feature","id":"osm-way-667066901","properties":{"kind":"road","name":"Queen Street"},"geometry":{"type":"LineString","coordinates":[[103.8526419,1.2984994],[103.8526015,1.2984513]]}},{"type":"Feature","id":"osm-way-667067598","properties":{"kind":"road","name":"Manila Street"},"geometry":{"type":"LineString","coordinates":[[103.8541274,1.2990215],[103.8542068,1.2989552],[103.854281,1.2988992]]}},{"type":"Feature","id":"osm-way-667067599","properties":{"kind":"road","name":"Manila Street"},"geometry":{"type":"LineString","coordinates":[[103.8540417,1.2990895],[103.8541274,1.2990215]]}},{"type":"Feature","id":"osm-way-667067600","properties":{"kind":"road","name":"Manila Street"},"geometry":{"type":"LineString","coordinates":[[103.8537456,1.2993279],[103.8538903,1.2992097]]}},{"type":"Feature","id":"osm-way-667067669","properties":{"kind":"road","name":"Queen Street"},"geometry":{"type":"LineString","coordinates":[[103.8538098,1.2999415],[103.8538699,1.3000162]]}},{"type":"Feature","id":"osm-way-667067672","properties":{"kind":"road","name":"Queen Street"},"geometry":{"type":"LineString","coordinates":[[103.8536927,1.2997973],[103.8537853,1.299911]]}},{"type":"Feature","id":"osm-way-667069115","properties":{"kind":"road","name":"Cheng Yan Place"},"geometry":{"type":"LineString","coordinates":[[103.8547012,1.2998583],[103.8548422,1.299727]]}},{"type":"Feature","id":"osm-way-667069116","properties":{"kind":"road","name":"Cheng Yan Place"},"geometry":{"type":"LineString","coordinates":[[103.8546275,1.2999294],[103.8547012,1.2998583]]}},{"type":"Feature","id":"osm-way-667069117","properties":{"kind":"road","name":"Cheng Yan Place"},"geometry":{"type":"LineString","coordinates":[[103.8545467,1.3000059],[103.8546275,1.2999294]]}},{"type":"Feature","id":"osm-way-667071646","properties":{"kind":"road","name":"Purvis Street"},"geometry":{"type":"LineString","coordinates":[[103.8555807,1.2961842],[103.8554125,1.2963159]]}},{"type":"Feature","id":"osm-way-667071647","properties":{"kind":"road","name":"Purvis Street"},"geometry":{"type":"LineString","coordinates":[[103.85486,1.2967488],[103.8548313,1.2967713]]}},{"type":"Feature","id":"osm-way-667071648","properties":{"kind":"road","name":"Purvis Street"},"geometry":{"type":"LineString","coordinates":[[103.8548313,1.2967713],[103.8547881,1.2968051]]}},{"type":"Feature","id":"osm-way-667071649","properties":{"kind":"road","name":"Purvis Street"},"geometry":{"type":"LineString","coordinates":[[103.8547881,1.2968051],[103.8547508,1.2968349]]}},{"type":"Feature","id":"osm-way-667071650","properties":{"kind":"road","name":"Purvis Street"},"geometry":{"type":"LineString","coordinates":[[103.8547508,1.2968349],[103.8546178,1.296941]]}},{"type":"Feature","id":"osm-way-667071651","properties":{"kind":"road","name":"Purvis Street"},"geometry":{"type":"LineString","coordinates":[[103.8546178,1.296941],[103.8545961,1.2969583],[103.8545293,1.2970117]]}},{"type":"Feature","id":"osm-way-667071652","properties":{"kind":"road","name":"Purvis Street"},"geometry":{"type":"LineString","coordinates":[[103.8556434,1.2961364],[103.8556068,1.2961643]]}},{"type":"Feature","id":"osm-way-667071653","properties":{"kind":"road","name":"Purvis Street"},"geometry":{"type":"LineString","coordinates":[[103.8557709,1.2960445],[103.8556434,1.2961364]]}},{"type":"Feature","id":"osm-way-667071654","properties":{"kind":"road","name":"Purvis Street"},"geometry":{"type":"LineString","coordinates":[[103.8558729,1.2959611],[103.8558243,1.2960082],[103.8557709,1.2960445]]}},{"type":"Feature","id":"osm-way-667071655","properties":{"kind":"road","name":"Purvis Street"},"geometry":{"type":"LineString","coordinates":[[103.8554125,1.2963159],[103.85486,1.2967488]]}},{"type":"Feature","id":"osm-way-667083419","properties":{"kind":"road","name":"Liang Seah Street"},"geometry":{"type":"LineString","coordinates":[[103.8567494,1.2976651],[103.8568589,1.2975625]]}},{"type":"Feature","id":"osm-way-667083420","properties":{"kind":"road","name":"Liang Seah Street"},"geometry":{"type":"LineString","coordinates":[[103.8566984,1.2977128],[103.8567494,1.2976651]]}},{"type":"Feature","id":"osm-way-667083421","properties":{"kind":"road","name":"Liang Seah Street"},"geometry":{"type":"LineString","coordinates":[[103.8565163,1.2979181],[103.8565565,1.2978728]]}},{"type":"Feature","id":"osm-way-667083422","properties":{"kind":"road","name":"Liang Seah Street"},"geometry":{"type":"LineString","coordinates":[[103.8565565,1.2978728],[103.8566984,1.2977128]]}},{"type":"Feature","id":"osm-way-667083424","properties":{"kind":"road","name":"Liang Seah Street"},"geometry":{"type":"LineString","coordinates":[[103.8560196,1.2984711],[103.8560434,1.298445]]}},{"type":"Feature","id":"osm-way-667083425","properties":{"kind":"road","name":"Liang Seah Street"},"geometry":{"type":"LineString","coordinates":[[103.8558964,1.2985829],[103.8559701,1.298516]]}},{"type":"Feature","id":"osm-way-667083426","properties":{"kind":"road","name":"Liang Seah Street"},"geometry":{"type":"LineString","coordinates":[[103.8559701,1.298516],[103.8560196,1.2984711]]}},{"type":"Feature","id":"osm-way-667083427","properties":{"kind":"road","name":"Liang Seah Street"},"geometry":{"type":"LineString","coordinates":[[103.8568589,1.2975625],[103.8568834,1.2975396]]}},{"type":"Feature","id":"osm-way-667083428","properties":{"kind":"road","name":"Liang Seah Street"},"geometry":{"type":"LineString","coordinates":[[103.8568834,1.2975396],[103.8569368,1.2974896],[103.856983,1.2974463]]}},{"type":"Feature","id":"osm-way-667085475","properties":{"kind":"road","name":"Tan Quee Lan Street"},"geometry":{"type":"LineString","coordinates":[[103.8571007,1.2980884],[103.8567571,1.2984537]]}},{"type":"Feature","id":"osm-way-667085476","properties":{"kind":"road","name":"Tan Quee Lan Street"},"geometry":{"type":"LineString","coordinates":[[103.8573464,1.2978322],[103.8573101,1.2978731],[103.8571007,1.2980884]]}},{"type":"Feature","id":"osm-way-667181844","properties":{"kind":"primaryRoad","name":"Republic Boulevard"},"geometry":{"type":"LineString","coordinates":[[103.8617189,1.2963082],[103.8623188,1.2969707]]}},{"type":"Feature","id":"osm-way-667356373","properties":{"kind":"road","name":"Amoy Street"},"geometry":{"type":"LineString","coordinates":[[103.8470969,1.2809378],[103.8472085,1.2811285]]}},{"type":"Feature","id":"osm-way-667358895","properties":{"kind":"primaryRoad","name":"Eu Tong Sen Street"},"geometry":{"type":"LineString","coordinates":[[103.8446809,1.2859299],[103.8448202,1.2860934],[103.8449752,1.2862755],[103.8451329,1.2864602]]}},{"type":"Feature","id":"osm-way-667396540","properties":{"kind":"road","name":"Armenian Street"},"geometry":{"type":"LineString","coordinates":[[103.8492929,1.294049],[103.8493037,1.2940695],[103.8497225,1.2948643],[103.8497414,1.2948891]]}},{"type":"Feature","id":"osm-way-667468497","properties":{"kind":"road","name":"Bayfront Avenue"},"geometry":{"type":"LineString","coordinates":[[103.8605329,1.2845325],[103.860588,1.2846915],[103.8606769,1.2849871]]}},{"type":"Feature","id":"osm-way-667468498","properties":{"kind":"road","name":"Bayfront Avenue"},"geometry":{"type":"LineString","coordinates":[[103.860365,1.2841296],[103.8604559,1.2843393]]}},{"type":"Feature","id":"osm-way-668185192","properties":{"kind":"road","name":"South Bridge Road"},"geometry":{"type":"LineString","coordinates":[[103.8466036,1.2845093],[103.8463759,1.2841313]]}},{"type":"Feature","id":"osm-way-668188613","properties":{"kind":"primaryRoad","name":"Stamford Road"},"geometry":{"type":"LineString","coordinates":[[103.8520179,1.293583],[103.8519693,1.2936139],[103.8519427,1.2936308]]}},{"type":"Feature","id":"osm-way-669621758","properties":{"kind":"road","name":"Queen Street"},"geometry":{"type":"LineString","coordinates":[[103.8515988,1.2972784],[103.8514732,1.2971283],[103.8514153,1.2970784]]}},{"type":"Feature","id":"osm-way-669873336","properties":{"kind":"road","name":"Telok Ayer Street"},"geometry":{"type":"LineString","coordinates":[[103.8471958,1.2778406],[103.8471841,1.2778858],[103.8471442,1.2779352],[103.8471143,1.2779585],[103.8469671,1.2780734],[103.8469227,1.2781253]]}},{"type":"Feature","id":"osm-way-670121251","properties":{"kind":"road","name":"Maxwell Link"},"geometry":{"type":"LineString","coordinates":[[103.8491711,1.2785999],[103.8491499,1.278566],[103.8488653,1.2781116]]}},{"type":"Feature","id":"osm-way-670148424","properties":{"kind":"road","name":"Boon Tat Link"},"geometry":{"type":"LineString","coordinates":[[103.8491865,1.2786248],[103.8491711,1.2785999]]}},{"type":"Feature","id":"osm-way-670150538","properties":{"kind":"road","name":"Zubir Said Drive"},"geometry":{"type":"LineString","coordinates":[[103.8481742,1.2990127],[103.8481777,1.2989],[103.848179,1.2988578]]}},{"type":"Feature","id":"osm-way-670150539","properties":{"kind":"road","name":"Zubir Said Drive"},"geometry":{"type":"LineString","coordinates":[[103.848177,1.2992533],[103.8481742,1.2990127]]}},{"type":"Feature","id":"osm-way-670189965","properties":{"kind":"road","name":"Rhu Cross"},"geometry":{"type":"LineString","coordinates":[[103.8675981,1.2966426],[103.8673973,1.2969939]]}},{"type":"Feature","id":"osm-way-670350815","properties":{"kind":"road","name":"Magazine Road"},"geometry":{"type":"LineString","coordinates":[[103.8424556,1.289162],[103.8423359,1.2890127]]}},{"type":"Feature","id":"osm-way-670350816","properties":{"kind":"road","name":"Magazine Road"},"geometry":{"type":"LineString","coordinates":[[103.8426905,1.289499],[103.8424556,1.289162]]}},{"type":"Feature","id":"osm-way-670350817","properties":{"kind":"road","name":"Magazine Road"},"geometry":{"type":"LineString","coordinates":[[103.8427726,1.2896225],[103.842741,1.2895739]]}},{"type":"Feature","id":"osm-way-670354712","properties":{"kind":"road","name":"Bonham Street"},"geometry":{"type":"LineString","coordinates":[[103.8514021,1.285133],[103.8514289,1.2853382]]}},{"type":"Feature","id":"osm-way-670354713","properties":{"kind":"road","name":"Bonham Street"},"geometry":{"type":"LineString","coordinates":[[103.8514289,1.2853382],[103.851471,1.2856331]]}},{"type":"Feature","id":"osm-way-670630590","properties":{"kind":"road","name":"Loke Yew Street"},"geometry":{"type":"LineString","coordinates":[[103.8493503,1.29399],[103.8497741,1.2937554],[103.8498101,1.2937144]]}},{"type":"Feature","id":"osm-way-670649237","properties":{"kind":"road","name":"Club Street"},"geometry":{"type":"LineString","coordinates":[[103.8467002,1.2826016],[103.846323,1.2824666]]}},{"type":"Feature","id":"osm-way-670651564","properties":{"kind":"primaryRoad","name":"Victoria Street"},"geometry":{"type":"LineString","coordinates":[[103.8532709,1.2976481],[103.8534083,1.2978206]]}},{"type":"Feature","id":"osm-way-670664313","properties":{"kind":"primaryRoad","name":"Fullerton Road"},"geometry":{"type":"LineString","coordinates":[[103.8536002,1.2854763],[103.8532555,1.284712],[103.8531867,1.2845379],[103.8530691,1.2842401],[103.8529296,1.2838754]]}},{"type":"Feature","id":"osm-way-671240471","properties":{"kind":"road","name":"Shenton Lane"},"geometry":{"type":"LineString","coordinates":[[103.8508723,1.2794259],[103.8510023,1.2796353],[103.8510279,1.2796711]]}},{"type":"Feature","id":"osm-way-671240472","properties":{"kind":"road","name":"Shenton Lane"},"geometry":{"type":"LineString","coordinates":[[103.8504437,1.2787189],[103.8505293,1.2788567],[103.8506447,1.2790425]]}},{"type":"Feature","id":"osm-way-671772134","properties":{"kind":"road","name":"Duxton Hill"},"geometry":{"type":"LineString","coordinates":[[103.8430396,1.2792853],[103.8428217,1.2791616]]}},{"type":"Feature","id":"osm-way-672222982","properties":{"kind":"primaryRoad","name":"Republic Boulevard"},"geometry":{"type":"LineString","coordinates":[[103.862347,1.2912552],[103.862531,1.2913032]]}},{"type":"Feature","id":"osm-way-673823141","properties":{"kind":"road","name":"Middle Road"},"geometry":{"type":"LineString","coordinates":[[103.8537571,1.2988397],[103.8539668,1.2986725],[103.8540378,1.2986159]]}},{"type":"Feature","id":"osm-way-673823142","properties":{"kind":"road","name":"Middle Road"},"geometry":{"type":"LineString","coordinates":[[103.8536726,1.298908],[103.8537571,1.2988397]]}},{"type":"Feature","id":"osm-way-674595880","properties":{"kind":"road","name":"Temasek Avenue"},"geometry":{"type":"LineString","coordinates":[[103.8601112,1.2941242],[103.8605153,1.2938794],[103.8605813,1.2938426]]}},{"type":"Feature","id":"osm-way-675107339","properties":{"kind":"road","name":"Club Street"},"geometry":{"type":"LineString","coordinates":[[103.8459143,1.2818388],[103.846068,1.2816832]]}},{"type":"Feature","id":"osm-way-676479279","properties":{"kind":"road","name":"Bayfront Avenue"},"geometry":{"type":"LineString","coordinates":[[103.8598087,1.2829571],[103.8595504,1.2824792],[103.8595121,1.282417]]}},{"type":"Feature","id":"osm-way-676705143","properties":{"kind":"road","name":"Bayfront Avenue"},"geometry":{"type":"LineString","coordinates":[[103.8590069,1.281889],[103.859062,1.2819781]]}},{"type":"Feature","id":"osm-way-678991589","properties":{"kind":"road","name":""},"geometry":{"type":"LineString","coordinates":[[103.8543137,1.2902902],[103.8543106,1.2902852],[103.8543071,1.2902804],[103.8543034,1.2902759],[103.8542993,1.2902717],[103.8542949,1.2902678],[103.8542903,1.2902641],[103.8542854,1.2902609],[103.8542803,1.2902579],[103.854275,1.2902554],[103.8542695,1.2902532],[103.8542639,1.2902514],[103.8542582,1.2902499],[103.8542524,1.2902489],[103.8542466,1.2902483],[103.8542407,1.2902482],[103.8542348,1.2902484],[103.8542324,1.2902486],[103.854229,1.290249],[103.8542232,1.2902501],[103.8542221,1.2902503],[103.8542175,1.2902515],[103.8542119,1.2902534],[103.8542064,1.2902556],[103.8542012,1.2902582],[103.8541961,1.2902612],[103.8541912,1.2902645],[103.8541866,1.2902681],[103.8541823,1.2902721],[103.8541782,1.2902763],[103.8541744,1.2902809],[103.854171,1.2902856],[103.8541679,1.2902906],[103.8541652,1.2902959],[103.8541629,1.2903012],[103.8541609,1.2903068],[103.8541593,1.2903125],[103.8541581,1.2903182],[103.8541574,1.290324],[103.854157,1.2903299],[103.854157,1.2903358],[103.8541575,1.2903417],[103.8541584,1.2903475],[103.8541597,1.2903532],[103.8541613,1.2903589],[103.8541634,1.2903644],[103.8541658,1.2903697],[103.8541688,1.2903751],[103.8541721,1.2903802],[103.8541758,1.2903851],[103.8541798,1.2903897],[103.8541841,1.290394],[103.8541888,1.2903979],[103.8541937,1.2904016],[103.8541989,1.2904048],[103.8542043,1.2904077],[103.8542099,1.2904101],[103.8542156,1.2904122],[103.8542215,1.2904138],[103.8542275,1.290415],[103.8542336,1.2904158],[103.8542397,1.2904161],[103.8542458,1.290416],[103.8542518,1.2904154],[103.8542579,1.2904144],[103.8542638,1.290413],[103.8542696,1.2904111],[103.8542753,1.2904088],[103.8542808,1.2904061],[103.854286,1.290403],[103.8542911,1.2903995],[103.8542958,1.2903957],[103.8543003,1.2903916],[103.8543045,1.2903871],[103.8543083,1.2903823],[103.8543118,1.2903773],[103.8543149,1.290372],[103.8543176,1.2903666],[103.8543199,1.2903609],[103.8543218,1.2903551],[103.8543232,1.2903492],[103.8543242,1.2903431],[103.8543248,1.2903371],[103.8543249,1.290334],[103.854325,1.290331],[103.8543247,1.2903248],[103.8543239,1.2903188],[103.8543227,1.2903128],[103.8543211,1.2903069],[103.854319,1.2903012],[103.8543166,1.2902956],[103.8543137,1.2902902]]}},{"type":"Feature","id":"osm-way-679027931","properties":{"kind":"building","name":"Indian Grill & Bar"},"geometry":{"type":"Polygon","coordinates":[[[103.8505215,1.2802937],[103.850545,1.280238],[103.8506576,1.280279],[103.8506368,1.280338],[103.8505215,1.2802937]]]}},{"type":"Feature","id":"osm-way-679027932","properties":{"kind":"building","name":"Kopitiam"},"geometry":{"type":"Polygon","coordinates":[[[103.8508989,1.2807046],[103.8508714,1.2806617],[103.8508976,1.280647],[103.8509231,1.2806885],[103.8508989,1.2807046]]]}},{"type":"Feature","id":"osm-way-679032154","properties":{"kind":"building","name":"OUE Bayfront"},"geometry":{"type":"Polygon","coordinates":[[[103.8525952,1.282757],[103.8528832,1.282628],[103.8528663,1.2826945],[103.8530262,1.2826768],[103.8530522,1.2831785],[103.8528436,1.283269],[103.8525952,1.282757]]]}},{"type":"Feature","id":"osm-way-679034072","properties":{"kind":"building","name":"Da Paolo Gastronomia"},"geometry":{"type":"Polygon","coordinates":[[[103.8596784,1.2859344],[103.8597746,1.2859898],[103.8597545,1.2860466],[103.8596499,1.2859943],[103.8596784,1.2859344]]]}},{"type":"Feature","id":"osm-way-679034073","properties":{"kind":"building","name":"Bazin"},"geometry":{"type":"Polygon","coordinates":[[[103.8589183,1.2844561],[103.8589782,1.2845831],[103.8589297,1.2845986],[103.8588707,1.2844792],[103.8589183,1.2844561]]]}},{"type":"Feature","id":"osm-way-679034074","properties":{"kind":"building","name":"Dallas Cafe & Bar"},"geometry":{"type":"Polygon","coordinates":[[[103.8590549,1.2847499],[103.8590984,1.2848421],[103.8590531,1.284864],[103.8590101,1.2847688],[103.8590549,1.2847499]]]}},{"type":"Feature","id":"osm-way-679922632","properties":{"kind":"road","name":""},"geometry":{"type":"LineString","coordinates":[[103.8526366,1.2839445],[103.8526799,1.2839305]]}},{"type":"Feature","id":"osm-way-679922633","properties":{"kind":"road","name":"Change Alley"},"geometry":{"type":"LineString","coordinates":[[103.851714,1.2843795],[103.851687,1.2843831]]}},{"type":"Feature","id":"osm-way-679922634","properties":{"kind":"road","name":"Change Alley"},"geometry":{"type":"LineString","coordinates":[[103.8528261,1.2841389],[103.8527635,1.2841568],[103.8527099,1.2841722]]}},{"type":"Feature","id":"osm-way-680156238","properties":{"kind":"road","name":""},"geometry":{"type":"LineString","coordinates":[[103.8448215,1.290665],[103.8447885,1.2906076],[103.8447513,1.2905569]]}},{"type":"Feature","id":"osm-way-684075185","properties":{"kind":"road","name":"China Street"},"geometry":{"type":"LineString","coordinates":[[103.8474586,1.2831208],[103.847536,1.2832471]]}},{"type":"Feature","id":"osm-way-684524081","properties":{"kind":"road","name":"Raffles Link"},"geometry":{"type":"LineString","coordinates":[[103.8560857,1.291978],[103.856107,1.2920508]]}},{"type":"Feature","id":"osm-way-684524082","properties":{"kind":"road","name":"Raffles Link"},"geometry":{"type":"LineString","coordinates":[[103.8561314,1.2921271],[103.856183,1.2922864],[103.8562489,1.2923998],[103.8563503,1.2924924],[103.8564857,1.2925516],[103.8565242,1.2925621],[103.856637,1.292573],[103.8568682,1.2925727]]}},{"type":"Feature","id":"osm-way-684544690","properties":{"kind":"road","name":"Connaught Drive"},"geometry":{"type":"LineString","coordinates":[[103.8520792,1.2886362],[103.8523917,1.2885026]]}},{"type":"Feature","id":"osm-way-684544691","properties":{"kind":"road","name":"Connaught Drive"},"geometry":{"type":"LineString","coordinates":[[103.851867,1.2887807],[103.8520374,1.2886636]]}},{"type":"Feature","id":"osm-way-686323967","properties":{"kind":"primaryRoad","name":"Republic Boulevard"},"geometry":{"type":"LineString","coordinates":[[103.8623708,1.2943413],[103.8623818,1.2944856],[103.8623862,1.2945431]]}},{"type":"Feature","id":"osm-way-686323968","properties":{"kind":"primaryRoad","name":"Republic Boulevard"},"geometry":{"type":"LineString","coordinates":[[103.8623795,1.2937185],[103.8623658,1.2937976]]}},{"type":"Feature","id":"osm-way-686335799","properties":{"kind":"primaryRoad","name":"Republic Boulevard"},"geometry":{"type":"LineString","coordinates":[[103.8623658,1.2937976],[103.862354,1.293866],[103.862346,1.2940148],[103.8623708,1.2943413]]}},{"type":"Feature","id":"osm-way-686335800","properties":{"kind":"primaryRoad","name":"Republic Boulevard"},"geometry":{"type":"LineString","coordinates":[[103.8625264,1.2933616],[103.8624291,1.2935764],[103.8623795,1.2937185]]}},{"type":"Feature","id":"osm-way-687668442","properties":{"kind":"water","name":""},"geometry":{"type":"Polygon","coordinates":[[[103.8592392,1.2865425],[103.8592496,1.2865281],[103.8592281,1.2864658],[103.859208,1.2864711],[103.8592264,1.2865257],[103.8592154,1.2865348],[103.8591336,1.2864979],[103.8590565,1.2864376],[103.8589706,1.2863518],[103.8591205,1.286216],[103.8591872,1.2862251],[103.859216,1.2863588],[103.8592274,1.2863793],[103.8592231,1.2864171],[103.8591949,1.2864594],[103.8592811,1.2864423],[103.8593736,1.2863994],[103.8594051,1.2864175],[103.8594447,1.2864383],[103.8594916,1.2864798],[103.8594816,1.2865013],[103.8595393,1.2865154],[103.8595922,1.28651],[103.8596358,1.2864986],[103.8596251,1.2865301],[103.8595372,1.2865583],[103.8594407,1.286575],[103.8593421,1.2865717],[103.8592392,1.2865425]]]}},{"type":"Feature","id":"osm-way-687861963","properties":{"kind":"road","name":"Bayfront Avenue"},"geometry":{"type":"LineString","coordinates":[[103.8599262,1.283411],[103.8600375,1.2835978],[103.8601498,1.2837756]]}},{"type":"Feature","id":"osm-way-687861964","properties":{"kind":"road","name":"Bayfront Avenue"},"geometry":{"type":"LineString","coordinates":[[103.8601498,1.2837756],[103.860365,1.2841296]]}},{"type":"Feature","id":"osm-way-687861971","properties":{"kind":"road","name":"Dragonfly Bridge"},"geometry":{"type":"LineString","coordinates":[[103.8623045,1.2824973],[103.8625735,1.2824439]]}},{"type":"Feature","id":"osm-way-687861972","properties":{"kind":"road","name":"Dragonfly Bridge"},"geometry":{"type":"LineString","coordinates":[[103.8625735,1.2824439],[103.8627174,1.2824154],[103.8627609,1.2824067]]}},{"type":"Feature","id":"osm-way-687912612","properties":{"kind":"road","name":"Dragonfly Bridge"},"geometry":{"type":"LineString","coordinates":[[103.8627609,1.2824067],[103.8628044,1.2823981]]}},{"type":"Feature","id":"osm-way-687917300","properties":{"kind":"park","name":"Merlion Park"},"geometry":{"type":"Polygon","coordinates":[[[103.8548277,1.2869387],[103.8546729,1.2870799],[103.8544535,1.2870013],[103.8544248,1.286991],[103.8543984,1.2869816],[103.854118,1.2868812],[103.8540453,1.2865435],[103.8542236,1.2865432],[103.8543616,1.286415],[103.8538967,1.2850443],[103.8535428,1.2850476],[103.8535428,1.2850039],[103.8535428,1.2849296],[103.8535859,1.2849267],[103.8536347,1.2849229],[103.8538408,1.284948],[103.8538628,1.2849507],[103.8538864,1.2849534],[103.8539466,1.2849604],[103.8544468,1.2863666],[103.8544643,1.2863633],[103.8544549,1.2863288],[103.8544918,1.2863227],[103.8546356,1.2866149],[103.8545575,1.2866778],[103.8545268,1.2869656],[103.8546183,1.2869928],[103.8547581,1.286869],[103.8548277,1.2869387]]]}},{"type":"Feature","id":"osm-way-687928339","properties":{"kind":"building","name":"SG50 Lattice"},"geometry":{"type":"Polygon","coordinates":[[[103.8607651,1.2811206],[103.8607986,1.281107],[103.8608441,1.2810886],[103.8609132,1.281041],[103.8609441,1.2809988],[103.8609521,1.2809445],[103.8609454,1.2808774],[103.8610098,1.2809411],[103.8610809,1.2809921],[103.8611291,1.2810041],[103.8611728,1.2810028],[103.8612575,1.2810011],[103.8612301,1.2810303],[103.8612235,1.2810482],[103.8612233,1.2810668],[103.8612368,1.2810889],[103.8612569,1.2811107],[103.861279,1.2811292],[103.8613088,1.2811412],[103.8612864,1.2811697],[103.8612578,1.2812029],[103.8612401,1.281229],[103.8612284,1.2812736],[103.861225,1.2813155],[103.8612197,1.2813601],[103.8612083,1.2813383],[103.8612008,1.2813245],[103.8611372,1.2812622],[103.8610969,1.2812445],[103.8610483,1.2812414],[103.8610195,1.2812505],[103.8610017,1.2812576],[103.8609792,1.2812736],[103.8609689,1.281281],[103.8609527,1.2812953],[103.8609343,1.2813115],[103.8609148,1.281348],[103.8609137,1.2812943],[103.8609057,1.2812417],[103.8608874,1.2811994],[103.8608554,1.2811674],[103.8607651,1.2811206]]]}},{"type":"Feature","id":"osm-way-687928341","properties":{"kind":"road","name":""},"geometry":{"type":"LineString","coordinates":[[103.8636636,1.2805031],[103.8634171,1.2805288],[103.8632642,1.2805315],[103.8631004,1.2804704],[103.862924,1.2803562],[103.8627128,1.2802939],[103.8624605,1.2802319],[103.8624249,1.2802266],[103.8623157,1.2802103]]}},{"type":"Feature","id":"osm-way-687928342","properties":{"kind":"road","name":""},"geometry":{"type":"LineString","coordinates":[[103.8638796,1.2804835],[103.8637698,1.2804925],[103.863751,1.280494],[103.8637044,1.2804989],[103.8636636,1.2805031]]}},{"type":"Feature","id":"osm-way-687928354","properties":{"kind":"road","name":""},"geometry":{"type":"LineString","coordinates":[[103.8646739,1.2809788],[103.8642837,1.2806586],[103.8640917,1.2804974],[103.8640326,1.2804832],[103.8638911,1.2804826],[103.8638796,1.2804835]]}},{"type":"Feature","id":"osm-way-687928355","properties":{"kind":"road","name":""},"geometry":{"type":"LineString","coordinates":[[103.8647903,1.2811135],[103.8647782,1.281078],[103.8646918,1.2809935],[103.8646739,1.2809788]]}},{"type":"Feature","id":"osm-way-687958770","properties":{"kind":"road","name":"Bayfront Avenue"},"geometry":{"type":"LineString","coordinates":[[103.8596403,1.2829171],[103.8596867,1.2829905],[103.8599262,1.283411]]}},{"type":"Feature","id":"osm-way-687958771","properties":{"kind":"road","name":"Bayfront Avenue"},"geometry":{"type":"LineString","coordinates":[[103.859062,1.2819781],[103.8592829,1.2823309]]}},{"type":"Feature","id":"osm-way-687958772","properties":{"kind":"road","name":"Bayfront Avenue"},"geometry":{"type":"LineString","coordinates":[[103.8601491,1.2835076],[103.8598087,1.2829571]]}},{"type":"Feature","id":"osm-way-687958773","properties":{"kind":"road","name":"Bayfront Avenue"},"geometry":{"type":"LineString","coordinates":[[103.8604043,1.2839098],[103.8602821,1.2837086],[103.8601491,1.2835076]]}},{"type":"Feature","id":"osm-way-687965207","properties":{"kind":"road","name":"Olympic Walk"},"geometry":{"type":"LineString","coordinates":[[103.8590252,1.2853424],[103.8590552,1.2854214],[103.8591217,1.2855661]]}},{"type":"Feature","id":"osm-way-687965208","properties":{"kind":"road","name":"Olympic Walk"},"geometry":{"type":"LineString","coordinates":[[103.8588707,1.2849375],[103.8589149,1.285083],[103.8590252,1.2853424]]}},{"type":"Feature","id":"osm-way-687965211","properties":{"kind":"road","name":"The Helix"},"geometry":{"type":"LineString","coordinates":[[103.8604696,1.2867355],[103.8604069,1.2865946],[103.8603391,1.2864372],[103.8602535,1.2862878]]}},{"type":"Feature","id":"osm-way-687965212","properties":{"kind":"road","name":"The Helix"},"geometry":{"type":"LineString","coordinates":[[103.8604927,1.2868066],[103.8604757,1.2867493],[103.8604696,1.2867355]]}},{"type":"Feature","id":"osm-way-687965213","properties":{"kind":"road","name":"The Helix"},"geometry":{"type":"LineString","coordinates":[[103.8605456,1.2869867],[103.8604927,1.2868066]]}},{"type":"Feature","id":"osm-way-687994237","properties":{"kind":"water","name":""},"geometry":{"type":"Polygon","coordinates":[[[103.8590128,1.2989935],[103.8589673,1.2990518],[103.8586796,1.2987293],[103.858754,1.2986837],[103.8588235,1.2986731],[103.8588963,1.2986865],[103.8589604,1.2987236],[103.8590084,1.29878],[103.8590347,1.2988492],[103.8590362,1.2989232],[103.8590128,1.2989935]]]}},{"type":"Feature","id":"osm-way-688030342","properties":{"kind":"building","name":"Keramat Sultan Iskandar Shah"},"geometry":{"type":"Polygon","coordinates":[[[103.8472603,1.294428],[103.8472593,1.2943189],[103.8473711,1.2943178],[103.8473722,1.2944269],[103.8472603,1.294428]]]}},{"type":"Feature","id":"osm-way-688185418","properties":{"kind":"building","name":"Fort Canning Gate"},"geometry":{"type":"Polygon","coordinates":[[[103.84592,1.2949863],[103.8458071,1.295015],[103.8457997,1.2949862],[103.8457935,1.2949616],[103.8459064,1.2949329],[103.8459127,1.2949578],[103.84592,1.2949863]]]}},{"type":"Feature","id":"osm-way-688512240","properties":{"kind":"building","name":"Memorial to James Brooke Napier"},"geometry":{"type":"Polygon","coordinates":[[[103.8470102,1.2949142],[103.8470174,1.294871],[103.8470641,1.2948788],[103.8470569,1.294922],[103.8470102,1.2949142]]]}},{"type":"Feature","id":"osm-way-688756545","properties":{"kind":"road","name":"Ord Bridge"},"geometry":{"type":"LineString","coordinates":[[103.8441245,1.2910634],[103.8441516,1.2911107]]}},{"type":"Feature","id":"osm-way-688756546","properties":{"kind":"road","name":"Clarke Street"},"geometry":{"type":"LineString","coordinates":[[103.8450003,1.290513],[103.8448573,1.290577],[103.8447885,1.2906076]]}},{"type":"Feature","id":"osm-way-688756547","properties":{"kind":"road","name":"Clarke Quay"},"geometry":{"type":"LineString","coordinates":[[103.8447889,1.2900964],[103.8447759,1.2901639],[103.8447378,1.2905381],[103.8447375,1.2905409],[103.8447331,1.2905847],[103.8447296,1.2906191],[103.8447086,1.2906449],[103.8446577,1.2907077],[103.844606,1.2907486],[103.8445485,1.2907941],[103.8445103,1.2908243],[103.8444806,1.2908478],[103.84438,1.2909353],[103.844157,1.2911196]]}},{"type":"Feature","id":"osm-way-688756548","properties":{"kind":"road","name":"Clarke Quay"},"geometry":{"type":"LineString","coordinates":[[103.8448116,1.2899784],[103.8447889,1.2900964]]}},{"type":"Feature","id":"osm-way-688756551","properties":{"kind":"road","name":"Read Street"},"geometry":{"type":"LineString","coordinates":[[103.8452278,1.2897512],[103.8451538,1.2895731],[103.8451259,1.2894894]]}},{"type":"Feature","id":"osm-way-688756552","properties":{"kind":"road","name":"Read Street"},"geometry":{"type":"LineString","coordinates":[[103.8453424,1.2900271],[103.8452278,1.2897512]]}},{"type":"Feature","id":"osm-way-688824995","properties":{"kind":"road","name":"Duxton Hill"},"geometry":{"type":"LineString","coordinates":[[103.8438469,1.2794109],[103.8439262,1.2794032]]}},{"type":"Feature","id":"osm-way-688830991","properties":{"kind":"water","name":""},"geometry":{"type":"Polygon","coordinates":[[[103.8519797,1.2881569],[103.8519241,1.2880864],[103.8519207,1.2880772],[103.8519198,1.2880661],[103.8519265,1.2880556],[103.8519382,1.2880512],[103.8519519,1.2880521],[103.8519642,1.2880635],[103.8520156,1.2881312],[103.852017,1.2881414],[103.8520135,1.2881528],[103.8520045,1.2881598],[103.8519951,1.288163],[103.8519881,1.2881618],[103.8519797,1.2881569]]]}},{"type":"Feature","id":"osm-way-688879267","properties":{"kind":"road","name":"Jubilee Bridge"},"geometry":{"type":"LineString","coordinates":[[103.8546424,1.2887116],[103.8546748,1.2887627],[103.8547604,1.2888758]]}},{"type":"Feature","id":"osm-way-688879268","properties":{"kind":"road","name":"Jubilee Bridge"},"geometry":{"type":"LineString","coordinates":[[103.8544858,1.2884241],[103.8545709,1.2885987],[103.8546424,1.2887116]]}},{"type":"Feature","id":"osm-way-688879275","properties":{"kind":"water","name":""},"geometry":{"type":"Polygon","coordinates":[[[103.8549251,1.290469],[103.8549017,1.2904269],[103.8548725,1.2903628],[103.8548583,1.2903155],[103.8548517,1.2902748],[103.8548477,1.2902483],[103.8548981,1.2902456],[103.8548959,1.2902916],[103.8548995,1.2903287],[103.8549074,1.2903659],[103.8549203,1.2903991],[103.8549335,1.2904296],[103.8549486,1.2904544],[103.8549251,1.290469]]]}},{"type":"Feature","id":"osm-way-688879278","properties":{"kind":"road","name":""},"geometry":{"type":"LineString","coordinates":[[103.8512928,1.291694],[103.8513533,1.2916549]]}},{"type":"Feature","id":"osm-way-688879279","properties":{"kind":"road","name":""},"geometry":{"type":"LineString","coordinates":[[103.8513533,1.2916549],[103.8515438,1.2915321],[103.8516071,1.2915025],[103.8516806,1.2914814],[103.8517736,1.2914315],[103.8518167,1.2913898],[103.8518327,1.2913429],[103.8518215,1.2913004],[103.8517975,1.2912578]]}},{"type":"Feature","id":"osm-way-688879280","properties":{"kind":"water","name":""},"geometry":{"type":"Polygon","coordinates":[[[103.8526732,1.2942747],[103.85256,1.2941106],[103.8525777,1.2941153],[103.8526054,1.2941322],[103.8526347,1.2941607],[103.8526532,1.2941838],[103.8526686,1.2942223],[103.8526747,1.2942623],[103.8526732,1.2942747]]]}},{"type":"Feature","id":"osm-way-689084958","properties":{"kind":"road","name":"Magazine Road"},"geometry":{"type":"LineString","coordinates":[[103.8422277,1.2888959],[103.8420428,1.2886961]]}},{"type":"Feature","id":"osm-way-689084959","properties":{"kind":"road","name":"Magazine Road"},"geometry":{"type":"LineString","coordinates":[[103.8420428,1.2886961],[103.8418548,1.288493]]}},{"type":"Feature","id":"osm-way-690204721","properties":{"kind":"water","name":""},"geometry":{"type":"Polygon","coordinates":[[[103.8610118,1.2784582],[103.860999,1.2784519],[103.8609888,1.2784419],[103.860982,1.2784282],[103.8609801,1.2784129],[103.8609835,1.2783979],[103.8609918,1.278385],[103.8610039,1.2783756],[103.8610185,1.2783708],[103.8610338,1.2783712],[103.8610482,1.2783767],[103.8610598,1.2783868],[103.8610669,1.2783991],[103.8610699,1.2784131],[103.8610683,1.2784273],[103.8610623,1.2784402],[103.8610526,1.2784507],[103.86104,1.2784575],[103.861026,1.2784601],[103.8610118,1.2784582]]]}},{"type":"Feature","id":"osm-way-690369204","properties":{"kind":"road","name":"Raffles Link"},"geometry":{"type":"LineString","coordinates":[[103.8559427,1.2914984],[103.8559505,1.2915246]]}},{"type":"Feature","id":"osm-way-690369205","properties":{"kind":"road","name":"Raffles Link"},"geometry":{"type":"LineString","coordinates":[[103.8558124,1.2911075],[103.8558321,1.291164],[103.8558719,1.2912638],[103.8558855,1.2912979]]}},{"type":"Feature","id":"osm-way-690736807","properties":{"kind":"building","name":"Capri by Fraser"},"geometry":{"type":"Polygon","coordinates":[[[103.8469873,1.2842355],[103.8468529,1.2840076],[103.8471872,1.2838106],[103.8473216,1.2840386],[103.8469873,1.2842355]]]}},{"type":"Feature","id":"osm-way-692103122","properties":{"kind":"building","name":"Singtel Waterfront Theatre"},"geometry":{"type":"Polygon","coordinates":[[[103.8568859,1.2892787],[103.856878,1.2891667],[103.8568775,1.2891595],[103.8568767,1.2891484],[103.8568671,1.2890129],[103.857489,1.288969],[103.8575078,1.2892347],[103.8568859,1.2892787]]]}},{"type":"Feature","id":"osm-way-692103123","properties":{"kind":"park","name":""},"geometry":{"type":"Polygon","coordinates":[[[103.8546253,1.2899014],[103.8545529,1.2895904],[103.854585,1.2895475],[103.8546172,1.289518],[103.8546682,1.2895234],[103.8548506,1.2898183],[103.8548452,1.2898719],[103.8548023,1.2899202],[103.8547594,1.2897835],[103.8546843,1.2898049],[103.8547084,1.289888],[103.8546253,1.2899014]]]}},{"type":"Feature","id":"osm-way-692203225","properties":{"kind":"road","name":"Boat Quay"},"geometry":{"type":"LineString","coordinates":[[103.851471,1.2856331],[103.8521496,1.2859386],[103.8523223,1.2860374],[103.8523719,1.2860805],[103.8524139,1.2861056],[103.8524777,1.2861475],[103.8525054,1.2861852],[103.8525245,1.2862215],[103.8525418,1.2862545],[103.8525964,1.2863569],[103.8526198,1.2864821],[103.8528691,1.2867816],[103.8529819,1.2868418],[103.8530224,1.286862],[103.8530668,1.2868712],[103.853112,1.2868687],[103.8532036,1.2868585],[103.8532379,1.2868695],[103.8532667,1.286891],[103.8532741,1.2869104],[103.8532498,1.2869502]]}},{"type":"Feature","id":"osm-way-692203226","properties":{"kind":"road","name":"Boat Quay"},"geometry":{"type":"LineString","coordinates":[[103.8507661,1.2856828],[103.8508109,1.285674]]}},{"type":"Feature","id":"osm-way-692203227","properties":{"kind":"road","name":"Bonham Street"},"geometry":{"type":"LineString","coordinates":[[103.8506811,1.2856968],[103.8507661,1.2856828]]}},{"type":"Feature","id":"osm-way-692228295","properties":{"kind":"road","name":"Boat Quay"},"geometry":{"type":"LineString","coordinates":[[103.849337,1.2884676],[103.8493901,1.2882423],[103.8494041,1.2880756],[103.8493578,1.2876692],[103.8493612,1.2874681],[103.8494426,1.2871024],[103.8495641,1.2868051],[103.8497377,1.2864874]]}},{"type":"Feature","id":"osm-way-692636288","properties":{"kind":"road","name":"Pagoda Street"},"geometry":{"type":"LineString","coordinates":[[103.8443474,1.2834053],[103.8441943,1.2834889],[103.8440969,1.2835448]]}},{"type":"Feature","id":"osm-way-692636289","properties":{"kind":"road","name":"Pagoda Street"},"geometry":{"type":"LineString","coordinates":[[103.8440969,1.2835448],[103.8438841,1.2836677],[103.8435661,1.2838639]]}},{"type":"Feature","id":"osm-way-692636290","properties":{"kind":"road","name":"Trengganu Street"},"geometry":{"type":"LineString","coordinates":[[103.8443659,1.2833079],[103.8442549,1.2831185]]}},{"type":"Feature","id":"osm-way-692636291","properties":{"kind":"road","name":"Trengganu Street"},"geometry":{"type":"LineString","coordinates":[[103.8441283,1.2828903],[103.8438943,1.2824685]]}},{"type":"Feature","id":"osm-way-692636295","properties":{"kind":"building","name":"Siang Cho Keong Temple"},"geometry":{"type":"Polygon","coordinates":[[[103.8465015,1.2799152],[103.8466165,1.2798532],[103.8466564,1.2799271],[103.8465414,1.2799891],[103.8465015,1.2799152]]]}},{"type":"Feature","id":"osm-way-692636298","properties":{"kind":"road","name":"Amoy Street"},"geometry":{"type":"LineString","coordinates":[[103.8472359,1.2811747],[103.8472783,1.2812465]]}},{"type":"Feature","id":"osm-way-692636299","properties":{"kind":"road","name":"Amoy Street"},"geometry":{"type":"LineString","coordinates":[[103.8472783,1.2812465],[103.8473208,1.2813182]]}},{"type":"Feature","id":"osm-way-692636301","properties":{"kind":"road","name":"Gemmill Lane"},"geometry":{"type":"LineString","coordinates":[[103.8474794,1.2824562],[103.8478767,1.2822534]]}},{"type":"Feature","id":"osm-way-694047464","properties":{"kind":"building","name":"CapitaSpring"},"geometry":{"type":"Polygon","coordinates":[[[103.8497415,1.2841209],[103.8497289,1.2840911],[103.8497403,1.2840461],[103.8497713,1.2840187],[103.8497413,1.283998],[103.8500056,1.2835378],[103.8500556,1.2834423],[103.8500801,1.2834317],[103.8501024,1.2834243],[103.8501258,1.2834217],[103.8501492,1.2834211],[103.8501711,1.2834249],[103.850191,1.2834348],[103.8502124,1.2834527],[103.8502315,1.2834666],[103.8502445,1.2834867],[103.8502584,1.2835125],[103.8502583,1.2836399],[103.850258,1.2839711],[103.8502577,1.2843452],[103.8503345,1.2849259],[103.8502934,1.2849984],[103.8502189,1.2850163],[103.850183,1.2849934],[103.8500869,1.2844518],[103.8500605,1.2842781],[103.8499493,1.2841623],[103.8498427,1.2841523],[103.8498031,1.2841627],[103.849767,1.2841524],[103.8497415,1.2841209]]]}},{"type":"Feature","id":"osm-way-694102546","properties":{"kind":"road","name":"North Bridge Road"},"geometry":{"type":"LineString","coordinates":[[103.8562942,1.2993929],[103.8561106,1.2991556]]}},{"type":"Feature","id":"osm-way-694102547","properties":{"kind":"road","name":"North Bridge Road"},"geometry":{"type":"LineString","coordinates":[[103.8563854,1.2995117],[103.8562942,1.2993929]]}},{"type":"Feature","id":"osm-way-696431881","properties":{"kind":"road","name":"Temasek Avenue"},"geometry":{"type":"LineString","coordinates":[[103.860856,1.2903898],[103.8608347,1.2912198],[103.8608319,1.2913301]]}},{"type":"Feature","id":"osm-way-699163968","properties":{"kind":"building","name":"Park Regis"},"geometry":{"type":"Polygon","coordinates":[[[103.8444516,1.2883362],[103.8444171,1.2882933],[103.8443779,1.2883248],[103.8442376,1.2881506],[103.844641,1.2878258],[103.8446715,1.2878636],[103.8447129,1.2878303],[103.8447661,1.2878963],[103.8447397,1.2879176],[103.8447948,1.287986],[103.8448176,1.2879677],[103.8448537,1.2880125],[103.8447526,1.2880938],[103.8445105,1.2882888],[103.8444516,1.2883362]]]}},{"type":"Feature","id":"osm-way-699163978","properties":{"kind":"building","name":"Office Tower"},"geometry":{"type":"Polygon","coordinates":[[[103.8437967,1.2863191],[103.8434033,1.2858456],[103.8433976,1.2858387],[103.8434876,1.285764],[103.8440011,1.2863821],[103.8439111,1.2864569],[103.8437967,1.2863191]]]}},{"type":"Feature","id":"osm-way-699163979","properties":{"kind":"building","name":"Court Tower"},"geometry":{"type":"Polygon","coordinates":[[[103.8437193,1.2863834],[103.843701,1.2863986],[103.8437121,1.286412],[103.8437014,1.2864209],[103.8437577,1.2864887],[103.8435508,1.2866605],[103.8433517,1.2864208],[103.8430137,1.2860139],[103.8431212,1.2859247],[103.8431408,1.2859483],[103.8432328,1.2858719],[103.8432894,1.2859401],[103.8433259,1.2859098],[103.8437193,1.2863834]]]}},{"type":"Feature","id":"osm-way-699163980","properties":{"kind":"building","name":"State Courts Towers"},"geometry":{"type":"Polygon","coordinates":[[[103.8440011,1.2863821],[103.8439111,1.2864569],[103.8437967,1.2863191],[103.8437193,1.2863834],[103.843701,1.2863986],[103.8437121,1.286412],[103.8437014,1.2864209],[103.8437577,1.2864887],[103.8435508,1.2866605],[103.8430137,1.2860139],[103.8431212,1.2859247],[103.8431408,1.2859483],[103.8432328,1.2858719],[103.8432894,1.2859401],[103.8433259,1.2859098],[103.8434033,1.2858456],[103.8433976,1.2858387],[103.8434876,1.285764],[103.8440011,1.2863821]]]}},{"type":"Feature","id":"osm-way-699164060","properties":{"kind":"park","name":"Read Cresent Park"},"geometry":{"type":"Polygon","coordinates":[[[103.8448146,1.288497],[103.845001,1.2883281],[103.8450788,1.28843],[103.8450989,1.2885144],[103.8450989,1.2886163],[103.8450775,1.2886405],[103.8450117,1.2886606],[103.8449433,1.2886579],[103.8449165,1.2886311],[103.8448146,1.288497]]]}},{"type":"Feature","id":"osm-way-699183715","properties":{"kind":"building","name":"Peninsula Shopping Centre"},"geometry":{"type":"Polygon","coordinates":[[[103.8503939,1.291514],[103.8505758,1.2918481],[103.8505421,1.2918664],[103.8497463,1.2922993],[103.8496507,1.2922598],[103.8495397,1.2920327],[103.8495672,1.2919639],[103.8503939,1.291514]]]}},{"type":"Feature","id":"osm-way-703313367","properties":{"kind":"road","name":""},"geometry":{"type":"LineString","coordinates":[[103.8448339,1.2907028],[103.8448215,1.290665]]}},{"type":"Feature","id":"osm-way-705029437","properties":{"kind":"road","name":"Raffles Link"},"geometry":{"type":"LineString","coordinates":[[103.8559505,1.2915246],[103.8559726,1.2916069]]}},{"type":"Feature","id":"osm-way-705029438","properties":{"kind":"road","name":"Raffles Link"},"geometry":{"type":"LineString","coordinates":[[103.8558855,1.2912979],[103.8559427,1.2914984]]}},{"type":"Feature","id":"osm-way-706833943","properties":{"kind":"primaryRoad","name":"River Valley Road"},"geometry":{"type":"LineString","coordinates":[[103.8421135,1.2942536],[103.84219,1.2941559]]}},{"type":"Feature","id":"osm-way-706833945","properties":{"kind":"road","name":"Mohamed Sultan Road"},"geometry":{"type":"LineString","coordinates":[[103.8420095,1.2939741],[103.8420379,1.2941045],[103.8420601,1.29417]]}},{"type":"Feature","id":"osm-way-709230091","properties":{"kind":"road","name":"Shenton Lane"},"geometry":{"type":"LineString","coordinates":[[103.8507493,1.2792239],[103.8508723,1.2794259]]}},{"type":"Feature","id":"osm-way-709236417","properties":{"kind":"road","name":"Shenton Lane"},"geometry":{"type":"LineString","coordinates":[[103.8506447,1.2790425],[103.8506908,1.2791213]]}},{"type":"Feature","id":"osm-way-709236418","properties":{"kind":"road","name":"Shenton Lane"},"geometry":{"type":"LineString","coordinates":[[103.8506908,1.2791213],[103.8507493,1.2792239]]}},{"type":"Feature","id":"osm-way-710000874","properties":{"kind":"road","name":"Stanley Street"},"geometry":{"type":"LineString","coordinates":[[103.8484573,1.2809417],[103.8485568,1.2811108],[103.8485758,1.2811431]]}},{"type":"Feature","id":"osm-way-710062599","properties":{"kind":"road","name":"Raffles Link"},"geometry":{"type":"LineString","coordinates":[[103.8559726,1.2916069],[103.8560196,1.291761],[103.8560857,1.291978]]}},{"type":"Feature","id":"osm-way-711797008","properties":{"kind":"road","name":"Beach Road"},"geometry":{"type":"LineString","coordinates":[[103.8557186,1.2954802],[103.855523,1.2951401],[103.855157,1.2945531]]}},{"type":"Feature","id":"osm-way-711999436","properties":{"kind":"road","name":"Shenton Lane"},"geometry":{"type":"LineString","coordinates":[[103.8501879,1.2782834],[103.8504437,1.2787189]]}},{"type":"Feature","id":"osm-way-712180888","properties":{"kind":"road","name":"Peck Seah Street"},"geometry":{"type":"LineString","coordinates":[[103.8450962,1.2788522],[103.8450684,1.2787016],[103.8450575,1.2786422]]}},{"type":"Feature","id":"osm-way-713903742","properties":{"kind":"building","name":"The Clan Hotel"},"geometry":{"type":"Polygon","coordinates":[[[103.8482208,1.2827613],[103.8481213,1.2825844],[103.8482829,1.2824935],[103.8483825,1.2826705],[103.8482208,1.2827613]]]}},{"type":"Feature","id":"osm-way-717051552","properties":{"kind":"road","name":"Gardens by the Bay"},"geometry":{"type":"LineString","coordinates":[[103.8665871,1.2811799],[103.8660933,1.2811072]]}},{"type":"Feature","id":"osm-way-717051553","properties":{"kind":"road","name":"Gardens by the Bay"},"geometry":{"type":"LineString","coordinates":[[103.8665404,1.2818186],[103.8665982,1.281765],[103.8666338,1.2817203],[103.8666934,1.2816457]]}},{"type":"Feature","id":"osm-way-717051554","properties":{"kind":"road","name":"Gardens by the Bay Drop Off"},"geometry":{"type":"LineString","coordinates":[[103.8657124,1.2818723],[103.8657171,1.2819031],[103.8657318,1.2819198],[103.8657684,1.2819471],[103.865935,1.2819842]]}},{"type":"Feature","id":"osm-way-717051555","properties":{"kind":"road","name":"Gardens by the Bay Drop Off"},"geometry":{"type":"LineString","coordinates":[[103.8657311,1.2817329],[103.8657124,1.2818723]]}},{"type":"Feature","id":"osm-way-717051556","properties":{"kind":"road","name":"Gardens by the Bay Drop Off"},"geometry":{"type":"LineString","coordinates":[[103.8657586,1.2816084],[103.8657311,1.2817329]]}},{"type":"Feature","id":"osm-way-717051557","properties":{"kind":"road","name":"Gardens by the Bay"},"geometry":{"type":"LineString","coordinates":[[103.8658595,1.2810748],[103.8658306,1.2812325],[103.8657586,1.2816084]]}},{"type":"Feature","id":"osm-way-717051558","properties":{"kind":"road","name":"Gardens by the Bay"},"geometry":{"type":"LineString","coordinates":[[103.8658776,1.2809971],[103.8658595,1.2810748]]}},{"type":"Feature","id":"osm-way-717051559","properties":{"kind":"road","name":"Gardens by the Bay"},"geometry":{"type":"LineString","coordinates":[[103.8659528,1.2806959],[103.8658776,1.2809971]]}},{"type":"Feature","id":"osm-way-718067555","properties":{"kind":"road","name":""},"geometry":{"type":"LineString","coordinates":[[103.859685,1.2917237],[103.8596911,1.2916785],[103.8593787,1.2915503],[103.8593798,1.2915883],[103.8593611,1.2915888],[103.859685,1.2917237]]}},{"type":"Feature","id":"osm-way-718311498","properties":{"kind":"road","name":"China Street"},"geometry":{"type":"LineString","coordinates":[[103.8474941,1.2831246],[103.8474306,1.2830026],[103.8474036,1.2829925]]}},{"type":"Feature","id":"osm-way-718311499","properties":{"kind":"road","name":"China Street"},"geometry":{"type":"LineString","coordinates":[[103.8474036,1.2829925],[103.8474039,1.2830198],[103.8474143,1.2830429],[103.8474249,1.2830615],[103.8474447,1.2830963],[103.8474586,1.2831208]]}},{"type":"Feature","id":"osm-way-718881450","properties":{"kind":"road","name":"Marina Gardens Drive"},"geometry":{"type":"LineString","coordinates":[[103.8660268,1.2803891],[103.8656085,1.2802431],[103.8654234,1.2801534]]}},{"type":"Feature","id":"osm-way-718881451","properties":{"kind":"road","name":"Marina Gardens Drive"},"geometry":{"type":"LineString","coordinates":[[103.8679796,1.2803132],[103.8677662,1.2803806],[103.8676228,1.2804207],[103.8674287,1.2804585],[103.8672621,1.28048],[103.8670686,1.2805064],[103.8669395,1.2805212]]}},{"type":"Feature","id":"osm-way-718881452","properties":{"kind":"road","name":"Marina Gardens Drive"},"geometry":{"type":"LineString","coordinates":[[103.8676237,1.2805748],[103.867824,1.2805317],[103.8680641,1.2804596]]}},{"type":"Feature","id":"osm-way-718881453","properties":{"kind":"road","name":"Marina Gardens Drive"},"geometry":{"type":"LineString","coordinates":[[103.8667178,1.2806313],[103.8668852,1.2806388],[103.8671101,1.2806367]]}},{"type":"Feature","id":"osm-way-718881456","properties":{"kind":"primaryRoad","name":"East Coast Parkway"},"geometry":{"type":"LineString","coordinates":[[103.866344,1.2942435],[103.8657706,1.2941003]]}},{"type":"Feature","id":"osm-way-718971944","properties":{"kind":"road","name":"Bayfront Avenue"},"geometry":{"type":"LineString","coordinates":[[103.8593916,1.2824957],[103.859424,1.2825548],[103.8596403,1.2829171]]}},{"type":"Feature","id":"osm-way-718971945","properties":{"kind":"road","name":"Bayfront Avenue"},"geometry":{"type":"LineString","coordinates":[[103.8593164,1.2823801],[103.8593916,1.2824957]]}},{"type":"Feature","id":"osm-way-718971947","properties":{"kind":"road","name":"Sheares Link"},"geometry":{"type":"LineString","coordinates":[[103.8597929,1.2822396],[103.8602549,1.2819302]]}},{"type":"Feature","id":"osm-way-718971948","properties":{"kind":"road","name":"Sheares Link"},"geometry":{"type":"LineString","coordinates":[[103.8602549,1.2819302],[103.8604304,1.2818153],[103.8604693,1.2817979],[103.8605069,1.2817871],[103.860529,1.2817851],[103.8606237,1.281789]]}},{"type":"Feature","id":"osm-way-719128253","properties":{"kind":"road","name":"Park Crescent"},"geometry":{"type":"LineString","coordinates":[[103.8419374,1.2844518],[103.8419416,1.2845209],[103.84196,1.2845731],[103.8419763,1.2845998],[103.842028,1.2846706],[103.8421078,1.284784]]}},{"type":"Feature","id":"osm-way-719128254","properties":{"kind":"primaryRoad","name":"New Bridge Road"},"geometry":{"type":"LineString","coordinates":[[103.8429491,1.283578],[103.8427006,1.283286]]}},{"type":"Feature","id":"osm-way-719635724","properties":{"kind":"road","name":""},"geometry":{"type":"LineString","coordinates":[[103.8484091,1.2939649],[103.8483394,1.293947],[103.8483224,1.2939426],[103.8481858,1.2945551],[103.8482279,1.2948276],[103.8482392,1.2949007],[103.848279,1.2951587],[103.8483343,1.2951973],[103.8483703,1.2952224],[103.8482743,1.2946565],[103.8482722,1.2945053],[103.8483764,1.2940579],[103.8484007,1.2939887],[103.8484091,1.2939649]]}},{"type":"Feature","id":"osm-way-719635725","properties":{"kind":"road","name":""},"geometry":{"type":"LineString","coordinates":[[103.8483438,1.2939238],[103.8483407,1.2939399],[103.8483394,1.293947],[103.8483375,1.2939567],[103.8483305,1.2939963],[103.8482856,1.2942364],[103.8482345,1.2945306],[103.8482803,1.2948326],[103.8482902,1.2948974],[103.8483306,1.295164],[103.8483343,1.2951973],[103.8483534,1.2953687],[103.8483531,1.2955664],[103.8483431,1.2956345],[103.8483149,1.2958255],[103.8483015,1.2959109]]}},{"type":"Feature","id":"osm-way-719635726","properties":{"kind":"building","name":"SMU Connexion"},"geometry":{"type":"Polygon","coordinates":[[[103.8493254,1.2959912],[103.8490296,1.2957508],[103.8489157,1.2956548],[103.8489122,1.2956568],[103.848885,1.295632],[103.8488914,1.2956263],[103.8487671,1.2954865],[103.8487845,1.2954744],[103.8489142,1.2956355],[103.8489242,1.2956298],[103.8490373,1.2957198],[103.8490628,1.2957024],[103.8490436,1.2956786],[103.8490181,1.2956931],[103.8489728,1.295629],[103.8492077,1.2954781],[103.8493515,1.295384],[103.8496217,1.2952089],[103.8496559,1.2952348],[103.849578,1.2953255],[103.8496041,1.2953664],[103.849579,1.2953855],[103.8495546,1.2953516],[103.8494507,1.2955664],[103.8493697,1.2957739],[103.8493333,1.2959432],[103.8493254,1.2959912]]]}},{"type":"Feature","id":"osm-way-719635727","properties":{"kind":"building","name":"Innovation Bridge"},"geometry":{"type":"Polygon","coordinates":[[[103.8492077,1.2954781],[103.8491274,1.2953519],[103.8490706,1.2952609],[103.8492198,1.2951674],[103.8492811,1.2952632],[103.8493515,1.295384],[103.8492077,1.2954781]]]}},{"type":"Feature","id":"osm-way-719635728","properties":{"kind":"primaryRoad","name":"Fort Canning Link"},"geometry":{"type":"LineString","coordinates":[[103.8491274,1.2953519],[103.8488951,1.2955082]]}},{"type":"Feature","id":"osm-way-719635729","properties":{"kind":"primaryRoad","name":"Fort Canning Link"},"geometry":{"type":"LineString","coordinates":[[103.8492811,1.2952632],[103.8491274,1.2953519]]}},{"type":"Feature","id":"osm-way-721860173","properties":{"kind":"road","name":"Spring Street"},"geometry":{"type":"LineString","coordinates":[[103.8437882,1.2810438],[103.8437429,1.2810704],[103.8436001,1.2811542]]}},{"type":"Feature","id":"osm-way-723073393","properties":{"kind":"primaryRoad","name":"Raffles Boulevard"},"geometry":{"type":"LineString","coordinates":[[103.8578775,1.2919894],[103.8578896,1.291982]]}},{"type":"Feature","id":"osm-way-723676572","properties":{"kind":"building","name":"Masjid Al-Burhani"},"geometry":{"type":"Polygon","coordinates":[[[103.8502137,1.2935418],[103.850192,1.2934999],[103.8501737,1.2934644],[103.8506476,1.2932195],[103.8506876,1.2932969],[103.8502137,1.2935418]]]}},{"type":"Feature","id":"osm-way-723801696","properties":{"kind":"road","name":"Marina Gardens Drive"},"geometry":{"type":"LineString","coordinates":[[103.8680641,1.2804596],[103.8681945,1.2804149],[103.8683639,1.2803404],[103.868606,1.2802341],[103.8686083,1.2802347]]}},{"type":"Feature","id":"osm-way-723801697","properties":{"kind":"road","name":"Marina Gardens Drive"},"geometry":{"type":"LineString","coordinates":[[103.8685884,1.2801019],[103.8685376,1.2801262],[103.868431,1.2801642],[103.8683257,1.2801976],[103.8681618,1.2802485],[103.8679796,1.2803132]]}},{"type":"Feature","id":"osm-way-724651783","properties":{"kind":"building","name":"Bayfront Pavilion"},"geometry":{"type":"Polygon","coordinates":[[[103.8607986,1.281107],[103.8607389,1.2810752],[103.8607013,1.2810363],[103.8606738,1.2809726],[103.86065,1.2808885],[103.8606054,1.2809079],[103.8605072,1.2807105],[103.8605605,1.2806837],[103.8605565,1.2806777],[103.8605496,1.2806782],[103.8605414,1.2806753],[103.8605369,1.2806701],[103.8605367,1.2806591],[103.8605407,1.2806503],[103.860554,1.2806421],[103.8605577,1.2806348],[103.8605578,1.280623],[103.860552,1.2806143],[103.8605442,1.2806106],[103.8605328,1.2806108],[103.8605219,1.2806138],[103.8605154,1.2806287],[103.8605074,1.2806351],[103.8604929,1.2806364],[103.8604849,1.2806311],[103.8604609,1.2805878],[103.8604603,1.2805727],[103.8604693,1.28056],[103.8605872,1.2805346],[103.8606108,1.2805295],[103.8606235,1.2805308],[103.8606363,1.2805439],[103.8607613,1.2806455],[103.8607744,1.2806686],[103.8607815,1.2806978],[103.8607979,1.2807209],[103.8608324,1.2807346],[103.8608639,1.2807393],[103.8609089,1.2807708],[103.860933,1.2808097],[103.8609434,1.2808416],[103.8609407,1.2808875],[103.860927,1.2809337],[103.8608991,1.2809646],[103.86087,1.280985],[103.8608237,1.2809981],[103.8607965,1.2810011],[103.8607872,1.2810108],[103.8607868,1.2810296],[103.8607925,1.2810444],[103.8608441,1.2810886],[103.8607986,1.281107]]]}},{"type":"Feature","id":"osm-way-725743180","properties":{"kind":"primaryRoad","name":"Hill Street"},"geometry":{"type":"LineString","coordinates":[[103.8494611,1.292003],[103.8494039,1.2918865]]}},{"type":"Feature","id":"osm-way-725743263","properties":{"kind":"building","name":"Guoco Midtown Office Tower"},"geometry":{"type":"Polygon","coordinates":[[[103.8576002,1.2973349],[103.8576268,1.2973089],[103.8577245,1.2972138],[103.8578524,1.2970891],[103.8579772,1.2969675],[103.8582995,1.2973024],[103.8582716,1.2973291],[103.8583512,1.2974114],[103.8580426,1.2977053],[103.8579654,1.2976222],[103.8579159,1.2976696],[103.8578879,1.2976399],[103.8576002,1.2973349]]]}},{"type":"Feature","id":"osm-way-725743264","properties":{"kind":"building","name":"Guoco Midtown Square"},"geometry":{"type":"Polygon","coordinates":[[[103.8576268,1.2973089],[103.8576002,1.2973349],[103.8578879,1.2976399],[103.8579159,1.2976696],[103.8579654,1.2976222],[103.8580426,1.2977053],[103.8578137,1.2979345],[103.8574815,1.2976221],[103.8575264,1.2975779],[103.8573983,1.2974459],[103.8574512,1.2973953],[103.8575424,1.2973081],[103.857587,1.2972655],[103.8576268,1.2973089]]]}},{"type":"Feature","id":"osm-way-725743265","properties":{"kind":"building","name":"Guoco Midtown Network Hub"},"geometry":{"type":"Polygon","coordinates":[[[103.8578524,1.2970891],[103.8577927,1.2970267],[103.8577516,1.2969837],[103.8577134,1.2969439],[103.8577238,1.296934],[103.8576859,1.2968955],[103.8575795,1.2967874],[103.8575647,1.2967725],[103.8576705,1.2966698],[103.8576954,1.296695],[103.8577136,1.2967134],[103.8577492,1.2966768],[103.8579042,1.2968358],[103.8578802,1.296859],[103.8579188,1.2969022],[103.8579772,1.2969675],[103.8578524,1.2970891]]]}},{"type":"Feature","id":"osm-way-725743854","properties":{"kind":"building","name":"Midtown Bay"},"geometry":{"type":"Polygon","coordinates":[[[103.8572072,1.2966159],[103.8571679,1.2966494],[103.8569825,1.2963772],[103.856967,1.2963903],[103.8569316,1.2963427],[103.8573234,1.2960643],[103.857344,1.2960497],[103.8574113,1.2961861],[103.857495,1.2963557],[103.857482,1.2963668],[103.8574561,1.296389],[103.8574588,1.2963968],[103.8574678,1.2963933],[103.857475,1.2964146],[103.8574855,1.2964111],[103.8575212,1.296515],[103.8575127,1.2965181],[103.8575227,1.2965471],[103.8574518,1.2965732],[103.8574551,1.2965803],[103.8573519,1.296616],[103.8573543,1.2966227],[103.8572276,1.2966668],[103.8572072,1.2966159]]]}},{"type":"Feature","id":"osm-way-725743855","properties":{"kind":"building","name":"Guoco Midtown Market"},"geometry":{"type":"Polygon","coordinates":[[[103.8575647,1.2967725],[103.8575795,1.2967874],[103.8576859,1.2968955],[103.8577238,1.296934],[103.8577134,1.2969439],[103.8577516,1.2969837],[103.8576601,1.2970724],[103.857621,1.297032],[103.8575902,1.2970613],[103.8575746,1.2970762],[103.8576138,1.2971172],[103.8575296,1.2971989],[103.85749,1.2971568],[103.8574634,1.2971822],[103.8572825,1.2969976],[103.8573119,1.2969698],[103.8572868,1.2969453],[103.8573705,1.2968651],[103.8573888,1.2968836],[103.8574177,1.2968535],[103.8573523,1.2967878],[103.8574618,1.2966829],[103.8575158,1.2967367],[103.8575398,1.2967113],[103.8574637,1.2966376],[103.8575376,1.2965684],[103.8575293,1.2965418],[103.857583,1.2965222],[103.8576977,1.2966434],[103.8576705,1.2966698],[103.8575647,1.2967725]]]}},{"type":"Feature","id":"osm-way-725993955","properties":{"kind":"primaryRoad","name":"Central Boulevard"},"geometry":{"type":"LineString","coordinates":[[103.8515089,1.2803361],[103.8511721,1.2806591],[103.8510547,1.2807498]]}},{"type":"Feature","id":"osm-way-725993957","properties":{"kind":"road","name":"Commerce Street"},"geometry":{"type":"LineString","coordinates":[[103.8512013,1.2795557],[103.8513975,1.2794266]]}},{"type":"Feature","id":"osm-way-725993958","properties":{"kind":"road","name":"Commerce Street"},"geometry":{"type":"LineString","coordinates":[[103.8511123,1.2796148],[103.8512013,1.2795557]]}},{"type":"Feature","id":"osm-way-728243729","properties":{"kind":"building","name":"Marina Bay Financial Centre"},"geometry":{"type":"Polygon","coordinates":[[[103.8541497,1.2804587],[103.8541369,1.2804216],[103.8540687,1.2804434],[103.853395,1.2793034],[103.8539908,1.278985],[103.8541522,1.2788987],[103.8542207,1.2788895],[103.8542055,1.2787754],[103.8543581,1.278755],[103.8543511,1.2787027],[103.8546974,1.2786565],[103.8547454,1.2790159],[103.8547666,1.2791752],[103.8549302,1.2793343],[103.8550457,1.2794444],[103.8551349,1.2794932],[103.8552926,1.2795796],[103.8554375,1.2797619],[103.8552672,1.2798745],[103.8545117,1.2803282],[103.8541497,1.2804587]]]}},{"type":"Feature","id":"osm-way-732229007","properties":{"kind":"road","name":"Coleman Street"},"geometry":{"type":"LineString","coordinates":[[103.8489301,1.2928564],[103.8489165,1.2928805]]}},{"type":"Feature","id":"osm-way-732229008","properties":{"kind":"road","name":"Coleman Street"},"geometry":{"type":"LineString","coordinates":[[103.8495306,1.2925377],[103.8494639,1.2925715],[103.8492674,1.2926774]]}},{"type":"Feature","id":"osm-way-732247545","properties":{"kind":"road","name":"Supreme Court Lane"},"geometry":{"type":"LineString","coordinates":[[103.8511553,1.2903363],[103.8513522,1.2906747],[103.8513666,1.2907163],[103.8513726,1.2907307],[103.8515443,1.2910434]]}},{"type":"Feature","id":"osm-way-732247546","properties":{"kind":"road","name":"Supreme Court Lane"},"geometry":{"type":"LineString","coordinates":[[103.8506924,1.289648],[103.8507275,1.2896511],[103.850748,1.2896615],[103.8507604,1.2896719],[103.8507823,1.2896994],[103.8511553,1.2903363]]}},{"type":"Feature","id":"osm-way-732247547","properties":{"kind":"road","name":"Parliament Place"},"geometry":{"type":"LineString","coordinates":[[103.8501063,1.2901249],[103.8504264,1.2898695]]}},{"type":"Feature","id":"osm-way-733918788","properties":{"kind":"road","name":"North Bridge Road"},"geometry":{"type":"LineString","coordinates":[[103.8505016,1.2909977],[103.8504661,1.2909393]]}},{"type":"Feature","id":"osm-way-734706139","properties":{"kind":"primaryRoad","name":"East Coast Parkway"},"geometry":{"type":"LineString","coordinates":[[103.8614765,1.2880023],[103.8614652,1.2880281],[103.8614201,1.2884668],[103.8614049,1.2886734]]}},{"type":"Feature","id":"osm-way-735358345","properties":{"kind":"road","name":"Beach Road"},"geometry":{"type":"LineString","coordinates":[[103.8543721,1.2934069],[103.8545895,1.2937747]]}},{"type":"Feature","id":"osm-way-735358346","properties":{"kind":"road","name":"Beach Road"},"geometry":{"type":"LineString","coordinates":[[103.8546543,1.2939345],[103.8546846,1.2940156]]}},{"type":"Feature","id":"osm-way-736992406","properties":{"kind":"building","name":"Guoco Midtown II"},"geometry":{"type":"Polygon","coordinates":[[[103.857702,1.2984494],[103.8572647,1.2988993],[103.8571135,1.2990941],[103.8566648,1.2995856],[103.8565906,1.299582],[103.8562921,1.2991909],[103.8562946,1.2991055],[103.8566792,1.2986876],[103.8569329,1.298412],[103.8569989,1.2983642],[103.8570218,1.2983876],[103.8572714,1.2981961],[103.8572105,1.2981214],[103.8572808,1.2980443],[103.8573602,1.2980424],[103.8576994,1.2983648],[103.857702,1.2984494]]]}},{"type":"Feature","id":"osm-way-737003056","properties":{"kind":"road","name":""},"geometry":{"type":"LineString","coordinates":[[103.8505857,1.2788238],[103.8514356,1.2783164]]}},{"type":"Feature","id":"osm-way-738108625","properties":{"kind":"road","name":"Boon Tat Street"},"geometry":{"type":"LineString","coordinates":[[103.8490524,1.2808779],[103.8490934,1.280853],[103.8494515,1.2806355]]}},{"type":"Feature","id":"osm-way-738898808","properties":{"kind":"road","name":"Market Street"},"geometry":{"type":"LineString","coordinates":[[103.850417,1.2848],[103.8504329,1.285019],[103.8504368,1.2850721]]}},{"type":"Feature","id":"osm-way-738898809","properties":{"kind":"road","name":"Market Street"},"geometry":{"type":"LineString","coordinates":[[103.8504135,1.2847521],[103.850417,1.2848]]}},{"type":"Feature","id":"osm-way-739087866","properties":{"kind":"building","name":"Maybank Securities"},"geometry":{"type":"Polygon","coordinates":[[[103.8466333,1.287427],[103.8466508,1.2874585],[103.8468096,1.2877421],[103.8467804,1.2877631],[103.8467909,1.2877806],[103.8467337,1.2878145],[103.8467209,1.2877958],[103.8466964,1.2878121],[103.8464961,1.2875572],[103.8463718,1.287399],[103.846408,1.2873639],[103.846401,1.2873488],[103.8465166,1.2872799],[103.8465388,1.2873149],[103.8465644,1.2873021],[103.8466333,1.287427]]]}},{"type":"Feature","id":"osm-way-739095773","properties":{"kind":"road","name":"Armenian Street"},"geometry":{"type":"LineString","coordinates":[[103.8489816,1.2934853],[103.848786,1.2932191],[103.8487378,1.2931536]]}},{"type":"Feature","id":"osm-way-739513984","properties":{"kind":"road","name":""},"geometry":{"type":"LineString","coordinates":[[103.8431956,1.2843751],[103.8430931,1.2844617],[103.8431308,1.2845063],[103.8431673,1.2845495],[103.8432664,1.2844586],[103.8432866,1.2844794],[103.8432594,1.2845022],[103.8432539,1.2844956],[103.8429643,1.2847382],[103.8429289,1.2847539],[103.842902,1.2847717],[103.8428821,1.2847881],[103.842831,1.2848282],[103.8430497,1.2851005],[103.8430082,1.2851358],[103.8429545,1.2851775],[103.8431508,1.2854162],[103.8431237,1.2854384],[103.8431205,1.2854273],[103.8422653,1.2843751],[103.8421234,1.2844904],[103.8420297,1.2845664],[103.8419814,1.2844357],[103.8420242,1.2844952],[103.8422981,1.2842741],[103.8426868,1.2847436],[103.8427976,1.2846523],[103.8431727,1.2843482],[103.8431956,1.2843751]]}},{"type":"Feature","id":"osm-way-739513985","properties":{"kind":"road","name":"Duxton Hill"},"geometry":{"type":"LineString","coordinates":[[103.8425596,1.2781167],[103.8425832,1.2781316],[103.8428445,1.2787496],[103.8428298,1.2789253]]}},{"type":"Feature","id":"osm-way-740052882","properties":{"kind":"road","name":"Rhu Cross"},"geometry":{"type":"LineString","coordinates":[[103.8684825,1.2934423],[103.8684407,1.2935306],[103.8684167,1.2936031],[103.8683786,1.2937958]]}},{"type":"Feature","id":"osm-way-741164883","properties":{"kind":"primaryRoad","name":"East Coast Parkway"},"geometry":{"type":"LineString","coordinates":[[103.8688549,1.2947204],[103.866344,1.2942435]]}},{"type":"Feature","id":"osm-way-741625536","properties":{"kind":"road","name":""},"geometry":{"type":"LineString","coordinates":[[103.8518024,1.2849966],[103.8520649,1.2851198],[103.8520499,1.2849667],[103.851766,1.2847431],[103.8518024,1.2849966]]}},{"type":"Feature","id":"osm-way-742058833","properties":{"kind":"road","name":"Middle Road"},"geometry":{"type":"LineString","coordinates":[[103.8564213,1.2963523],[103.8564414,1.296305],[103.8565069,1.296242],[103.8566097,1.2961611]]}},{"type":"Feature","id":"osm-way-742205653","properties":{"kind":"building","name":"Parkroyal Collection Marina Bay"},"geometry":{"type":"Polygon","coordinates":[[[103.8568569,1.2919157],[103.8563347,1.2922082],[103.8561503,1.29168],[103.8566366,1.2914],[103.8566203,1.2912972],[103.8566311,1.291118],[103.8567934,1.2910185],[103.8569508,1.2911334],[103.857163,1.2910125],[103.8573589,1.2913442],[103.8574094,1.2914297],[103.8574745,1.29154],[103.8568569,1.2919157]]]}},{"type":"Feature","id":"osm-way-743763993","properties":{"kind":"water","name":""},"geometry":{"type":"Polygon","coordinates":[[[103.8503394,1.2968897],[103.8504691,1.2967838],[103.8506528,1.2966338],[103.8507892,1.2965224],[103.8509257,1.2966895],[103.8507882,1.2968018],[103.8506103,1.296947],[103.8504759,1.2970568],[103.8503394,1.2968897]]]}},{"type":"Feature","id":"osm-way-744613815","properties":{"kind":"road","name":"Tanjong Rhu View"},"geometry":{"type":"LineString","coordinates":[[103.869971,1.2977121],[103.8699993,1.2971693],[103.8700018,1.2971022],[103.8700028,1.2970548]]}},{"type":"Feature","id":"osm-way-744613816","properties":{"kind":"road","name":"Tanjong Rhu View"},"geometry":{"type":"LineString","coordinates":[[103.8673213,1.2978859],[103.8673654,1.2978651],[103.86741,1.2978558],[103.8674612,1.2978534],[103.8677465,1.2978573]]}},{"type":"Feature","id":"osm-way-745297576","properties":{"kind":"road","name":"Solomon Street"},"geometry":{"type":"LineString","coordinates":[[103.8427257,1.2883392],[103.842628,1.2882277],[103.8425193,1.2881037],[103.8425198,1.2880488],[103.8425428,1.2879969]]}},{"type":"Feature","id":"osm-way-745297577","properties":{"kind":"road","name":"Solomon Street"},"geometry":{"type":"LineString","coordinates":[[103.8423979,1.2880304],[103.842466,1.2881109],[103.8425778,1.2882319],[103.8426983,1.2883619]]}},{"type":"Feature","id":"osm-way-745352143","properties":{"kind":"primaryRoad","name":"Clemenceau Avenue"},"geometry":{"type":"LineString","coordinates":[[103.8427153,1.2913799],[103.8427926,1.2915329],[103.8428454,1.2916332]]}},{"type":"Feature","id":"osm-way-745352144","properties":{"kind":"primaryRoad","name":"Clemenceau Avenue"},"geometry":{"type":"LineString","coordinates":[[103.8433501,1.2924911],[103.8436054,1.2929479],[103.8436365,1.2930037]]}},{"type":"Feature","id":"osm-way-745352145","properties":{"kind":"primaryRoad","name":"Clemenceau Avenue"},"geometry":{"type":"LineString","coordinates":[[103.842562,1.2910816],[103.8427153,1.2913799]]}},{"type":"Feature","id":"osm-way-745710909","properties":{"kind":"road","name":"Waterloo Street"},"geometry":{"type":"LineString","coordinates":[[103.8526785,1.3001],[103.8525124,1.2998945],[103.8524905,1.2998674]]}},{"type":"Feature","id":"osm-way-745710910","properties":{"kind":"road","name":"Middle Road"},"geometry":{"type":"LineString","coordinates":[[103.8529619,1.2994768],[103.8531671,1.2993068],[103.8532486,1.2992392]]}},{"type":"Feature","id":"osm-way-745773525","properties":{"kind":"road","name":"Bain Street"},"geometry":{"type":"LineString","coordinates":[[103.8537613,1.2972841],[103.8543064,1.2968452],[103.8543669,1.2967965]]}},{"type":"Feature","id":"osm-way-746606748","properties":{"kind":"road","name":"Middle Road"},"geometry":{"type":"LineString","coordinates":[[103.8543939,1.2982952],[103.8545222,1.2981921],[103.8546221,1.2981116]]}},{"type":"Feature","id":"osm-way-746630881","properties":{"kind":"primaryRoad","name":"Rochor Road"},"geometry":{"type":"LineString","coordinates":[[103.8579147,1.2983935],[103.8578612,1.298457],[103.8572504,1.2991813]]}},{"type":"Feature","id":"osm-way-746632191","properties":{"kind":"road","name":"Beach Road"},"geometry":{"type":"LineString","coordinates":[[103.8586567,1.2989437],[103.8585472,1.2988331]]}},{"type":"Feature","id":"osm-way-747030841","properties":{"kind":"road","name":"Cecil Street"},"geometry":{"type":"LineString","coordinates":[[103.8478871,1.2789462],[103.8480675,1.2792248],[103.8480938,1.2792655]]}},{"type":"Feature","id":"osm-way-747030842","properties":{"kind":"road","name":"Cecil Street"},"geometry":{"type":"LineString","coordinates":[[103.8471958,1.2778406],[103.8472745,1.2779629],[103.8475696,1.2784501],[103.8477379,1.2787159],[103.8478871,1.2789462]]}},{"type":"Feature","id":"osm-way-747030843","properties":{"kind":"road","name":"McCallum Street"},"geometry":{"type":"LineString","coordinates":[[103.8476054,1.2795481],[103.847645,1.2795234],[103.8478158,1.2794253]]}},{"type":"Feature","id":"osm-way-747030844","properties":{"kind":"road","name":"McCallum Street"},"geometry":{"type":"LineString","coordinates":[[103.8472894,1.2797209],[103.8473618,1.2796809]]}},{"type":"Feature","id":"osm-way-747038521","properties":{"kind":"primaryRoad","name":"Robinson Road"},"geometry":{"type":"LineString","coordinates":[[103.8488095,1.2788159],[103.8493545,1.2796985]]}},{"type":"Feature","id":"osm-way-747041623","properties":{"kind":"primaryRoad","name":"Shenton Way"},"geometry":{"type":"LineString","coordinates":[[103.8502458,1.279421],[103.8500047,1.2790151]]}},{"type":"Feature","id":"osm-way-747269111","properties":{"kind":"primaryRoad","name":"Upper Cross Street"},"geometry":{"type":"LineString","coordinates":[[103.8438752,1.2850033],[103.8438027,1.2850579],[103.8435593,1.2852569]]}},{"type":"Feature","id":"osm-way-747269112","properties":{"kind":"primaryRoad","name":"Eu Tong Sen Street"},"geometry":{"type":"LineString","coordinates":[[103.8433782,1.2843945],[103.8434464,1.2844765],[103.8436488,1.2847203]]}},{"type":"Feature","id":"osm-way-747280754","properties":{"kind":"road","name":"Mohamed Ali Lane"},"geometry":{"type":"LineString","coordinates":[[103.8460507,1.282659],[103.845953,1.282715],[103.8457133,1.2828526],[103.845667,1.282881]]}},{"type":"Feature","id":"osm-way-747280756","properties":{"kind":"road","name":"Mohamed Ali Lane"},"geometry":{"type":"LineString","coordinates":[[103.8462147,1.2826816],[103.8460786,1.2826551],[103.8460507,1.282659]]}},{"type":"Feature","id":"osm-way-747280757","properties":{"kind":"primaryRoad","name":"Cross Street"},"geometry":{"type":"LineString","coordinates":[[103.8469884,1.2831105],[103.8468852,1.2831713]]}},{"type":"Feature","id":"osm-way-747280758","properties":{"kind":"primaryRoad","name":"Cross Street"},"geometry":{"type":"LineString","coordinates":[[103.847122,1.2830319],[103.8469884,1.2831105]]}},{"type":"Feature","id":"osm-way-747280759","properties":{"kind":"primaryRoad","name":"Cross Street"},"geometry":{"type":"LineString","coordinates":[[103.8473279,1.2829106],[103.847122,1.2830319]]}},{"type":"Feature","id":"osm-way-747280760","properties":{"kind":"road","name":"South Bridge Road"},"geometry":{"type":"LineString","coordinates":[[103.8458432,1.283202],[103.845667,1.282881]]}},{"type":"Feature","id":"osm-way-747288345","properties":{"kind":"road","name":"Boon Tat Street"},"geometry":{"type":"LineString","coordinates":[[103.8494515,1.2806355],[103.8495792,1.2805533],[103.8497334,1.280458],[103.8497996,1.2804169]]}},{"type":"Feature","id":"osm-way-747288346","properties":{"kind":"road","name":"Boon Tat Street"},"geometry":{"type":"LineString","coordinates":[[103.8485758,1.2811431],[103.8485999,1.2811297],[103.8487257,1.2810597]]}},{"type":"Feature","id":"osm-way-747302392","properties":{"kind":"primaryRoad","name":"Robinson Road"},"geometry":{"type":"LineString","coordinates":[[103.8505867,1.2815174],[103.8508374,1.2818628]]}},{"type":"Feature","id":"osm-way-747304729","properties":{"kind":"road","name":"Market Street"},"geometry":{"type":"LineString","coordinates":[[103.8503561,1.2814886],[103.8503094,1.2813935],[103.8502498,1.2813004],[103.8502305,1.2812702]]}},{"type":"Feature","id":"osm-way-747311784","properties":{"kind":"road","name":"Cecil Street"},"geometry":{"type":"LineString","coordinates":[[103.8498737,1.2822081],[103.8498919,1.2822338],[103.8500463,1.282452]]}},{"type":"Feature","id":"osm-way-747311785","properties":{"kind":"road","name":"Cecil Street"},"geometry":{"type":"LineString","coordinates":[[103.8495242,1.2816724],[103.8495479,1.2817092],[103.8497476,1.2820186]]}},{"type":"Feature","id":"osm-way-747312274","properties":{"kind":"road","name":"Market Street"},"geometry":{"type":"LineString","coordinates":[[103.8503814,1.2817284],[103.8503771,1.2815988],[103.8503561,1.2814886]]}},{"type":"Feature","id":"osm-way-747312275","properties":{"kind":"road","name":"Market Street"},"geometry":{"type":"LineString","coordinates":[[103.8503703,1.2821405],[103.8503814,1.2817284]]}},{"type":"Feature","id":"osm-way-747348659","properties":{"kind":"primaryRoad","name":"Marina Boulevard"},"geometry":{"type":"LineString","coordinates":[[103.8537029,1.281077],[103.8540735,1.280838],[103.854166,1.2807783]]}},{"type":"Feature","id":"osm-way-747348660","properties":{"kind":"road","name":"Marina View Link"},"geometry":{"type":"LineString","coordinates":[[103.8526443,1.2803462],[103.8525814,1.2803904]]}},{"type":"Feature","id":"osm-way-747360393","properties":{"kind":"primaryRoad","name":"Robinson Road"},"geometry":{"type":"LineString","coordinates":[[103.8508374,1.2818628],[103.8509877,1.2821088]]}},{"type":"Feature","id":"osm-way-747360394","properties":{"kind":"primaryRoad","name":"Raffles Quay"},"geometry":{"type":"LineString","coordinates":[[103.8516447,1.2816612],[103.8515109,1.281451]]}},{"type":"Feature","id":"osm-way-747369958","properties":{"kind":"primaryRoad","name":"Church Street"},"geometry":{"type":"LineString","coordinates":[[103.849896,1.2834357],[103.8500058,1.2832447]]}},{"type":"Feature","id":"osm-way-747369959","properties":{"kind":"road","name":"Telok Ayer Street"},"geometry":{"type":"LineString","coordinates":[[103.849437,1.2835773],[103.8492791,1.2834361],[103.8492667,1.2834194]]}},{"type":"Feature","id":"osm-way-747369960","properties":{"kind":"road","name":"Telok Ayer Street"},"geometry":{"type":"LineString","coordinates":[[103.8496864,1.2838003],[103.8496387,1.2837577],[103.849437,1.2835773]]}},{"type":"Feature","id":"osm-way-747734200","properties":{"kind":"building","name":"Millenia Walk"},"geometry":{"type":"Polygon","coordinates":[[[103.8589473,1.2930276],[103.858948,1.293038],[103.8588902,1.293041],[103.8588709,1.293042],[103.8588705,1.2930346],[103.8588403,1.2930317],[103.8587972,1.2930273],[103.8587975,1.2930447],[103.8587194,1.2930477],[103.8587104,1.2930273],[103.8585467,1.2930645],[103.8585464,1.2930574],[103.8584502,1.2930614],[103.85843,1.2930621],[103.8584296,1.2930507],[103.8583371,1.2930551],[103.8583378,1.2930681],[103.8582878,1.2930703],[103.8581698,1.2930755],[103.8581601,1.2930427],[103.8581295,1.2929461],[103.8582805,1.2929406],[103.8582793,1.2929179],[103.8584444,1.2929103],[103.8586272,1.2929018],[103.8588125,1.2928926],[103.858811,1.2928588],[103.8591716,1.2928427],[103.8594483,1.2928295],[103.8594411,1.2926741],[103.8594158,1.2921317],[103.8594138,1.292089],[103.8594135,1.2920826],[103.8594129,1.2920682],[103.8594114,1.2920352],[103.8594089,1.2919828],[103.8594078,1.2919594],[103.8594056,1.2919127],[103.859403,1.2918562],[103.8594004,1.2918007],[103.8593974,1.2917361],[103.8594242,1.291735],[103.859685,1.2917237],[103.8596911,1.2916785],[103.8596946,1.2916523],[103.8597054,1.2915726],[103.8598464,1.2915668],[103.8598421,1.2915981],[103.8598351,1.2916481],[103.859826,1.2917176],[103.8598455,1.2917168],[103.8598779,1.2917154],[103.8599118,1.2917139],[103.8600401,1.2917083],[103.8600538,1.2917078],[103.8600698,1.2917071],[103.8601042,1.2917056],[103.8601003,1.29161],[103.8602007,1.2916051],[103.8602557,1.2916291],[103.8603296,1.2916612],[103.8603753,1.2916808],[103.8603767,1.2917123],[103.8604046,1.2917248],[103.860493,1.2917639],[103.8605067,1.292074],[103.8602502,1.2920866],[103.8602066,1.2920887],[103.8600745,1.2921622],[103.859943,1.2922354],[103.8599229,1.2922466],[103.8599103,1.2922536],[103.8599039,1.2922571],[103.8598938,1.2922628],[103.8598405,1.2922925],[103.8598559,1.2926495],[103.859857,1.2926746],[103.8598601,1.2926745],[103.8598673,1.2928489],[103.8597445,1.292918],[103.8597449,1.2929387],[103.8597457,1.292957],[103.8597495,1.293037],[103.8597537,1.2931252],[103.8597584,1.2932242],[103.8597603,1.2932876],[103.8597608,1.2932994],[103.8598049,1.2933783],[103.8598272,1.2933775],[103.8598532,1.2933765],[103.8598666,1.2934006],[103.8598703,1.2934003],[103.8598928,1.2934432],[103.8599042,1.2936869],[103.8598817,1.293688],[103.8598606,1.2936891],[103.8598164,1.2936912],[103.859752,1.2936943],[103.8597177,1.2936959],[103.8596338,1.2937],[103.8596099,1.2937011],[103.8595091,1.293706],[103.8594918,1.2937068],[103.8592927,1.2937165],[103.8592272,1.2937196],[103.8592159,1.2937202],[103.8591815,1.2937218],[103.8593107,1.2932465],[103.8594772,1.2932375],[103.8594636,1.2929522],[103.8593231,1.2929595],[103.8593195,1.2929706],[103.8592122,1.2929575],[103.8592112,1.2929652],[103.8591357,1.2929686],[103.8591377,1.2930279],[103.8590573,1.2930319],[103.8590569,1.2930222],[103.8589473,1.2930276]]]}},{"type":"Feature","id":"osm-way-747787064","properties":{"kind":"primaryRoad","name":"Collyer Quay"},"geometry":{"type":"LineString","coordinates":[[103.8507869,1.2826449],[103.8508326,1.2826631],[103.8509113,1.2826754],[103.851216,1.2826664]]}},{"type":"Feature","id":"osm-way-747787065","properties":{"kind":"road","name":"Malacca Street"},"geometry":{"type":"LineString","coordinates":[[103.8506524,1.2837697],[103.8505957,1.2837745],[103.8503971,1.2837996],[103.850368,1.2838162],[103.8503512,1.2838468]]}},{"type":"Feature","id":"osm-way-747787066","properties":{"kind":"road","name":"Malacca Street"},"geometry":{"type":"LineString","coordinates":[[103.8509556,1.2837438],[103.8507299,1.2837646],[103.8506524,1.2837697]]}},{"type":"Feature","id":"osm-way-747792284","properties":{"kind":"road","name":"China Street"},"geometry":{"type":"LineString","coordinates":[[103.8483598,1.2845057],[103.8482319,1.2842765]]}},{"type":"Feature","id":"osm-way-747792285","properties":{"kind":"road","name":"China Street"},"geometry":{"type":"LineString","coordinates":[[103.8483063,1.2844986],[103.848404,1.2846634],[103.8484438,1.2847305]]}},{"type":"Feature","id":"osm-way-747792286","properties":{"kind":"road","name":"China Street"},"geometry":{"type":"LineString","coordinates":[[103.8481278,1.2841955],[103.8481971,1.2843033]]}},{"type":"Feature","id":"osm-way-747792287","properties":{"kind":"road","name":"Phillip Street"},"geometry":{"type":"LineString","coordinates":[[103.8497353,1.2844364],[103.8496896,1.2842836]]}},{"type":"Feature","id":"osm-way-747792288","properties":{"kind":"primaryRoad","name":"Church Street"},"geometry":{"type":"LineString","coordinates":[[103.8484791,1.2847113],[103.8487562,1.284544]]}},{"type":"Feature","id":"osm-way-747798873","properties":{"kind":"road","name":"Chulia Street"},"geometry":{"type":"LineString","coordinates":[[103.8504368,1.2850721],[103.8502338,1.2851064],[103.8501803,1.2851154]]}},{"type":"Feature","id":"osm-way-747798874","properties":{"kind":"road","name":"Market Street"},"geometry":{"type":"LineString","coordinates":[[103.8503994,1.2845578],[103.8504135,1.2847521]]}},{"type":"Feature","id":"osm-way-747798875","properties":{"kind":"road","name":"Market Street"},"geometry":{"type":"LineString","coordinates":[[103.8503906,1.284437],[103.8503994,1.2845578]]}},{"type":"Feature","id":"osm-way-747810835","properties":{"kind":"road","name":"D'Almeida Street"},"geometry":{"type":"LineString","coordinates":[[103.8512486,1.282986],[103.8512582,1.2831166],[103.8512613,1.2831983]]}},{"type":"Feature","id":"osm-way-747810836","properties":{"kind":"road","name":"D'Almeida Street"},"geometry":{"type":"LineString","coordinates":[[103.8512857,1.2834919],[103.8512883,1.2836523],[103.8512769,1.2836913]]}},{"type":"Feature","id":"osm-way-747810837","properties":{"kind":"road","name":"D'Almeida Street"},"geometry":{"type":"LineString","coordinates":[[103.851216,1.2826664],[103.8512217,1.2827256],[103.8512385,1.2828993]]}},{"type":"Feature","id":"osm-way-747823927","properties":{"kind":"primaryRoad","name":"Collyer Quay"},"geometry":{"type":"LineString","coordinates":[[103.8525758,1.2830036],[103.8524793,1.2828602]]}},{"type":"Feature","id":"osm-way-747823928","properties":{"kind":"primaryRoad","name":"Collyer Quay"},"geometry":{"type":"LineString","coordinates":[[103.8527325,1.2833082],[103.8526861,1.2831883],[103.8525758,1.2830036]]}},{"type":"Feature","id":"osm-way-747823929","properties":{"kind":"primaryRoad","name":"Collyer Quay"},"geometry":{"type":"LineString","coordinates":[[103.8524714,1.2831935],[103.8525573,1.2833933],[103.8526794,1.2837647]]}},{"type":"Feature","id":"osm-way-747875236","properties":{"kind":"road","name":"Saint Andrew's Road"},"geometry":{"type":"LineString","coordinates":[[103.8516524,1.289514],[103.8517392,1.2896701]]}},{"type":"Feature","id":"osm-way-747875237","properties":{"kind":"road","name":"Saint Andrew's Road"},"geometry":{"type":"LineString","coordinates":[[103.8515745,1.2893739],[103.8516524,1.289514]]}},{"type":"Feature","id":"osm-way-748641230","properties":{"kind":"primaryRoad","name":"Hill Street"},"geometry":{"type":"LineString","coordinates":[[103.8501782,1.293633],[103.850161,1.2936023]]}},{"type":"Feature","id":"osm-way-748645713","properties":{"kind":"road","name":"Beach Road"},"geometry":{"type":"LineString","coordinates":[[103.8558979,1.2957413],[103.8557186,1.2954802]]}},{"type":"Feature","id":"osm-way-748649002","properties":{"kind":"road","name":"Temasek Avenue"},"geometry":{"type":"LineString","coordinates":[[103.8588526,1.2939976],[103.8586261,1.2938637],[103.858309,1.2936018]]}},{"type":"Feature","id":"osm-way-748649003","properties":{"kind":"road","name":"Temasek Avenue"},"geometry":{"type":"LineString","coordinates":[[103.8598909,1.2941616],[103.8598246,1.29417],[103.8594909,1.2941745],[103.8590711,1.2940871]]}},{"type":"Feature","id":"osm-way-748657114","properties":{"kind":"road","name":"Middle Road"},"geometry":{"type":"LineString","coordinates":[[103.8569986,1.2957411],[103.8567708,1.2958988],[103.8565791,1.2960393]]}},{"type":"Feature","id":"osm-way-748657115","properties":{"kind":"primaryRoad","name":"Nicoll Highway"},"geometry":{"type":"LineString","coordinates":[[103.8580287,1.2962023],[103.8578971,1.2960495]]}},{"type":"Feature","id":"osm-way-748668447","properties":{"kind":"road","name":"Temasek Avenue"},"geometry":{"type":"LineString","coordinates":[[103.8595942,1.2944337],[103.8598415,1.2942903]]}},{"type":"Feature","id":"osm-way-748668448","properties":{"kind":"road","name":"Temasek Avenue"},"geometry":{"type":"LineString","coordinates":[[103.8592898,1.294648],[103.8593411,1.2945805],[103.8595942,1.2944337]]}},{"type":"Feature","id":"osm-way-748904033","properties":{"kind":"building","name":"Bayfront Plaza"},"geometry":{"type":"Polygon","coordinates":[[[103.8618108,1.2820662],[103.8617918,1.2820186],[103.8617216,1.2820465],[103.8616805,1.2820629],[103.861578,1.2818055],[103.8612276,1.2819451],[103.8612158,1.2819156],[103.8612108,1.2819029],[103.8613309,1.2818551],[103.8614036,1.2818261],[103.8615999,1.2817479],[103.8616067,1.281765],[103.8616133,1.2817816],[103.8616409,1.2817707],[103.8617233,1.2819776],[103.861844,1.2819296],[103.8618864,1.2820361],[103.8618108,1.2820662]]]}},{"type":"Feature","id":"osm-way-749335931","properties":{"kind":"road","name":"Straits View"},"geometry":{"type":"LineString","coordinates":[[103.8537261,1.280105],[103.8536936,1.2800534]]}},{"type":"Feature","id":"osm-way-749507437","properties":{"kind":"road","name":"Havelock Square"},"geometry":{"type":"LineString","coordinates":[[103.8443351,1.2863268],[103.8441606,1.2864878]]}},{"type":"Feature","id":"osm-way-749507438","properties":{"kind":"road","name":"Havelock Square"},"geometry":{"type":"LineString","coordinates":[[103.844455,1.2862215],[103.8443351,1.2863268]]}},{"type":"Feature","id":"osm-way-749507439","properties":{"kind":"road","name":"Havelock Square"},"geometry":{"type":"LineString","coordinates":[[103.8446809,1.2859299],[103.8446654,1.2860157],[103.844627,1.2860705],[103.844455,1.2862215]]}},{"type":"Feature","id":"osm-way-749507440","properties":{"kind":"primaryRoad","name":"New Bridge Road"},"geometry":{"type":"LineString","coordinates":[[103.8452986,1.2863606],[103.8451925,1.2862278],[103.8450553,1.286056]]}},{"type":"Feature","id":"osm-way-749507441","properties":{"kind":"primaryRoad","name":"New Bridge Road"},"geometry":{"type":"LineString","coordinates":[[103.8450553,1.286056],[103.8448139,1.2857773]]}},{"type":"Feature","id":"osm-way-749513817","properties":{"kind":"road","name":"North Canal Road"},"geometry":{"type":"LineString","coordinates":[[103.8481204,1.2863571],[103.8484153,1.2862143]]}},{"type":"Feature","id":"osm-way-749526507","properties":{"kind":"primaryRoad","name":"New Bridge Road"},"geometry":{"type":"LineString","coordinates":[[103.8465743,1.2878759],[103.8465058,1.2877959]]}},{"type":"Feature","id":"osm-way-749526508","properties":{"kind":"primaryRoad","name":"New Bridge Road"},"geometry":{"type":"LineString","coordinates":[[103.8468287,1.2881805],[103.8467611,1.288099],[103.8466323,1.2879436]]}},{"type":"Feature","id":"osm-way-749526509","properties":{"kind":"primaryRoad","name":"New Bridge Road"},"geometry":{"type":"LineString","coordinates":[[103.8466323,1.2879436],[103.8465743,1.2878759]]}},{"type":"Feature","id":"osm-way-749656420","properties":{"kind":"primaryRoad","name":"Victoria Street"},"geometry":{"type":"LineString","coordinates":[[103.8522026,1.2963704],[103.8523503,1.2965295],[103.8526694,1.2968976],[103.8527418,1.2969881],[103.8527609,1.297012]]}},{"type":"Feature","id":"osm-way-749978195","properties":{"kind":"road","name":"Maxwell Road"},"geometry":{"type":"LineString","coordinates":[[103.8453243,1.2789373],[103.8455682,1.2786254]]}},{"type":"Feature","id":"osm-way-749978197","properties":{"kind":"road","name":"Maxwell Road"},"geometry":{"type":"LineString","coordinates":[[103.8453243,1.2789373],[103.8452417,1.2789704]]}},{"type":"Feature","id":"osm-way-750051157","properties":{"kind":"primaryRoad","name":"River Valley Road"},"geometry":{"type":"LineString","coordinates":[[103.8440124,1.2928917],[103.8441322,1.2928092]]}},{"type":"Feature","id":"osm-way-750051158","properties":{"kind":"primaryRoad","name":"Clemenceau Avenue"},"geometry":{"type":"LineString","coordinates":[[103.8432417,1.2923027],[103.8433501,1.2924911]]}},{"type":"Feature","id":"osm-way-750071183","properties":{"kind":"primaryRoad","name":"Stamford Road"},"geometry":{"type":"LineString","coordinates":[[103.8540982,1.2922316],[103.8540891,1.2922407],[103.8539328,1.2923967]]}},{"type":"Feature","id":"osm-way-750071184","properties":{"kind":"primaryRoad","name":"Esplanade Drive"},"geometry":{"type":"LineString","coordinates":[[103.8549222,1.2910827],[103.8548828,1.2909735],[103.8547722,1.2906554],[103.8546839,1.2904014]]}},{"type":"Feature","id":"osm-way-750875316","properties":{"kind":"road","name":"Temasek Boulevard"},"geometry":{"type":"LineString","coordinates":[[103.859441,1.2955969],[103.8592918,1.2953403]]}},{"type":"Feature","id":"osm-way-750875317","properties":{"kind":"road","name":"Temasek Boulevard"},"geometry":{"type":"LineString","coordinates":[[103.8604265,1.2957609],[103.8600916,1.2959897]]}},{"type":"Feature","id":"osm-way-750875318","properties":{"kind":"road","name":"Temasek Boulevard"},"geometry":{"type":"LineString","coordinates":[[103.8597075,1.2963068],[103.859712,1.2963773],[103.8597102,1.2964504]]}},{"type":"Feature","id":"osm-way-750875319","properties":{"kind":"road","name":"Temasek Boulevard"},"geometry":{"type":"LineString","coordinates":[[103.8595484,1.2959487],[103.8596319,1.2961357]]}},{"type":"Feature","id":"osm-way-751462760","properties":{"kind":"road","name":"Prinsep Link"},"geometry":{"type":"LineString","coordinates":[[103.8508992,1.2998854],[103.851011,1.299794],[103.8510932,1.2997268]]}},{"type":"Feature","id":"osm-way-751462768","properties":{"kind":"road","name":"Oldham Lane"},"geometry":{"type":"LineString","coordinates":[[103.8459882,1.2997417],[103.8459702,1.2996573],[103.845961,1.2996126]]}},{"type":"Feature","id":"osm-way-751462770","properties":{"kind":"road","name":"Kirk Terrace"},"geometry":{"type":"LineString","coordinates":[[103.8491019,1.2997231],[103.8490496,1.2997727],[103.8490071,1.2998384]]}},{"type":"Feature","id":"osm-way-751462773","properties":{"kind":"road","name":"Adis Road"},"geometry":{"type":"LineString","coordinates":[[103.8482257,1.3002811],[103.8481666,1.3002169],[103.8480978,1.3001518],[103.8480009,1.3000896],[103.8478603,1.3000245],[103.8476021,1.2999657]]}},{"type":"Feature","id":"osm-way-751462774","properties":{"kind":"road","name":"Adis Road"},"geometry":{"type":"LineString","coordinates":[[103.8476021,1.2999657],[103.8475039,1.2999489],[103.8474366,1.2999468],[103.8473775,1.2999548]]}},{"type":"Feature","id":"osm-way-751462775","properties":{"kind":"road","name":"Mount Sophia"},"geometry":{"type":"LineString","coordinates":[[103.8473775,1.2999548],[103.8473179,1.2999702],[103.8472334,1.3000331]]}},{"type":"Feature","id":"osm-way-751470810","properties":{"kind":"road","name":"New Market Road"},"geometry":{"type":"LineString","coordinates":[[103.8448615,1.2873332],[103.8450133,1.2874873],[103.8450734,1.2875484]]}},{"type":"Feature","id":"osm-way-751470811","properties":{"kind":"road","name":"Merchant Loop"},"geometry":{"type":"LineString","coordinates":[[103.8437799,1.2899456],[103.8436345,1.2897176],[103.8435701,1.2896166]]}},{"type":"Feature","id":"osm-way-751470812","properties":{"kind":"road","name":"Tan Tye Place"},"geometry":{"type":"LineString","coordinates":[[103.8453982,1.2914087],[103.845122,1.2910244]]}},{"type":"Feature","id":"osm-way-751470813","properties":{"kind":"road","name":"Clarke Quay"},"geometry":{"type":"LineString","coordinates":[[103.8442252,1.2919038],[103.844453,1.2922722],[103.8445171,1.2923736]]}},{"type":"Feature","id":"osm-way-751470814","properties":{"kind":"road","name":"Clarke Quay"},"geometry":{"type":"LineString","coordinates":[[103.844733,1.2907303],[103.8442243,1.2911167],[103.8440073,1.2912784],[103.8439424,1.2913313]]}},{"type":"Feature","id":"osm-way-751470816","properties":{"kind":"road","name":"Tank Road"},"geometry":{"type":"LineString","coordinates":[[103.8432455,1.2938849],[103.8431547,1.2937332]]}},{"type":"Feature","id":"osm-way-751470817","properties":{"kind":"road","name":"Tank Road"},"geometry":{"type":"LineString","coordinates":[[103.8434232,1.2941745],[103.8432455,1.2938849]]}},{"type":"Feature","id":"osm-way-751470818","properties":{"kind":"road","name":"Tank Road"},"geometry":{"type":"LineString","coordinates":[[103.8435804,1.2947731],[103.8435405,1.2945855],[103.8434904,1.2943683]]}},{"type":"Feature","id":"osm-way-751470819","properties":{"kind":"road","name":"Circular Road"},"geometry":{"type":"LineString","coordinates":[[103.8493871,1.2860293],[103.8495621,1.2857565]]}},{"type":"Feature","id":"osm-way-751470820","properties":{"kind":"road","name":"Circular Road"},"geometry":{"type":"LineString","coordinates":[[103.8495621,1.2857565],[103.8495755,1.2857264],[103.8495807,1.2857021],[103.8495816,1.2856774],[103.8495779,1.2856324]]}},{"type":"Feature","id":"osm-way-751470821","properties":{"kind":"road","name":"Circular Road"},"geometry":{"type":"LineString","coordinates":[[103.8488764,1.2871091],[103.8489107,1.2869948],[103.8489988,1.2867125]]}},{"type":"Feature","id":"osm-way-751470822","properties":{"kind":"road","name":"Lorong Telok"},"geometry":{"type":"LineString","coordinates":[[103.8487883,1.2869324],[103.8488764,1.2871091]]}},{"type":"Feature","id":"osm-way-751470823","properties":{"kind":"road","name":"Circular Road"},"geometry":{"type":"LineString","coordinates":[[103.8487746,1.2881667],[103.8487815,1.288126],[103.8487996,1.2880618],[103.8488232,1.2880079],[103.848839,1.2879567]]}},{"type":"Feature","id":"osm-way-751470824","properties":{"kind":"road","name":"Carpenter Street"},"geometry":{"type":"LineString","coordinates":[[103.8474934,1.2883477],[103.8479727,1.2880273]]}},{"type":"Feature","id":"osm-way-751470825","properties":{"kind":"road","name":"North Boat Quay"},"geometry":{"type":"LineString","coordinates":[[103.8493199,1.2895091],[103.8491926,1.2896048]]}},{"type":"Feature","id":"osm-way-751470826","properties":{"kind":"road","name":"Canning Rise"},"geometry":{"type":"LineString","coordinates":[[103.8485047,1.2935711],[103.8484271,1.2937246]]}},{"type":"Feature","id":"osm-way-751484671","properties":{"kind":"road","name":"Waterloo Street"},"geometry":{"type":"LineString","coordinates":[[103.8516663,1.2989221],[103.8515727,1.2988093]]}},{"type":"Feature","id":"osm-way-751484672","properties":{"kind":"road","name":"Waterloo Street"},"geometry":{"type":"LineString","coordinates":[[103.850863,1.297948],[103.8507295,1.2977872]]}},{"type":"Feature","id":"osm-way-751763274","properties":{"kind":"road","name":"Smith Street"},"geometry":{"type":"LineString","coordinates":[[103.8432718,1.2828037],[103.8433432,1.2827629],[103.8435709,1.2826551]]}},{"type":"Feature","id":"osm-way-751763275","properties":{"kind":"road","name":"Park Crescent"},"geometry":{"type":"LineString","coordinates":[[103.8421078,1.284784],[103.8424898,1.2852413]]}},{"type":"Feature","id":"osm-way-751763277","properties":{"kind":"road","name":"Park Crescent"},"geometry":{"type":"LineString","coordinates":[[103.8421699,1.2836426],[103.8419508,1.2838129],[103.8419205,1.283858]]}},{"type":"Feature","id":"osm-way-751763278","properties":{"kind":"road","name":"Park Crescent"},"geometry":{"type":"LineString","coordinates":[[103.8425013,1.2833367],[103.8424534,1.2833778],[103.8423389,1.2834752]]}},{"type":"Feature","id":"osm-way-751763279","properties":{"kind":"road","name":"Park Crescent"},"geometry":{"type":"LineString","coordinates":[[103.8421699,1.2836426],[103.8421944,1.2836428],[103.8422021,1.2836414],[103.8422101,1.283638],[103.8424805,1.2834116],[103.8425288,1.2833706]]}},{"type":"Feature","id":"osm-way-751768453","properties":{"kind":"road","name":"Telok Ayer Street"},"geometry":{"type":"LineString","coordinates":[[103.847176,1.2797681],[103.847165,1.2797388],[103.847133,1.2796659]]}},{"type":"Feature","id":"osm-way-751804393","properties":{"kind":"road","name":"Teck Lim Road"},"geometry":{"type":"LineString","coordinates":[[103.842066,1.2800148],[103.842185,1.2798611]]}},{"type":"Feature","id":"osm-way-751804395","properties":{"kind":"road","name":"Kreta Ayer Road"},"geometry":{"type":"LineString","coordinates":[[103.8423497,1.2807138],[103.8420027,1.2813177],[103.8419792,1.2813641]]}},{"type":"Feature","id":"osm-way-751804396","properties":{"kind":"road","name":"Kreta Ayer Road"},"geometry":{"type":"LineString","coordinates":[[103.8426771,1.2800878],[103.842484,1.2804582],[103.8423497,1.2807138]]}},{"type":"Feature","id":"osm-way-751804397","properties":{"kind":"road","name":"Kreta Ayer Road"},"geometry":{"type":"LineString","coordinates":[[103.842898,1.2798641],[103.8428116,1.2798811],[103.8427702,1.2799008],[103.8427366,1.279938],[103.8426771,1.2800878]]}},{"type":"Feature","id":"osm-way-751804398","properties":{"kind":"road","name":"Tras Street"},"geometry":{"type":"LineString","coordinates":[[103.8442844,1.2776185],[103.8443398,1.2779184],[103.8444439,1.2785256]]}},{"type":"Feature","id":"osm-way-751813850","properties":{"kind":"road","name":"Boon Tat Street"},"geometry":{"type":"LineString","coordinates":[[103.8475556,1.2817392],[103.8477631,1.2816129]]}},{"type":"Feature","id":"osm-way-752084775","properties":{"kind":"road","name":"Craig Road"},"geometry":{"type":"LineString","coordinates":[[103.8424956,1.2776434],[103.8424772,1.2776421],[103.8424719,1.2776433],[103.8424677,1.2776457],[103.8424328,1.2776683],[103.842406,1.2776938],[103.842351,1.2777595],[103.8422508,1.2779398],[103.8421679,1.2780559],[103.8420984,1.2781618]]}},{"type":"Feature","id":"osm-way-752132356","properties":{"kind":"road","name":""},"geometry":{"type":"LineString","coordinates":[[103.8421161,1.2781751],[103.8420984,1.2781618]]}},{"type":"Feature","id":"osm-way-752181245","properties":{"kind":"road","name":"Coleman Street"},"geometry":{"type":"LineString","coordinates":[[103.8489165,1.2928805],[103.8488946,1.2929148]]}},{"type":"Feature","id":"osm-way-752864925","properties":{"kind":"road","name":"Club Street"},"geometry":{"type":"LineString","coordinates":[[103.846068,1.2816832],[103.8463952,1.2813521]]}},{"type":"Feature","id":"osm-way-753817513","properties":{"kind":"primaryRoad","name":"Orchard Road"},"geometry":{"type":"LineString","coordinates":[[103.847504,1.298316],[103.8474326,1.2983148]]}},{"type":"Feature","id":"osm-way-753817514","properties":{"kind":"primaryRoad","name":"Orchard Road"},"geometry":{"type":"LineString","coordinates":[[103.8474219,1.298691],[103.8474944,1.2986931]]}},{"type":"Feature","id":"osm-way-753817518","properties":{"kind":"road","name":"Handy Road"},"geometry":{"type":"LineString","coordinates":[[103.8473635,1.299062],[103.8473349,1.2991318],[103.8472874,1.2991963],[103.8472157,1.2992469]]}},{"type":"Feature","id":"osm-way-753817519","properties":{"kind":"road","name":"Handy Road"},"geometry":{"type":"LineString","coordinates":[[103.8474588,1.2989723],[103.847482,1.2988703],[103.8474927,1.2987295],[103.8474944,1.2986931]]}},{"type":"Feature","id":"osm-way-753817520","properties":{"kind":"road","name":"Handy Road"},"geometry":{"type":"LineString","coordinates":[[103.8474329,1.2990924],[103.8474588,1.2989723]]}},{"type":"Feature","id":"osm-way-753817521","properties":{"kind":"road","name":"Handy Road"},"geometry":{"type":"LineString","coordinates":[[103.8474944,1.2986931],[103.8474972,1.2985834],[103.8475025,1.2983786],[103.8475032,1.2983482],[103.847504,1.298316]]}},{"type":"Feature","id":"osm-way-753817522","properties":{"kind":"road","name":"Handy Road"},"geometry":{"type":"LineString","coordinates":[[103.8469584,1.2994042],[103.8471619,1.299339]]}},{"type":"Feature","id":"osm-way-753817523","properties":{"kind":"road","name":"Handy Road"},"geometry":{"type":"LineString","coordinates":[[103.8460562,1.300059],[103.8462318,1.2998573],[103.846291,1.2997927],[103.8463706,1.2997115],[103.8464481,1.2996439]]}},{"type":"Feature","id":"osm-way-753817527","properties":{"kind":"road","name":"Oldham Lane"},"geometry":{"type":"LineString","coordinates":[[103.8460562,1.300059],[103.846039,1.2999765]]}},{"type":"Feature","id":"osm-way-753865086","properties":{"kind":"road","name":"Circular Road"},"geometry":{"type":"LineString","coordinates":[[103.8492872,1.2861896],[103.8493871,1.2860293]]}},{"type":"Feature","id":"osm-way-754786742","properties":{"kind":"primaryRoad","name":"East Coast Parkway"},"geometry":{"type":"LineString","coordinates":[[103.8691905,1.2947932],[103.8688549,1.2947204]]}},{"type":"Feature","id":"osm-way-755089764","properties":{"kind":"primaryRoad","name":"Bencoolen Street"},"geometry":{"type":"LineString","coordinates":[[103.8500779,1.298537],[103.8500678,1.2985252]]}},{"type":"Feature","id":"osm-way-755098257","properties":{"kind":"primaryRoad","name":"Bencoolen Street"},"geometry":{"type":"LineString","coordinates":[[103.8494269,1.297829],[103.8493386,1.2977301],[103.8492963,1.297684]]}},{"type":"Feature","id":"osm-way-758014961","properties":{"kind":"road","name":"Keng Cheow Street"},"geometry":{"type":"LineString","coordinates":[[103.843861,1.2878719],[103.8437537,1.2877564]]}},{"type":"Feature","id":"osm-way-758014962","properties":{"kind":"road","name":"Keng Cheow Street"},"geometry":{"type":"LineString","coordinates":[[103.8440069,1.2880289],[103.8439016,1.2879155],[103.843861,1.2878719]]}},{"type":"Feature","id":"osm-way-758014963","properties":{"kind":"road","name":"Keng Cheow Street"},"geometry":{"type":"LineString","coordinates":[[103.8442697,1.2883117],[103.8441251,1.2881561]]}},{"type":"Feature","id":"osm-way-758014964","properties":{"kind":"road","name":"Keng Cheow Street"},"geometry":{"type":"LineString","coordinates":[[103.8444199,1.2884734],[103.8443966,1.2884483],[103.8442697,1.2883117]]}},{"type":"Feature","id":"osm-way-758014965","properties":{"kind":"road","name":"Keng Cheow Street"},"geometry":{"type":"LineString","coordinates":[[103.8442071,1.288364],[103.8443276,1.2884932],[103.8443569,1.2885246]]}},{"type":"Feature","id":"osm-way-758014966","properties":{"kind":"road","name":"Keng Cheow Street"},"geometry":{"type":"LineString","coordinates":[[103.8436896,1.2878092],[103.8437976,1.287925]]}},{"type":"Feature","id":"osm-way-758014967","properties":{"kind":"road","name":"Keng Cheow Street"},"geometry":{"type":"LineString","coordinates":[[103.8435,1.287606],[103.8435611,1.2876715],[103.8436896,1.2878092]]}},{"type":"Feature","id":"osm-way-758033228","properties":{"kind":"primaryRoad","name":"Bencoolen Street"},"geometry":{"type":"LineString","coordinates":[[103.8492312,1.2976097],[103.849152,1.297512],[103.849124,1.297475]]}},{"type":"Feature","id":"osm-way-758313737","properties":{"kind":"road","name":"Marina View Link"},"geometry":{"type":"LineString","coordinates":[[103.8524088,1.2813171],[103.8524527,1.2813885],[103.8526139,1.2815928],[103.8526684,1.2816496],[103.8527331,1.2817024]]}},{"type":"Feature","id":"osm-way-758851982","properties":{"kind":"road","name":"Rhu Cross"},"geometry":{"type":"LineString","coordinates":[[103.8681297,1.2951894],[103.8680895,1.2953356]]}},{"type":"Feature","id":"osm-way-759511978","properties":{"kind":"road","name":"Connaught Drive"},"geometry":{"type":"LineString","coordinates":[[103.8516398,1.2889492],[103.8514513,1.289092]]}},{"type":"Feature","id":"osm-way-759540690","properties":{"kind":"road","name":"North Bridge Road"},"geometry":{"type":"LineString","coordinates":[[103.8503303,1.2907156],[103.8500726,1.2902912],[103.850015,1.2901963]]}},{"type":"Feature","id":"osm-way-762766312","properties":{"kind":"primaryRoad","name":"Clemenceau Avenue"},"geometry":{"type":"LineString","coordinates":[[103.842819,1.2913046],[103.8427489,1.2911707]]}},{"type":"Feature","id":"osm-way-762766313","properties":{"kind":"primaryRoad","name":"Clemenceau Avenue"},"geometry":{"type":"LineString","coordinates":[[103.8441668,1.2938091],[103.8441145,1.2936362]]}},{"type":"Feature","id":"osm-way-762766314","properties":{"kind":"primaryRoad","name":"Clemenceau Avenue"},"geometry":{"type":"LineString","coordinates":[[103.8442038,1.2941226],[103.8441909,1.2939891],[103.8441668,1.2938091]]}},{"type":"Feature","id":"osm-way-762776524","properties":{"kind":"road","name":"Gardens by the Bay"},"geometry":{"type":"LineString","coordinates":[[103.8666934,1.2816457],[103.8667201,1.2815316]]}},{"type":"Feature","id":"osm-way-762783531","properties":{"kind":"primaryRoad","name":"Hill Street"},"geometry":{"type":"LineString","coordinates":[[103.8494039,1.2918865],[103.8493872,1.2918539],[103.849306,1.291695]]}},{"type":"Feature","id":"osm-way-762783532","properties":{"kind":"primaryRoad","name":"Hill Street"},"geometry":{"type":"LineString","coordinates":[[103.850061,1.2934243],[103.8499291,1.2931764]]}},{"type":"Feature","id":"osm-way-762783533","properties":{"kind":"primaryRoad","name":"Victoria Street"},"geometry":{"type":"LineString","coordinates":[[103.8512933,1.2952201],[103.8511716,1.2950884]]}},{"type":"Feature","id":"osm-way-762796284","properties":{"kind":"primaryRoad","name":"Hill Street"},"geometry":{"type":"LineString","coordinates":[[103.8502345,1.2939612],[103.8502957,1.2940826]]}},{"type":"Feature","id":"osm-way-762796286","properties":{"kind":"primaryRoad","name":"Eu Tong Sen Street"},"geometry":{"type":"LineString","coordinates":[[103.8421941,1.282957],[103.8423627,1.283164]]}},{"type":"Feature","id":"osm-way-762804280","properties":{"kind":"road","name":"Tanjong Pagar Road"},"geometry":{"type":"LineString","coordinates":[[103.8441322,1.2803329],[103.8441143,1.2802832],[103.8440435,1.2800401]]}},{"type":"Feature","id":"osm-way-763010994","properties":{"kind":"primaryRoad","name":"Collyer Quay"},"geometry":{"type":"LineString","coordinates":[[103.8524793,1.2828602],[103.8523559,1.282671],[103.8523114,1.2826027]]}},{"type":"Feature","id":"osm-way-763010995","properties":{"kind":"primaryRoad","name":"Esplanade Drive"},"geometry":{"type":"LineString","coordinates":[[103.8541517,1.2877946],[103.8539338,1.2866643]]}},{"type":"Feature","id":"osm-way-763010996","properties":{"kind":"primaryRoad","name":"Nicoll Highway"},"geometry":{"type":"LineString","coordinates":[[103.8566525,1.2941832],[103.8564369,1.2938238]]}},{"type":"Feature","id":"osm-way-763010997","properties":{"kind":"primaryRoad","name":"Nicoll Highway"},"geometry":{"type":"LineString","coordinates":[[103.8569292,1.2946814],[103.8567243,1.2943125]]}},{"type":"Feature","id":"osm-way-763010998","properties":{"kind":"primaryRoad","name":"Nicoll Highway"},"geometry":{"type":"LineString","coordinates":[[103.8570723,1.2948938],[103.8569292,1.2946814]]}},{"type":"Feature","id":"osm-way-763512126","properties":{"kind":"primaryRoad","name":"Collyer Quay"},"geometry":{"type":"LineString","coordinates":[[103.8521898,1.2828369],[103.8522917,1.2829441]]}},{"type":"Feature","id":"osm-way-763513327","properties":{"kind":"road","name":"Bayfront Avenue"},"geometry":{"type":"LineString","coordinates":[[103.8567185,1.2780433],[103.8565392,1.2777605]]}},{"type":"Feature","id":"osm-way-763513328","properties":{"kind":"road","name":"Bayfront Avenue"},"geometry":{"type":"LineString","coordinates":[[103.857717,1.2796503],[103.857653,1.279553]]}},{"type":"Feature","id":"osm-way-763513329","properties":{"kind":"road","name":"Bayfront Avenue"},"geometry":{"type":"LineString","coordinates":[[103.8588872,1.2814466],[103.8586299,1.2810611],[103.8585788,1.2809853]]}},{"type":"Feature","id":"osm-way-763513330","properties":{"kind":"road","name":"Bayfront Avenue"},"geometry":{"type":"LineString","coordinates":[[103.859437,1.2823044],[103.859408,1.2822628],[103.8590254,1.2816669]]}},{"type":"Feature","id":"osm-way-763513331","properties":{"kind":"road","name":"Bayfront Avenue"},"geometry":{"type":"LineString","coordinates":[[103.860901,1.2858569],[103.8608914,1.2855271]]}},{"type":"Feature","id":"osm-way-763514662","properties":{"kind":"road","name":"Bayfront Avenue"},"geometry":{"type":"LineString","coordinates":[[103.8604559,1.2843393],[103.8605329,1.2845325]]}},{"type":"Feature","id":"osm-way-763514663","properties":{"kind":"road","name":"Bayfront Avenue"},"geometry":{"type":"LineString","coordinates":[[103.8587798,1.2815196],[103.8590069,1.281889]]}},{"type":"Feature","id":"osm-way-763514664","properties":{"kind":"road","name":"Bayfront Avenue"},"geometry":{"type":"LineString","coordinates":[[103.8579165,1.2802026],[103.8583674,1.2809003],[103.858404,1.2809588]]}},{"type":"Feature","id":"osm-way-763514665","properties":{"kind":"road","name":"Bayfront Avenue"},"geometry":{"type":"LineString","coordinates":[[103.8570906,1.2788922],[103.857192,1.2790599],[103.8574972,1.2795652]]}},{"type":"Feature","id":"osm-way-763519451","properties":{"kind":"primaryRoad","name":"Sheares Avenue"},"geometry":{"type":"LineString","coordinates":[[103.8596138,1.2795574],[103.8590518,1.2787027]]}},{"type":"Feature","id":"osm-way-763519452","properties":{"kind":"primaryRoad","name":"Sheares Avenue"},"geometry":{"type":"LineString","coordinates":[[103.8608058,1.2817229],[103.8606819,1.2814874]]}},{"type":"Feature","id":"osm-way-763519453","properties":{"kind":"primaryRoad","name":"Sheares Avenue"},"geometry":{"type":"LineString","coordinates":[[103.8615878,1.2858262],[103.8615643,1.2851283]]}},{"type":"Feature","id":"osm-way-763521360","properties":{"kind":"primaryRoad","name":"East Coast Parkway"},"geometry":{"type":"LineString","coordinates":[[103.8614765,1.2880023],[103.8614885,1.2884018]]}},{"type":"Feature","id":"osm-way-763521361","properties":{"kind":"primaryRoad","name":"Sheares Avenue"},"geometry":{"type":"LineString","coordinates":[[103.8614708,1.2875907],[103.8614741,1.28783]]}},{"type":"Feature","id":"osm-way-763521362","properties":{"kind":"primaryRoad","name":"Sheares Avenue"},"geometry":{"type":"LineString","coordinates":[[103.8601729,1.2809083],[103.8605211,1.2815796],[103.8605368,1.2816189]]}},{"type":"Feature","id":"osm-way-763524409","properties":{"kind":"primaryRoad","name":"Republic Boulevard"},"geometry":{"type":"LineString","coordinates":[[103.8630012,1.2916518],[103.8630284,1.2910803]]}},{"type":"Feature","id":"osm-way-763525862","properties":{"kind":"primaryRoad","name":"Raffles Boulevard"},"geometry":{"type":"LineString","coordinates":[[103.8569856,1.2925027],[103.8570723,1.2924516]]}},{"type":"Feature","id":"osm-way-763525863","properties":{"kind":"primaryRoad","name":"Raffles Boulevard"},"geometry":{"type":"LineString","coordinates":[[103.8562154,1.2929484],[103.856514,1.2927809]]}},{"type":"Feature","id":"osm-way-763525864","properties":{"kind":"primaryRoad","name":"Raffles Boulevard"},"geometry":{"type":"LineString","coordinates":[[103.8559769,1.2930831],[103.8562154,1.2929484]]}},{"type":"Feature","id":"osm-way-763525865","properties":{"kind":"primaryRoad","name":"Bras Basah Road"},"geometry":{"type":"LineString","coordinates":[[103.8532241,1.2950321],[103.8534533,1.2948623]]}},{"type":"Feature","id":"osm-way-763525866","properties":{"kind":"road","name":"Beach Road"},"geometry":{"type":"LineString","coordinates":[[103.8549176,1.2944082],[103.8550165,1.2945652]]}},{"type":"Feature","id":"osm-way-763531722","properties":{"kind":"primaryRoad","name":"Raffles Avenue"},"geometry":{"type":"LineString","coordinates":[[103.8580786,1.2897137],[103.8577561,1.2897309]]}},{"type":"Feature","id":"osm-way-763728661","properties":{"kind":"road","name":"North Bridge Road"},"geometry":{"type":"LineString","coordinates":[[103.8504661,1.2909393],[103.8503579,1.2907611],[103.8503303,1.2907156]]}},{"type":"Feature","id":"osm-way-764062389","properties":{"kind":"primaryRoad","name":"Raffles Avenue"},"geometry":{"type":"LineString","coordinates":[[103.8573058,1.2897548],[103.8572552,1.2897557],[103.8571045,1.2897751],[103.8569869,1.289794]]}},{"type":"Feature","id":"osm-way-764062390","properties":{"kind":"primaryRoad","name":"Raffles Avenue"},"geometry":{"type":"LineString","coordinates":[[103.8557948,1.2906494],[103.8554503,1.2909459]]}},{"type":"Feature","id":"osm-way-764062391","properties":{"kind":"primaryRoad","name":"Stamford Road"},"geometry":{"type":"LineString","coordinates":[[103.8514419,1.2939483],[103.8512127,1.2940937]]}},{"type":"Feature","id":"osm-way-764063882","properties":{"kind":"primaryRoad","name":"River Valley Road"},"geometry":{"type":"LineString","coordinates":[[103.8452585,1.2919632],[103.845432,1.2918442]]}},{"type":"Feature","id":"osm-way-764063883","properties":{"kind":"primaryRoad","name":"River Valley Road"},"geometry":{"type":"LineString","coordinates":[[103.8445799,1.2924644],[103.8447254,1.2923512],[103.8449125,1.2922042]]}},{"type":"Feature","id":"osm-way-764068788","properties":{"kind":"primaryRoad","name":"River Valley Road"},"geometry":{"type":"LineString","coordinates":[[103.8443558,1.2924985],[103.8442802,1.2925547]]}},{"type":"Feature","id":"osm-way-764085141","properties":{"kind":"primaryRoad","name":"Central Boulevard"},"geometry":{"type":"LineString","coordinates":[[103.852815,1.2794566],[103.852529,1.2796478],[103.8524635,1.2796915]]}},{"type":"Feature","id":"osm-way-764085142","properties":{"kind":"primaryRoad","name":"Central Boulevard"},"geometry":{"type":"LineString","coordinates":[[103.8539634,1.2786982],[103.8537218,1.2788611]]}},{"type":"Feature","id":"osm-way-764109815","properties":{"kind":"primaryRoad","name":"Upper Cross Street"},"geometry":{"type":"LineString","coordinates":[[103.8424116,1.2871255],[103.8424675,1.287234]]}},{"type":"Feature","id":"osm-way-764327106","properties":{"kind":"building","name":"Bar On Chulia"},"geometry":{"type":"Polygon","coordinates":[[[103.8489177,1.2855774],[103.8489015,1.2855469],[103.8488901,1.285553],[103.8488378,1.2854547],[103.8490102,1.285363],[103.8490427,1.2854241],[103.8489428,1.2854772],[103.8489788,1.2855448],[103.8489177,1.2855774]]]}},{"type":"Feature","id":"osm-way-764547395","properties":{"kind":"road","name":"Maxwell Road"},"geometry":{"type":"LineString","coordinates":[[103.8455682,1.2786254],[103.8457392,1.2784008]]}},{"type":"Feature","id":"osm-way-765279424","properties":{"kind":"primaryRoad","name":"Havelock Road"},"geometry":{"type":"LineString","coordinates":[[103.8435752,1.2875585],[103.8435925,1.2875463],[103.8438571,1.2873594]]}},{"type":"Feature","id":"osm-way-765279425","properties":{"kind":"primaryRoad","name":"Havelock Road"},"geometry":{"type":"LineString","coordinates":[[103.8432334,1.2877583],[103.8434705,1.2876228],[103.8435,1.287606]]}},{"type":"Feature","id":"osm-way-765279426","properties":{"kind":"primaryRoad","name":"Havelock Road"},"geometry":{"type":"LineString","coordinates":[[103.8435,1.287606],[103.8435752,1.2875585]]}},{"type":"Feature","id":"osm-way-765288837","properties":{"kind":"primaryRoad","name":"Pickering Street"},"geometry":{"type":"LineString","coordinates":[[103.8476323,1.285192],[103.8478095,1.2850892]]}},{"type":"Feature","id":"osm-way-765292350","properties":{"kind":"road","name":"North Bridge Road"},"geometry":{"type":"LineString","coordinates":[[103.8514262,1.2926199],[103.8513431,1.292466]]}},{"type":"Feature","id":"osm-way-765337432","properties":{"kind":"road","name":"Marina View"},"geometry":{"type":"LineString","coordinates":[[103.8529101,1.2803496],[103.853228,1.2808422]]}},{"type":"Feature","id":"osm-way-765337433","properties":{"kind":"road","name":"Marina View"},"geometry":{"type":"LineString","coordinates":[[103.8527318,1.2801078],[103.8528122,1.2802169]]}},{"type":"Feature","id":"osm-way-765583178","properties":{"kind":"road","name":"Fountain of Wealth"},"geometry":{"type":"LineString","coordinates":[[103.8588945,1.295153],[103.8589781,1.2951475]]}},{"type":"Feature","id":"osm-way-765870911","properties":{"kind":"road","name":"Armenian Street"},"geometry":{"type":"LineString","coordinates":[[103.8490401,1.2935875],[103.8491524,1.2937997]]}},{"type":"Feature","id":"osm-way-765870912","properties":{"kind":"road","name":"Armenian Street"},"geometry":{"type":"LineString","coordinates":[[103.8489816,1.2934853],[103.8489014,1.293529]]}},{"type":"Feature","id":"osm-way-765874074","properties":{"kind":"road","name":"Stanley st"},"geometry":{"type":"LineString","coordinates":[[103.8482325,1.2787518],[103.8479086,1.2782093]]}},{"type":"Feature","id":"osm-way-765882779","properties":{"kind":"road","name":"Amoy Street"},"geometry":{"type":"LineString","coordinates":[[103.8466946,1.2799281],[103.8466953,1.2799455]]}},{"type":"Feature","id":"osm-way-765912211","properties":{"kind":"primaryRoad","name":"Sheares Avenue"},"geometry":{"type":"LineString","coordinates":[[103.8614741,1.28783],[103.8614765,1.2880023]]}},{"type":"Feature","id":"osm-way-765914084","properties":{"kind":"road","name":"Merchant Road"},"geometry":{"type":"LineString","coordinates":[[103.8427008,1.2896687],[103.8425781,1.2897509]]}},{"type":"Feature","id":"osm-way-765916681","properties":{"kind":"road","name":"Sago Lane"},"geometry":{"type":"LineString","coordinates":[[103.8438008,1.2814979],[103.8439899,1.2813948]]}},{"type":"Feature","id":"osm-way-766120020","properties":{"kind":"road","name":"Amoy Street"},"geometry":{"type":"LineString","coordinates":[[103.8475556,1.2817392],[103.84771,1.2819864]]}},{"type":"Feature","id":"osm-way-766128352","properties":{"kind":"road","name":"Erskine Road"},"geometry":{"type":"LineString","coordinates":[[103.8452221,1.2808637],[103.8452689,1.2807583],[103.8453826,1.2804665]]}},{"type":"Feature","id":"osm-way-766128353","properties":{"kind":"road","name":"Erskine Road"},"geometry":{"type":"LineString","coordinates":[[103.8448186,1.2813961],[103.8448364,1.2813364],[103.8448549,1.2813087],[103.8449849,1.2812059]]}},{"type":"Feature","id":"osm-way-767388315","properties":{"kind":"primaryRoad","name":"Raffles Avenue"},"geometry":{"type":"LineString","coordinates":[[103.8577561,1.2897309],[103.8575749,1.2897405]]}},{"type":"Feature","id":"osm-way-767478460","properties":{"kind":"road","name":"Canning Rise"},"geometry":{"type":"LineString","coordinates":[[103.8483969,1.2937862],[103.8483438,1.2939238]]}},{"type":"Feature","id":"osm-way-767920631","properties":{"kind":"road","name":"Olympic Walk"},"geometry":{"type":"LineString","coordinates":[[103.8558922,1.2801475],[103.8570913,1.2820318]]}},{"type":"Feature","id":"osm-way-770202996","properties":{"kind":"road","name":"Tanjong Rhu Road"},"geometry":{"type":"LineString","coordinates":[[103.8704354,1.2970724],[103.8700553,1.2970601],[103.8700028,1.2970548],[103.8698123,1.2970356],[103.8696687,1.2970111],[103.8694536,1.2969504],[103.8693191,1.2968759],[103.8690966,1.2966998],[103.8689502,1.296559],[103.8687118,1.2963653],[103.8685034,1.2961612],[103.8683654,1.296037],[103.8682293,1.2959051],[103.8681558,1.2958452],[103.8680993,1.2957908],[103.8680476,1.2957462]]}},{"type":"Feature","id":"osm-way-770844081","properties":{"kind":"road","name":"Saint Gregory's Place"},"geometry":{"type":"LineString","coordinates":[[103.8506194,1.2925741],[103.8506395,1.2925632]]}},{"type":"Feature","id":"osm-way-770844082","properties":{"kind":"road","name":"Saint Gregory's Place"},"geometry":{"type":"LineString","coordinates":[[103.8505005,1.2926389],[103.8506194,1.2925741]]}},{"type":"Feature","id":"osm-way-771525760","properties":{"kind":"road","name":""},"geometry":{"type":"LineString","coordinates":[[103.8528169,1.2857263],[103.8526561,1.2860465],[103.8526301,1.2861166],[103.8526281,1.2861797],[103.8526266,1.2862298],[103.8526362,1.2863015]]}},{"type":"Feature","id":"osm-way-771594255","properties":{"kind":"road","name":"South Bridge Road"},"geometry":{"type":"LineString","coordinates":[[103.8442597,1.2807532],[103.8440199,1.2805536],[103.8439467,1.2804921]]}},{"type":"Feature","id":"osm-way-774912617","properties":{"kind":"road","name":""},"geometry":{"type":"LineString","coordinates":[[103.8496017,1.2954139],[103.8497918,1.2951263]]}},{"type":"Feature","id":"osm-way-774912618","properties":{"kind":"road","name":""},"geometry":{"type":"LineString","coordinates":[[103.8494062,1.295935],[103.8494359,1.2957587],[103.8494626,1.2956804],[103.8495155,1.2955587],[103.8496017,1.2954139]]}},{"type":"Feature","id":"osm-way-775168787","properties":{"kind":"road","name":"North Bridge Road"},"geometry":{"type":"LineString","coordinates":[[103.8554277,1.2982396],[103.8551856,1.2978911]]}},{"type":"Feature","id":"osm-way-775168788","properties":{"kind":"road","name":"North Bridge Road"},"geometry":{"type":"LineString","coordinates":[[103.8557717,1.2986961],[103.8557628,1.2986826],[103.8556017,1.2984781]]}},{"type":"Feature","id":"osm-way-775684170","properties":{"kind":"building","name":"KH Kea Building"},"geometry":{"type":"Polygon","coordinates":[[[103.8536213,1.2960306],[103.8537199,1.2961598],[103.8535961,1.2962542],[103.853583,1.296237],[103.8535691,1.2962476],[103.8535502,1.2962228],[103.8535461,1.2962259],[103.8534872,1.2961487],[103.8536062,1.296058],[103.8535986,1.296048],[103.8536213,1.2960306]]]}},{"type":"Feature","id":"osm-way-775937857","properties":{"kind":"road","name":""},"geometry":{"type":"LineString","coordinates":[[103.8496592,1.2828693],[103.8494334,1.282509],[103.8493853,1.2824323]]}},{"type":"Feature","id":"osm-way-776656803","properties":{"kind":"primaryRoad","name":"Robinson Road"},"geometry":{"type":"LineString","coordinates":[[103.8497996,1.2804169],[103.8498296,1.2804625],[103.8502824,1.2811508],[103.8503193,1.281207]]}},{"type":"Feature","id":"osm-way-777616588","properties":{"kind":"road","name":"Tanjong Pagar Road"},"geometry":{"type":"LineString","coordinates":[[103.8440435,1.2800401],[103.8439687,1.2797737]]}},{"type":"Feature","id":"osm-way-778176376","properties":{"kind":"road","name":""},"geometry":{"type":"LineString","coordinates":[[103.8493647,1.2804974],[103.8494253,1.2805916],[103.8494515,1.2806355]]}},{"type":"Feature","id":"osm-way-778446834","properties":{"kind":"road","name":"Middle Road"},"geometry":{"type":"LineString","coordinates":[[103.8553415,1.2975321],[103.8557573,1.2971979]]}},{"type":"Feature","id":"osm-way-778465768","properties":{"kind":"road","name":"Maxwell Road"},"geometry":{"type":"LineString","coordinates":[[103.8451445,1.2792477],[103.845252,1.2790962]]}},{"type":"Feature","id":"osm-way-778468455","properties":{"kind":"road","name":"Temasek Avenue"},"geometry":{"type":"LineString","coordinates":[[103.8609199,1.2918804],[103.8609258,1.2916996]]}},{"type":"Feature","id":"osm-way-778468456","properties":{"kind":"road","name":"Temasek Avenue"},"geometry":{"type":"LineString","coordinates":[[103.8609193,1.2920199],[103.8609199,1.2918804]]}},{"type":"Feature","id":"osm-way-778743371","properties":{"kind":"primaryRoad","name":"River Valley Road"},"geometry":{"type":"LineString","coordinates":[[103.8442802,1.2925547],[103.844113,1.2926738]]}},{"type":"Feature","id":"osm-way-778755445","properties":{"kind":"road","name":"Queen Street"},"geometry":{"type":"LineString","coordinates":[[103.8530112,1.2989425],[103.8528687,1.2987719]]}},{"type":"Feature","id":"osm-way-778757819","properties":{"kind":"road","name":"Telok Ayer Street"},"geometry":{"type":"LineString","coordinates":[[103.847133,1.2796659],[103.8471338,1.2797049],[103.8471329,1.2797437],[103.8471275,1.279781]]}},{"type":"Feature","id":"osm-way-778765024","properties":{"kind":"road","name":"Beach Road"},"geometry":{"type":"LineString","coordinates":[[103.8600252,1.3001375],[103.8597916,1.2999737]]}},{"type":"Feature","id":"osm-way-778776457","properties":{"kind":"primaryRoad","name":"Orchard Road"},"geometry":{"type":"LineString","coordinates":[[103.845461,1.299203],[103.8457049,1.2991257],[103.8457167,1.299122],[103.845733,1.2991169],[103.8457575,1.2991091],[103.8458124,1.2990917]]}},{"type":"Feature","id":"osm-way-778780777","properties":{"kind":"road","name":"Beach Road"},"geometry":{"type":"LineString","coordinates":[[103.855157,1.2945531],[103.8549499,1.2942132]]}},{"type":"Feature","id":"osm-way-779444721","properties":{"kind":"road","name":"Middle Road"},"geometry":{"type":"LineString","coordinates":[[103.8521341,1.3001547],[103.8523848,1.299954],[103.8524355,1.2999134]]}},{"type":"Feature","id":"osm-way-779477825","properties":{"kind":"primaryRoad","name":"Victoria Street"},"geometry":{"type":"LineString","coordinates":[[103.853171,1.2975217],[103.8532709,1.2976481]]}},{"type":"Feature","id":"osm-way-779477826","properties":{"kind":"primaryRoad","name":"Victoria Street"},"geometry":{"type":"LineString","coordinates":[[103.8530862,1.2974185],[103.853171,1.2975217]]}},{"type":"Feature","id":"osm-way-779482801","properties":{"kind":"road","name":"Canning Rise"},"geometry":{"type":"LineString","coordinates":[[103.848518,1.2935473],[103.8485047,1.2935711]]}},{"type":"Feature","id":"osm-way-779482802","properties":{"kind":"road","name":"Canning Rise"},"geometry":{"type":"LineString","coordinates":[[103.8486674,1.2932785],[103.8486294,1.2933474]]}},{"type":"Feature","id":"osm-way-779482803","properties":{"kind":"road","name":"Canning Rise"},"geometry":{"type":"LineString","coordinates":[[103.8486942,1.2932298],[103.8486674,1.2932785]]}},{"type":"Feature","id":"osm-way-779482804","properties":{"kind":"road","name":"Coleman Street"},"geometry":{"type":"LineString","coordinates":[[103.8488946,1.2929148],[103.8488733,1.2929465],[103.8488165,1.2930278]]}},{"type":"Feature","id":"osm-way-779487588","properties":{"kind":"primaryRoad","name":"Bras Basah Road"},"geometry":{"type":"LineString","coordinates":[[103.8520195,1.2959364],[103.8520509,1.2959104],[103.8523784,1.2956728]]}},{"type":"Feature","id":"osm-way-779493222","properties":{"kind":"primaryRoad","name":"Hill Street"},"geometry":{"type":"LineString","coordinates":[[103.8500439,1.293586],[103.8501234,1.2937429]]}},{"type":"Feature","id":"osm-way-780060575","properties":{"kind":"road","name":"Ann Siang Hill"},"geometry":{"type":"LineString","coordinates":[[103.8452993,1.281554],[103.8450486,1.281693],[103.8450121,1.2817124]]}},{"type":"Feature","id":"osm-way-780089097","properties":{"kind":"road","name":"Oxley Rise"},"geometry":{"type":"LineString","coordinates":[[103.8427599,1.297745],[103.8427037,1.2978561]]}},{"type":"Feature","id":"osm-way-780395849","properties":{"kind":"primaryRoad","name":"Hill Street"},"geometry":{"type":"LineString","coordinates":[[103.8501234,1.2937429],[103.8501887,1.2938717]]}},{"type":"Feature","id":"osm-way-780396202","properties":{"kind":"primaryRoad","name":"Victoria Street"},"geometry":{"type":"LineString","coordinates":[[103.8511716,1.2950884],[103.8510325,1.2949436]]}},{"type":"Feature","id":"osm-way-780398517","properties":{"kind":"road","name":"Amoy Street"},"geometry":{"type":"LineString","coordinates":[[103.8471275,1.279781],[103.8471058,1.2797868],[103.8467951,1.2798821]]}},{"type":"Feature","id":"osm-way-780398521","properties":{"kind":"primaryRoad","name":"Stamford Road"},"geometry":{"type":"LineString","coordinates":[[103.8499071,1.2951595],[103.8500682,1.295408]]}},{"type":"Feature","id":"osm-way-780398522","properties":{"kind":"primaryRoad","name":"Stamford Road"},"geometry":{"type":"LineString","coordinates":[[103.8504482,1.2945744],[103.8500724,1.2947904]]}},{"type":"Feature","id":"osm-way-780421437","properties":{"kind":"primaryRoad","name":"Upper Pickering Street"},"geometry":{"type":"LineString","coordinates":[[103.8458944,1.2861586],[103.8464223,1.2858615]]}},{"type":"Feature","id":"osm-way-780800182","properties":{"kind":"primaryRoad","name":"Nicoll Highway"},"geometry":{"type":"LineString","coordinates":[[103.8621612,1.2999924],[103.8627931,1.3004728]]}},{"type":"Feature","id":"osm-way-780800183","properties":{"kind":"primaryRoad","name":"Nicoll Highway"},"geometry":{"type":"LineString","coordinates":[[103.8627948,1.3002555],[103.862124,1.2997661]]}},{"type":"Feature","id":"osm-way-780802640","properties":{"kind":"primaryRoad","name":"Nicoll Highway"},"geometry":{"type":"LineString","coordinates":[[103.8620786,1.2999357],[103.8621612,1.2999924]]}},{"type":"Feature","id":"osm-way-781997656","properties":{"kind":"road","name":"Beach Road"},"geometry":{"type":"LineString","coordinates":[[103.8569246,1.2971915],[103.8566813,1.2968702]]}},{"type":"Feature","id":"osm-way-782012574","properties":{"kind":"primaryRoad","name":"River Valley Road"},"geometry":{"type":"LineString","coordinates":[[103.84219,1.2941559],[103.8422114,1.294131],[103.8422715,1.2940702],[103.8423413,1.2939891],[103.8425074,1.2938371],[103.842687,1.2937013],[103.8428785,1.2935828]]}},{"type":"Feature","id":"osm-way-782299956","properties":{"kind":"primaryRoad","name":"Penang Road"},"geometry":{"type":"LineString","coordinates":[[103.8431461,1.2991707],[103.8429945,1.2992651]]}},{"type":"Feature","id":"osm-way-782299957","properties":{"kind":"primaryRoad","name":"Penang Road"},"geometry":{"type":"LineString","coordinates":[[103.8436442,1.2988513],[103.8433675,1.2990247]]}},{"type":"Feature","id":"osm-way-782910209","properties":{"kind":"road","name":"Merchant Road"},"geometry":{"type":"LineString","coordinates":[[103.8423963,1.2900359],[103.8424717,1.29],[103.8426545,1.2898783]]}},{"type":"Feature","id":"osm-way-783782460","properties":{"kind":"road","name":"Tank Road"},"geometry":{"type":"LineString","coordinates":[[103.8439502,1.2953426],[103.8438944,1.2953538],[103.843852,1.2953639],[103.8438268,1.295367],[103.8438174,1.2953681]]}},{"type":"Feature","id":"osm-way-783782461","properties":{"kind":"road","name":"Tank Road"},"geometry":{"type":"LineString","coordinates":[[103.8436621,1.2951696],[103.8435804,1.2947731]]}},{"type":"Feature","id":"osm-way-784145452","properties":{"kind":"road","name":"Craig Road"},"geometry":{"type":"LineString","coordinates":[[103.8420984,1.2781618],[103.8419732,1.2783525]]}},{"type":"Feature","id":"osm-way-784145453","properties":{"kind":"road","name":"Craig Road"},"geometry":{"type":"LineString","coordinates":[[103.8421161,1.2781751],[103.8421729,1.2780885],[103.8421833,1.2780726],[103.8421889,1.2780647],[103.8422032,1.2780446],[103.842209,1.2780365],[103.8422332,1.2780025],[103.842269,1.2779521],[103.8423664,1.2777762],[103.8424214,1.2777105],[103.8424482,1.277685],[103.8424809,1.2776646],[103.8424848,1.2776615],[103.8424875,1.2776584],[103.8424956,1.2776434]]}},{"type":"Feature","id":"osm-way-784702077","properties":{"kind":"road","name":"Smith Street"},"geometry":{"type":"LineString","coordinates":[[103.8432476,1.2828088],[103.8429536,1.282977]]}},{"type":"Feature","id":"osm-way-784705690","properties":{"kind":"primaryRoad","name":""},"geometry":{"type":"LineString","coordinates":[[103.8618955,1.2926249],[103.8617041,1.2927336],[103.8615612,1.2928817]]}},{"type":"Feature","id":"osm-way-784705691","properties":{"kind":"primaryRoad","name":"East Coast Parkway"},"geometry":{"type":"LineString","coordinates":[[103.8612866,1.2921261],[103.8613135,1.2925475],[103.8612866,1.292907]]}},{"type":"Feature","id":"osm-way-786104793","properties":{"kind":"road","name":"Middle Road"},"geometry":{"type":"LineString","coordinates":[[103.85234,1.2998005],[103.8522947,1.299836],[103.852009,1.3000597]]}},{"type":"Feature","id":"osm-way-786423452","properties":{"kind":"primaryRoad","name":"Upper Cross Street"},"geometry":{"type":"LineString","coordinates":[[103.84255,1.2861337],[103.8424782,1.2862249]]}},{"type":"Feature","id":"osm-way-786423453","properties":{"kind":"primaryRoad","name":"Upper Cross Street"},"geometry":{"type":"LineString","coordinates":[[103.8424782,1.2862249],[103.8424145,1.2863475]]}},{"type":"Feature","id":"osm-way-786436524","properties":{"kind":"primaryRoad","name":"Nicoll Highway"},"geometry":{"type":"LineString","coordinates":[[103.8570983,1.2952441],[103.8572918,1.2955465]]}},{"type":"Feature","id":"osm-way-786436525","properties":{"kind":"primaryRoad","name":"Nicoll Highway"},"geometry":{"type":"LineString","coordinates":[[103.8570577,1.2951778],[103.8570983,1.2952441]]}},{"type":"Feature","id":"osm-way-786486163","properties":{"kind":"primaryRoad","name":"Central Boulevard"},"geometry":{"type":"LineString","coordinates":[[103.8519501,1.2799859],[103.8518028,1.2800867],[103.8515089,1.2803361]]}},{"type":"Feature","id":"osm-way-786490610","properties":{"kind":"road","name":"Telok Ayer Street"},"geometry":{"type":"LineString","coordinates":[[103.8482679,1.2818057],[103.8481402,1.2816081]]}},{"type":"Feature","id":"osm-way-786490611","properties":{"kind":"road","name":"Telok Ayer Street"},"geometry":{"type":"LineString","coordinates":[[103.8483543,1.2819449],[103.8482679,1.2818057]]}},{"type":"Feature","id":"osm-way-786490612","properties":{"kind":"primaryRoad","name":"Cross Street"},"geometry":{"type":"LineString","coordinates":[[103.8478078,1.2826326],[103.8476383,1.2827297]]}},{"type":"Feature","id":"osm-way-787027492","properties":{"kind":"primaryRoad","name":"Eu Tong Sen Street"},"geometry":{"type":"LineString","coordinates":[[103.8453089,1.2866706],[103.8454456,1.2868378]]}},{"type":"Feature","id":"osm-way-787040678","properties":{"kind":"primaryRoad","name":"Marina Boulevard"},"geometry":{"type":"LineString","coordinates":[[103.853587,1.2811517],[103.8537029,1.281077]]}},{"type":"Feature","id":"osm-way-787045285","properties":{"kind":"primaryRoad","name":"Church Street"},"geometry":{"type":"LineString","coordinates":[[103.8493234,1.284165],[103.849461,1.2840466],[103.8495415,1.2839715]]}},{"type":"Feature","id":"osm-way-788757471","properties":{"kind":"road","name":"Oxley Rise"},"geometry":{"type":"LineString","coordinates":[[103.842583,1.2980794],[103.8425075,1.298219],[103.8424634,1.2982959]]}},{"type":"Feature","id":"osm-way-788770686","properties":{"kind":"road","name":"Oxley Rise"},"geometry":{"type":"LineString","coordinates":[[103.8422354,1.2986271],[103.8421857,1.2986699],[103.842044,1.2987788],[103.8419519,1.2988292],[103.8418586,1.2988744]]}},{"type":"Feature","id":"osm-way-797309052","properties":{"kind":"primaryRoad","name":"Nicoll Highway"},"geometry":{"type":"LineString","coordinates":[[103.8578133,1.295947],[103.8576765,1.29577]]}},{"type":"Feature","id":"osm-way-797309053","properties":{"kind":"primaryRoad","name":"Nicoll Highway"},"geometry":{"type":"LineString","coordinates":[[103.8576765,1.29577],[103.857493,1.2955215]]}},{"type":"Feature","id":"osm-way-797338539","properties":{"kind":"road","name":"Temasek Boulevard"},"geometry":{"type":"LineString","coordinates":[[103.8576449,1.2922932],[103.8577256,1.2920774]]}},{"type":"Feature","id":"osm-way-797338540","properties":{"kind":"primaryRoad","name":"East Coast Parkway"},"geometry":{"type":"LineString","coordinates":[[103.860897,1.294961],[103.8607057,1.2953636]]}},{"type":"Feature","id":"osm-way-798221355","properties":{"kind":"road","name":"Battery Road"},"geometry":{"type":"LineString","coordinates":[[103.8514796,1.284958],[103.8513781,1.2849516]]}},{"type":"Feature","id":"osm-way-821764692","properties":{"kind":"building","name":"Apple Marina Bay Sands"},"geometry":{"type":"Polygon","coordinates":[[[103.8577088,1.2833834],[103.8576847,1.2834245],[103.8576488,1.2834557],[103.8576047,1.2834739],[103.8575612,1.2834774],[103.8575185,1.2834679],[103.8574805,1.2834464],[103.8574505,1.2834146],[103.8574312,1.2833755],[103.8574241,1.2833324],[103.8574301,1.2832891],[103.8574485,1.2832495],[103.8574808,1.2832145],[103.8575226,1.2831917],[103.8575695,1.2831834],[103.8576166,1.2831905],[103.857659,1.2832123],[103.8576922,1.2832465],[103.8577127,1.2832894],[103.8577184,1.2833367],[103.8577088,1.2833834]]]}},{"type":"Feature","id":"osm-way-822520536","properties":{"kind":"road","name":"Carpenter Street"},"geometry":{"type":"LineString","coordinates":[[103.8479727,1.2880273],[103.8481989,1.2878724]]}},{"type":"Feature","id":"osm-way-822520686","properties":{"kind":"road","name":"Hongkong Street"},"geometry":{"type":"LineString","coordinates":[[103.8478268,1.2872751],[103.847798,1.2872925],[103.8471597,1.2876792],[103.8469852,1.2877808],[103.8468978,1.2878266]]}},{"type":"Feature","id":"osm-way-822520687","properties":{"kind":"road","name":"Hongkong Street"},"geometry":{"type":"LineString","coordinates":[[103.8478679,1.287251],[103.8478268,1.2872751]]}},{"type":"Feature","id":"osm-way-823392594","properties":{"kind":"road","name":"Marina View"},"geometry":{"type":"LineString","coordinates":[[103.8516508,1.2784491],[103.8518117,1.2786902]]}},{"type":"Feature","id":"osm-way-824481778","properties":{"kind":"building","name":"Bencoolen"},"geometry":{"type":"Polygon","coordinates":[[[103.8496411,1.2982313],[103.8495536,1.2981282],[103.8496162,1.2980747],[103.8497011,1.2981773],[103.8497791,1.2981069],[103.8493852,1.2976126],[103.8494493,1.297556],[103.8498333,1.298058],[103.8501679,1.2984613],[103.8507881,1.2992088],[103.8510426,1.2989856],[103.8511757,1.2991401],[103.8509074,1.2993738],[103.850761,1.2994833],[103.8507299,1.2994489],[103.8507022,1.2994707],[103.8496411,1.2982313]]]}},{"type":"Feature","id":"osm-way-824508775","properties":{"kind":"road","name":"Erskine Road"},"geometry":{"type":"LineString","coordinates":[[103.8453826,1.2804665],[103.8454343,1.2803361],[103.8454399,1.2803219],[103.8454674,1.2802525]]}},{"type":"Feature","id":"osm-way-824750788","properties":{"kind":"road","name":"South Canal Road"},"geometry":{"type":"LineString","coordinates":[[103.8465684,1.2870395],[103.8461715,1.287244],[103.8460811,1.2872905]]}},{"type":"Feature","id":"osm-way-825214124","properties":{"kind":"road","name":"Maxwell Road"},"geometry":{"type":"LineString","coordinates":[[103.8447494,1.2797682],[103.8447871,1.2797238]]}},{"type":"Feature","id":"osm-way-825214125","properties":{"kind":"road","name":"Maxwell Road"},"geometry":{"type":"LineString","coordinates":[[103.8447214,1.2796613],[103.8446983,1.2796876],[103.8446805,1.2797079]]}},{"type":"Feature","id":"osm-way-825214126","properties":{"kind":"road","name":"Kadayanallur Street"},"geometry":{"type":"LineString","coordinates":[[103.8446805,1.2797079],[103.8447494,1.2797682]]}},{"type":"Feature","id":"osm-way-825214127","properties":{"kind":"road","name":"Kadayanallur Street"},"geometry":{"type":"LineString","coordinates":[[103.845241,1.2801045],[103.8452919,1.2801412]]}},{"type":"Feature","id":"osm-way-825214128","properties":{"kind":"road","name":"Kadayanallur Street"},"geometry":{"type":"LineString","coordinates":[[103.8447494,1.2797682],[103.8448305,1.2798329],[103.8449167,1.2799016],[103.8450446,1.2799902],[103.8452104,1.2801051],[103.845241,1.2801045]]}},{"type":"Feature","id":"osm-way-825701984","properties":{"kind":"primaryRoad","name":"Victoria Street"},"geometry":{"type":"LineString","coordinates":[[103.8547385,1.2992362],[103.8546748,1.2991605]]}},{"type":"Feature","id":"osm-way-826035624","properties":{"kind":"road","name":"McCallum Street"},"geometry":{"type":"LineString","coordinates":[[103.8473618,1.2796809],[103.8476054,1.2795481]]}},{"type":"Feature","id":"osm-way-826805718","properties":{"kind":"primaryRoad","name":"Eu Tong Sen Street"},"geometry":{"type":"LineString","coordinates":[[103.8425288,1.2833706],[103.8431163,1.2840789]]}},{"type":"Feature","id":"osm-way-826805719","properties":{"kind":"primaryRoad","name":"New Bridge Road"},"geometry":{"type":"LineString","coordinates":[[103.8427006,1.283286],[103.8426141,1.2831793]]}},{"type":"Feature","id":"osm-way-827207817","properties":{"kind":"primaryRoad","name":"Collyer Quay"},"geometry":{"type":"LineString","coordinates":[[103.8520458,1.2827494],[103.8520852,1.2827725],[103.8521898,1.2828369]]}},{"type":"Feature","id":"osm-way-827210936","properties":{"kind":"road","name":"D'Almeida Street"},"geometry":{"type":"LineString","coordinates":[[103.8512385,1.2828993],[103.8512486,1.282986]]}},{"type":"Feature","id":"osm-way-827242995","properties":{"kind":"primaryRoad","name":"Finlayson Green"},"geometry":{"type":"LineString","coordinates":[[103.8513125,1.2825625],[103.8517376,1.2823291]]}},{"type":"Feature","id":"osm-way-827248999","properties":{"kind":"road","name":"Boon Tat Link"},"geometry":{"type":"LineString","coordinates":[[103.8495744,1.2792343],[103.8492656,1.2787417]]}},{"type":"Feature","id":"osm-way-827249000","properties":{"kind":"road","name":"Boon Tat Link"},"geometry":{"type":"LineString","coordinates":[[103.8492656,1.2787417],[103.8491865,1.2786248]]}},{"type":"Feature","id":"osm-way-827261938","properties":{"kind":"primaryRoad","name":"Bras Basah Road"},"geometry":{"type":"LineString","coordinates":[[103.8540128,1.294437],[103.8541121,1.2943592]]}},{"type":"Feature","id":"osm-way-827855855","properties":{"kind":"water","name":""},"geometry":{"type":"Polygon","coordinates":[[[103.8590518,1.2861185],[103.8590839,1.2861855],[103.8589589,1.2863089],[103.8588982,1.2862217],[103.8588861,1.286142],[103.8588767,1.2860448],[103.8588794,1.2859589],[103.8589136,1.2858349],[103.8589324,1.285841],[103.8589244,1.2858772],[103.8589438,1.2858839],[103.8589592,1.2858269],[103.8589284,1.2858121],[103.8589639,1.2857505],[103.8590223,1.2856767],[103.8591175,1.2855996],[103.8591591,1.2857042],[103.8592958,1.2858369],[103.8595077,1.2860434],[103.8596123,1.2861024],[103.8595986,1.2861319],[103.8595711,1.2861681],[103.8595332,1.2861956],[103.8595212,1.2862013],[103.8592905,1.2860541],[103.8592274,1.2859958],[103.8591644,1.2859737],[103.8590974,1.2860005],[103.8590598,1.2860461],[103.8590518,1.2861185]]]}},{"type":"Feature","id":"osm-way-827855909","properties":{"kind":"water","name":""},"geometry":{"type":"Polygon","coordinates":[[[103.8595641,1.2863833],[103.8595158,1.2863364],[103.8594872,1.2862955],[103.8595111,1.2862687],[103.8595376,1.2862221],[103.8595212,1.2862013],[103.8595332,1.2861956],[103.8595755,1.286213],[103.8596117,1.2862144],[103.8596418,1.2862117],[103.8596526,1.2862579],[103.8596606,1.2863116],[103.859666,1.2863893],[103.8596365,1.2863967],[103.8595983,1.286398],[103.8595641,1.2863833]]]}},{"type":"Feature","id":"osm-way-827874393","properties":{"kind":"road","name":"New Market Road"},"geometry":{"type":"LineString","coordinates":[[103.8442326,1.2867363],[103.8441359,1.2865663]]}},{"type":"Feature","id":"osm-way-829515508","properties":{"kind":"road","name":"South Bridge Road"},"geometry":{"type":"LineString","coordinates":[[103.8455868,1.2827394],[103.8455644,1.2827013],[103.8454382,1.282474]]}},{"type":"Feature","id":"osm-way-829515509","properties":{"kind":"road","name":"South Bridge Road"},"geometry":{"type":"LineString","coordinates":[[103.845667,1.282881],[103.8455868,1.2827394]]}},{"type":"Feature","id":"osm-way-830581721","properties":{"kind":"road","name":"Oxley Rise"},"geometry":{"type":"LineString","coordinates":[[103.8428905,1.2974324],[103.8428651,1.2974932],[103.8427599,1.297745]]}},{"type":"Feature","id":"osm-way-830581722","properties":{"kind":"road","name":"Oxley Rise"},"geometry":{"type":"LineString","coordinates":[[103.8430262,1.297088],[103.8428905,1.2974324]]}},{"type":"Feature","id":"osm-way-830581723","properties":{"kind":"primaryRoad","name":"Clemenceau Avenue"},"geometry":{"type":"LineString","coordinates":[[103.8438503,1.2975592],[103.8438637,1.297326]]}},{"type":"Feature","id":"osm-way-830583806","properties":{"kind":"primaryRoad","name":"Victoria Street"},"geometry":{"type":"LineString","coordinates":[[103.8553088,1.2998924],[103.8548147,1.2993269]]}},{"type":"Feature","id":"osm-way-830605417","properties":{"kind":"road","name":"China Street"},"geometry":{"type":"LineString","coordinates":[[103.8475589,1.2832322],[103.8474941,1.2831246]]}},{"type":"Feature","id":"osm-way-830612515","properties":{"kind":"road","name":"Beach Road"},"geometry":{"type":"LineString","coordinates":[[103.8586872,1.2991479],[103.8589673,1.2994189]]}},{"type":"Feature","id":"osm-way-830780792","properties":{"kind":"road","name":"Temasek Avenue"},"geometry":{"type":"LineString","coordinates":[[103.8590054,1.2940675],[103.8588526,1.2939976]]}},{"type":"Feature","id":"osm-way-831044956","properties":{"kind":"primaryRoad","name":"Nicoll Highway"},"geometry":{"type":"LineString","coordinates":[[103.8552936,1.2922894],[103.855412,1.2924992]]}},{"type":"Feature","id":"osm-way-831610969","properties":{"kind":"road","name":"Queen Street"},"geometry":{"type":"LineString","coordinates":[[103.8509598,1.296524],[103.8510211,1.2965939],[103.8510935,1.2966816]]}},{"type":"Feature","id":"osm-way-831611410","properties":{"kind":"primaryRoad","name":"Victoria Street"},"geometry":{"type":"LineString","coordinates":[[103.8515011,1.2955985],[103.8516569,1.2957626],[103.8517651,1.2958866]]}},{"type":"Feature","id":"osm-way-834594330","properties":{"kind":"road","name":""},"geometry":{"type":"LineString","coordinates":[[103.8433197,1.2965917],[103.8433089,1.2966019],[103.8432379,1.2966858],[103.8431657,1.2967802],[103.8431037,1.2968768],[103.8430634,1.2969644],[103.8430262,1.297088]]}},{"type":"Feature","id":"osm-way-834598251","properties":{"kind":"primaryRoad","name":"Clemenceau Avenue"},"geometry":{"type":"LineString","coordinates":[[103.8436709,1.298577],[103.8436609,1.2987595],[103.8436442,1.2988513]]}},{"type":"Feature","id":"osm-way-834599659","properties":{"kind":"primaryRoad","name":""},"geometry":{"type":"LineString","coordinates":[[103.8445026,1.2965371],[103.8444282,1.2964157],[103.8443453,1.2963029],[103.8442819,1.2961701],[103.8441218,1.295806],[103.8441133,1.2957867],[103.8440499,1.2956013]]}},{"type":"Feature","id":"osm-way-834599826","properties":{"kind":"road","name":"Fort Canning Road"},"geometry":{"type":"LineString","coordinates":[[103.8452972,1.2972061],[103.8452022,1.2971677],[103.8451091,1.2971314],[103.8449942,1.2970757],[103.8448773,1.2969966],[103.8447224,1.2968522],[103.8445561,1.2967037]]}},{"type":"Feature","id":"osm-way-834600249","properties":{"kind":"primaryRoad","name":"Clemenceau Avenue"},"geometry":{"type":"LineString","coordinates":[[103.8442085,1.2941711],[103.8442038,1.2941226]]}},{"type":"Feature","id":"osm-way-834600972","properties":{"kind":"road","name":"Canning Rise"},"geometry":{"type":"LineString","coordinates":[[103.8487378,1.2931536],[103.8486942,1.2932298]]}},{"type":"Feature","id":"osm-way-836283375","properties":{"kind":"primaryRoad","name":"Clemenceau Avenue"},"geometry":{"type":"LineString","coordinates":[[103.8439502,1.2953426],[103.843915,1.2956094],[103.843884,1.2958647],[103.8438525,1.2961091]]}},{"type":"Feature","id":"osm-way-836283376","properties":{"kind":"primaryRoad","name":"Clemenceau Avenue"},"geometry":{"type":"LineString","coordinates":[[103.8440499,1.2956013],[103.8440854,1.2953215]]}},{"type":"Feature","id":"osm-way-836283643","properties":{"kind":"primaryRoad","name":"River Valley Road"},"geometry":{"type":"LineString","coordinates":[[103.8463005,1.2910769],[103.8461801,1.2911575]]}},{"type":"Feature","id":"osm-way-836284000","properties":{"kind":"road","name":"Upper Circular Road"},"geometry":{"type":"LineString","coordinates":[[103.8479424,1.2889969],[103.8479128,1.2890216],[103.8477387,1.2891669],[103.8476781,1.2892162]]}},{"type":"Feature","id":"osm-way-836286715","properties":{"kind":"road","name":"Magazine Road"},"geometry":{"type":"LineString","coordinates":[[103.8423359,1.2890127],[103.8422705,1.2889421],[103.8422277,1.2888959]]}},{"type":"Feature","id":"osm-way-836286716","properties":{"kind":"road","name":"Magazine Road"},"geometry":{"type":"LineString","coordinates":[[103.842741,1.2895739],[103.8426905,1.289499]]}},{"type":"Feature","id":"osm-way-836287504","properties":{"kind":"road","name":"China Street"},"geometry":{"type":"LineString","coordinates":[[103.8475792,1.2833197],[103.8476181,1.2833849]]}},{"type":"Feature","id":"osm-way-836287505","properties":{"kind":"road","name":"China Street"},"geometry":{"type":"LineString","coordinates":[[103.847536,1.2832471],[103.8475792,1.2833197]]}},{"type":"Feature","id":"osm-way-836287506","properties":{"kind":"primaryRoad","name":"Cross Street"},"geometry":{"type":"LineString","coordinates":[[103.8474285,1.2828502],[103.8473279,1.2829106]]}},{"type":"Feature","id":"osm-way-836658666","properties":{"kind":"road","name":"Telegraph Street"},"geometry":{"type":"LineString","coordinates":[[103.8511204,1.281688],[103.8514388,1.2814948],[103.8515109,1.281451]]}},{"type":"Feature","id":"osm-way-836658892","properties":{"kind":"road","name":"Bonham Street"},"geometry":{"type":"LineString","coordinates":[[103.8513871,1.2850178],[103.8514021,1.285133]]}},{"type":"Feature","id":"osm-way-836659054","properties":{"kind":"road","name":"Fullerton Square"},"geometry":{"type":"LineString","coordinates":[[103.8526328,1.2853649],[103.8524646,1.2854169]]}},{"type":"Feature","id":"osm-way-836659285","properties":{"kind":"primaryRoad","name":"Upper Pickering Street"},"geometry":{"type":"LineString","coordinates":[[103.8466688,1.2857254],[103.8471225,1.285479],[103.8471684,1.2854539]]}},{"type":"Feature","id":"osm-way-836663064","properties":{"kind":"road","name":"Pearl's Hill Road"},"geometry":{"type":"LineString","coordinates":[[103.8418627,1.2868304],[103.8419145,1.2868714],[103.8420158,1.2869408]]}},{"type":"Feature","id":"osm-way-838859493","properties":{"kind":"road","name":"Telok Ayer Street"},"geometry":{"type":"LineString","coordinates":[[103.8469227,1.2781253],[103.8469877,1.2780827],[103.8471304,1.2779859],[103.8471692,1.2779596],[103.8472191,1.2779466],[103.8472745,1.2779629]]}},{"type":"Feature","id":"osm-way-839225098","properties":{"kind":"road","name":""},"geometry":{"type":"LineString","coordinates":[[103.8492487,1.2803129],[103.8493647,1.2804974]]}},{"type":"Feature","id":"osm-way-839316322","properties":{"kind":"primaryRoad","name":"Pickering Street"},"geometry":{"type":"LineString","coordinates":[[103.8474714,1.2852828],[103.8476323,1.285192]]}},{"type":"Feature","id":"osm-way-840111936","properties":{"kind":"primaryRoad","name":"New Bridge Road"},"geometry":{"type":"LineString","coordinates":[[103.8445171,1.285424],[103.844474,1.2853697]]}},{"type":"Feature","id":"osm-way-840744835","properties":{"kind":"road","name":"Duxton Hill"},"geometry":{"type":"LineString","coordinates":[[103.8426536,1.2790554],[103.842641,1.2790591],[103.8425978,1.2790982],[103.8423039,1.278847]]}},{"type":"Feature","id":"osm-way-842950020","properties":{"kind":"road","name":"China Street"},"geometry":{"type":"LineString","coordinates":[[103.8479118,1.2838138],[103.8476425,1.2833709]]}},{"type":"Feature","id":"osm-way-842953325","properties":{"kind":"primaryRoad","name":"Raffles Avenue"},"geometry":{"type":"LineString","coordinates":[[103.8591787,1.2896553],[103.8588597,1.2896723]]}},{"type":"Feature","id":"osm-way-842986950","properties":{"kind":"primaryRoad","name":"Raffles Avenue"},"geometry":{"type":"LineString","coordinates":[[103.8616793,1.2895223],[103.8610813,1.2895478]]}},{"type":"Feature","id":"osm-way-843397884","properties":{"kind":"road","name":""},"geometry":{"type":"LineString","coordinates":[[103.8524925,1.2881028],[103.8525279,1.2882029],[103.8526099,1.2883258]]}},{"type":"Feature","id":"osm-way-843410857","properties":{"kind":"road","name":"Beach Road"},"geometry":{"type":"LineString","coordinates":[[103.8568054,1.2972281],[103.856983,1.2974463]]}},{"type":"Feature","id":"osm-way-844206552","properties":{"kind":"road","name":"Telok Ayer Street"},"geometry":{"type":"LineString","coordinates":[[103.8468822,1.2783808],[103.8468816,1.2783954],[103.8468777,1.2784806]]}},{"type":"Feature","id":"osm-way-844684387","properties":{"kind":"road","name":"Erskine Road"},"geometry":{"type":"LineString","coordinates":[[103.8451124,1.2810701],[103.8451823,1.2809717],[103.8452221,1.2808637]]}},{"type":"Feature","id":"osm-way-845894319","properties":{"kind":"road","name":"Saint Andrew's Road"},"geometry":{"type":"LineString","coordinates":[[103.853132,1.2921701],[103.853252,1.2923897]]}},{"type":"Feature","id":"osm-way-847059550","properties":{"kind":"road","name":"Circular Road"},"geometry":{"type":"LineString","coordinates":[[103.848839,1.2879567],[103.8487914,1.2880088],[103.8487595,1.2880262],[103.8487134,1.2880192],[103.8486536,1.2879894]]}},{"type":"Feature","id":"osm-way-849812548","properties":{"kind":"primaryRoad","name":"Marina Boulevard"},"geometry":{"type":"LineString","coordinates":[[103.858285,1.2781256],[103.8583813,1.2780633]]}},{"type":"Feature","id":"osm-way-849812550","properties":{"kind":"primaryRoad","name":"Marina Boulevard"},"geometry":{"type":"LineString","coordinates":[[103.8572706,1.2787828],[103.8576518,1.2785359]]}},{"type":"Feature","id":"osm-way-849812552","properties":{"kind":"road","name":"Bayfront Avenue"},"geometry":{"type":"LineString","coordinates":[[103.8571495,1.2787236],[103.8567185,1.2780433]]}},{"type":"Feature","id":"osm-way-849812554","properties":{"kind":"primaryRoad","name":"Sheares Avenue"},"geometry":{"type":"LineString","coordinates":[[103.8583027,1.2779405],[103.8583813,1.2780633]]}},{"type":"Feature","id":"osm-way-852006883","properties":{"kind":"building","name":"One Raffles Place Tower 2"},"geometry":{"type":"Polygon","coordinates":[[[103.8506332,1.2848355],[103.8506128,1.2846733],[103.8507727,1.284637],[103.8507949,1.2848131],[103.8506332,1.2848355]]]}},{"type":"Feature","id":"osm-way-874043279","properties":{"kind":"road","name":"South Bridge Road"},"geometry":{"type":"LineString","coordinates":[[103.8486536,1.2879894],[103.8484256,1.2876297]]}},{"type":"Feature","id":"osm-way-876007708","properties":{"kind":"road","name":"Dickenson Hill Road"},"geometry":{"type":"LineString","coordinates":[[103.8433473,1.2807558],[103.8434093,1.2806059],[103.8435041,1.2803771],[103.8435629,1.2802352]]}},{"type":"Feature","id":"osm-way-876007713","properties":{"kind":"building","name":"KADA"},"geometry":{"type":"Polygon","coordinates":[[[103.8452698,1.2807062],[103.8451746,1.2806162],[103.8450667,1.280515],[103.8452054,1.2803725],[103.8452327,1.2803546],[103.8452622,1.2803518],[103.8452838,1.2803532],[103.8453021,1.2803642],[103.8453176,1.2803763],[103.8453292,1.2803942],[103.8453398,1.2804198],[103.8453439,1.2804403],[103.8453429,1.2804584],[103.8452698,1.2807062]]]}},{"type":"Feature","id":"osm-way-876007714","properties":{"kind":"building","name":"Fort Canning"},"geometry":{"type":"Polygon","coordinates":[[[103.8444278,1.2929753],[103.8443188,1.2927956],[103.8444623,1.2927087],[103.8445125,1.2927916],[103.84453,1.292781],[103.8445887,1.2928777],[103.8444278,1.2929753]]]}},{"type":"Feature","id":"osm-way-877848815","properties":{"kind":"primaryRoad","name":"Cross Street"},"geometry":{"type":"LineString","coordinates":[[103.8510547,1.2807498],[103.8509598,1.2808088]]}},{"type":"Feature","id":"osm-way-877848817","properties":{"kind":"road","name":"Boon Tat Street"},"geometry":{"type":"LineString","coordinates":[[103.8504714,1.280002],[103.8505593,1.2799487]]}},{"type":"Feature","id":"osm-way-878091252","properties":{"kind":"road","name":""},"geometry":{"type":"LineString","coordinates":[[103.8501664,1.2790702],[103.8502337,1.2790306]]}},{"type":"Feature","id":"osm-way-878091253","properties":{"kind":"road","name":""},"geometry":{"type":"LineString","coordinates":[[103.8502337,1.2790306],[103.850469,1.2788921]]}},{"type":"Feature","id":"osm-way-878091254","properties":{"kind":"road","name":""},"geometry":{"type":"LineString","coordinates":[[103.850469,1.2788921],[103.8505038,1.2788716],[103.8505293,1.2788567],[103.8505624,1.2788368],[103.8505857,1.2788238]]}},{"type":"Feature","id":"osm-way-878095770","properties":{"kind":"road","name":""},"geometry":{"type":"LineString","coordinates":[[103.8521504,1.2937996],[103.8522229,1.2938187],[103.8523101,1.2938417],[103.8524711,1.2938841],[103.8524635,1.2938126],[103.8524779,1.2937302],[103.8525471,1.293644],[103.8530387,1.2932989],[103.8529339,1.2931463],[103.8528126,1.293272],[103.852823,1.2933202],[103.8528221,1.293372],[103.8528151,1.293407],[103.8527972,1.2934385],[103.8527636,1.293472],[103.852699,1.293508],[103.8526331,1.293508],[103.8525825,1.2934901],[103.8525492,1.2934695],[103.852528,1.2934511],[103.8522274,1.2936128],[103.8520622,1.2936443],[103.8520815,1.2936912],[103.8520894,1.2937038],[103.8521504,1.2937996]]}},{"type":"Feature","id":"osm-way-878099445","properties":{"kind":"road","name":""},"geometry":{"type":"LineString","coordinates":[[103.8535646,1.2930575],[103.8534763,1.2929228],[103.8534155,1.29283],[103.8532638,1.2929294],[103.8532796,1.2929541],[103.853119,1.2930566],[103.8530549,1.2930604],[103.8530045,1.2930943],[103.8530792,1.2931981],[103.8531138,1.2932463],[103.8531345,1.2932306],[103.8531615,1.2932116],[103.8532132,1.2931056],[103.8533501,1.2930213],[103.8534739,1.2930198],[103.8535646,1.2930575]]}},{"type":"Feature","id":"osm-way-878101676","properties":{"kind":"building","name":"Latteria"},"geometry":{"type":"Polygon","coordinates":[[[103.8429592,1.2788199],[103.8429614,1.2787397],[103.8430269,1.2787415],[103.8430247,1.2788217],[103.8429592,1.2788199]]]}},{"type":"Feature","id":"osm-way-884580350","properties":{"kind":"road","name":"Marina Gardens Drive"},"geometry":{"type":"LineString","coordinates":[[103.8689533,1.2799283],[103.8687532,1.280026],[103.8685884,1.2801019]]}},{"type":"Feature","id":"osm-way-886588582","properties":{"kind":"water","name":""},"geometry":{"type":"Polygon","coordinates":[[[103.8458932,1.2872409],[103.8453942,1.2866533],[103.8454205,1.286631],[103.845447,1.2866085],[103.845946,1.2871961],[103.8458932,1.2872409]]]}},{"type":"Feature","id":"osm-way-886588583","properties":{"kind":"water","name":""},"geometry":{"type":"Polygon","coordinates":[[[103.8452207,1.2863229],[103.8451943,1.2863458],[103.8451679,1.2863685],[103.8448807,1.2860362],[103.8445509,1.2856544],[103.8445765,1.2856323],[103.8446037,1.2856088],[103.8452207,1.2863229]]]}},{"type":"Feature","id":"osm-way-888048851","properties":{"kind":"primaryRoad","name":"Penang Road"},"geometry":{"type":"LineString","coordinates":[[103.8448834,1.2983585],[103.8447787,1.2983861],[103.8445262,1.2984601],[103.844475,1.2984751]]}},{"type":"Feature","id":"osm-way-888048852","properties":{"kind":"primaryRoad","name":"Penang Road"},"geometry":{"type":"LineString","coordinates":[[103.8459222,1.2980223],[103.8456438,1.2981218]]}},{"type":"Feature","id":"osm-way-888925904","properties":{"kind":"road","name":""},"geometry":{"type":"LineString","coordinates":[[103.8482623,1.2828686],[103.8480804,1.2825595],[103.848036,1.2825076]]}},{"type":"Feature","id":"osm-way-891134817","properties":{"kind":"road","name":"North Bridge Road"},"geometry":{"type":"LineString","coordinates":[[103.8494791,1.2894129],[103.8494264,1.289341]]}},{"type":"Feature","id":"osm-way-892218328","properties":{"kind":"road","name":""},"geometry":{"type":"LineString","coordinates":[[103.8494231,1.2839922],[103.849461,1.2840466]]}},{"type":"Feature","id":"osm-way-913028002","properties":{"kind":"water","name":""},"geometry":{"type":"Polygon","coordinates":[[[103.860611,1.2803098],[103.8605665,1.2802462],[103.8605479,1.2802404],[103.8605422,1.2802236],[103.8605612,1.2802188],[103.8605501,1.2802002],[103.8605493,1.2801838],[103.8605178,1.2801741],[103.86049,1.2801237],[103.8604289,1.280117],[103.8603984,1.2800737],[103.8603657,1.2800401],[103.8603581,1.2800016],[103.8603254,1.279945],[103.8602829,1.2798707],[103.8602657,1.2798636],[103.8602613,1.2798464],[103.8602471,1.2798406],[103.8602467,1.279826],[103.8602312,1.2798203],[103.8602338,1.2797946],[103.8602201,1.2797822],[103.8602188,1.2797588],[103.8601998,1.2797548],[103.8602011,1.279738],[103.86019,1.2797354],[103.8601909,1.2796994],[103.8601654,1.2796494],[103.8601875,1.2796388],[103.8602161,1.2796949],[103.8602537,1.2796982],[103.8602467,1.2797212],[103.8602573,1.2797256],[103.8602604,1.2797345],[103.8602825,1.2797309],[103.86029,1.2797415],[103.8602953,1.2797473],[103.8603028,1.2797508],[103.8603099,1.2797508],[103.8603166,1.2797486],[103.8603219,1.2797455],[103.860325,1.2797407],[103.8603289,1.2797159],[103.8603444,1.2797155],[103.8603449,1.2797433],[103.8603882,1.2797579],[103.8603959,1.2797617],[103.8603976,1.2797679],[103.8603957,1.2797737],[103.8603873,1.2797749],[103.8603714,1.2797689],[103.8603803,1.2797937],[103.8604444,1.279799],[103.8605086,1.2798446],[103.8605099,1.279857],[103.8605298,1.2798495],[103.8605997,1.2799238],[103.8605776,1.2799353],[103.8605829,1.2799751],[103.8606032,1.2799737],[103.860628,1.2800091],[103.860632,1.2800206],[103.8606302,1.2800299],[103.8606258,1.2800348],[103.8606178,1.2800379],[103.8606072,1.2800388],[103.8605997,1.2800383],[103.8605926,1.2800357],[103.8605886,1.2800304],[103.8605838,1.2799932],[103.860563,1.2799923],[103.8605603,1.2799751],[103.8605329,1.2799729],[103.8605218,1.2799512],[103.8605024,1.2799454],[103.8604847,1.279922],[103.8604422,1.2799145],[103.8604108,1.2799304],[103.8603926,1.2799848],[103.8603958,1.2800237],[103.8603975,1.280027],[103.8603996,1.2800296],[103.8604031,1.2800327],[103.8604097,1.2800337],[103.8604184,1.2800342],[103.8604426,1.2800365],[103.8604481,1.2800379],[103.8604516,1.2800408],[103.8604537,1.2800446],[103.8604542,1.2800505],[103.8604537,1.2800563],[103.8604531,1.2800601],[103.8604534,1.2800639],[103.8604566,1.2800665],[103.8604627,1.2800665],[103.8604688,1.2800651],[103.8604868,1.2800621],[103.8604919,1.2800618],[103.8604965,1.2800624],[103.8605027,1.2800655],[103.8605049,1.280068],[103.8605065,1.2800709],[103.8605069,1.2800749],[103.8605059,1.2800782],[103.8605043,1.2800812],[103.8605017,1.280085],[103.8605011,1.2800874],[103.8605013,1.2800899],[103.8605024,1.2800918],[103.860504,1.2800934],[103.8605063,1.2800942],[103.8605089,1.2800942],[103.8605128,1.2800934],[103.860517,1.2800932],[103.8605216,1.2800943],[103.860525,1.2800968],[103.8605271,1.2800995],[103.8605278,1.2801031],[103.8605274,1.2801098],[103.8605274,1.2801147],[103.8605287,1.2801196],[103.8605309,1.2801238],[103.860534,1.2801281],[103.8605551,1.2801494],[103.8605584,1.2801521],[103.8605633,1.2801527],[103.8605681,1.2801511],[103.8605952,1.2801344],[103.8606049,1.2801319],[103.8606141,1.2801326],[103.860621,1.2801373],[103.8606237,1.2801469],[103.8606172,1.2802158],[103.8606203,1.2802358],[103.860628,1.2802543],[103.8606557,1.2802944],[103.860611,1.2803098]]]}},{"type":"Feature","id":"osm-way-915671006","properties":{"kind":"primaryRoad","name":"Republic Boulevard"},"geometry":{"type":"LineString","coordinates":[[103.8626502,1.2959048],[103.8626392,1.2957732]]}},{"type":"Feature","id":"osm-way-934538830","properties":{"kind":"building","name":"Soho 2 @ Central"},"geometry":{"type":"Polygon","coordinates":[[[103.8462317,1.2883431],[103.8461932,1.2883001],[103.8458758,1.2879459],[103.8458256,1.2878898],[103.8459268,1.2877992],[103.846005,1.2877292],[103.8464111,1.2881825],[103.8463697,1.2882196],[103.8463376,1.2882483],[103.8462721,1.288307],[103.8462317,1.2883431]]]}},{"type":"Feature","id":"osm-way-935032527","properties":{"kind":"building","name":"Siakson Building"},"geometry":{"type":"Polygon","coordinates":[[[103.8529304,1.2967921],[103.8529916,1.2967428],[103.8530235,1.2967824],[103.8530538,1.2968199],[103.8529927,1.2968692],[103.8529304,1.2967921]]]}},{"type":"Feature","id":"osm-way-937362901","properties":{"kind":"road","name":"Penang Lane"},"geometry":{"type":"LineString","coordinates":[[103.8443415,1.2980448],[103.8443592,1.2981019]]}},{"type":"Feature","id":"osm-way-938314559","properties":{"kind":"building","name":"The Robertson House by The Crest Collection"},"geometry":{"type":"Polygon","coordinates":[[[103.8424128,1.2910803],[103.8426758,1.291555],[103.8426636,1.2915903],[103.8424688,1.2916953],[103.8423776,1.29167],[103.8423496,1.2917792],[103.8422881,1.2918145],[103.8422142,1.291802],[103.8421781,1.2917341],[103.8421921,1.29168],[103.8422064,1.2916249],[103.8420987,1.291597],[103.8419945,1.291417],[103.8422484,1.2912703],[103.842113,1.291036],[103.8422101,1.2909821],[103.8424128,1.2910803]]]}},{"type":"Feature","id":"osm-way-939684168","properties":{"kind":"building","name":"Singapore Land Tower"},"geometry":{"type":"Polygon","coordinates":[[[103.8517462,1.2847448],[103.85172,1.2844432],[103.8522497,1.2843527],[103.8522738,1.2845096],[103.8523395,1.2845122],[103.852381,1.284946],[103.8520499,1.2849667],[103.851766,1.2847431],[103.8517462,1.2847448]]]}},{"type":"Feature","id":"osm-way-958873943","properties":{"kind":"road","name":"Bayfront Event Plaza"},"geometry":{"type":"LineString","coordinates":[[103.8573276,1.2816571],[103.8583302,1.2810109],[103.858293,1.2809523],[103.8575136,1.2797253],[103.8564893,1.2803778],[103.8573276,1.2816571]]}},{"type":"Feature","id":"osm-way-959196429","properties":{"kind":"road","name":"Shenton Lane"},"geometry":{"type":"LineString","coordinates":[[103.8500706,1.278089],[103.8500268,1.2780187],[103.8499871,1.277955],[103.8498515,1.2777374],[103.8497962,1.2776482],[103.8495955,1.277325],[103.8495768,1.2772948],[103.849287,1.2768281],[103.849154,1.2766179]]}},{"type":"Feature","id":"osm-way-975274145","properties":{"kind":"building","name":"Tribal Dining"},"geometry":{"type":"Polygon","coordinates":[[[103.8419871,1.2789735],[103.8421012,1.2788658],[103.842148,1.2789134],[103.8420348,1.2790233],[103.8419871,1.2789735]]]}},{"type":"Feature","id":"osm-way-975274146","properties":{"kind":"building","name":"Slate Bar"},"geometry":{"type":"Polygon","coordinates":[[[103.8419464,1.2789294],[103.8420611,1.2788227],[103.8421012,1.2788658],[103.8419871,1.2789735],[103.8419464,1.2789294]]]}},{"type":"Feature","id":"osm-way-975274150","properties":{"kind":"building","name":"Mondrian Singapore Duxton"},"geometry":{"type":"Polygon","coordinates":[[[103.8424224,1.2786317],[103.8423791,1.2786978],[103.8423345,1.2787659],[103.8420721,1.2785939],[103.8420163,1.2786791],[103.841888,1.278595],[103.8420318,1.2783758],[103.8424224,1.2786317]]]}},{"type":"Feature","id":"osm-way-980460879","properties":{"kind":"building","name":"lyf Funan Singapore"},"geometry":{"type":"Polygon","coordinates":[[[103.8493288,1.291567],[103.8492472,1.2914236],[103.8492339,1.2914009],[103.8495419,1.2912251],[103.8498384,1.2917463],[103.8495313,1.2919217],[103.8494418,1.291765],[103.8496151,1.2916669],[103.849502,1.2914689],[103.8493288,1.291567]]]}},{"type":"Feature","id":"osm-way-982177931","properties":{"kind":"building","name":"Canninghill Piers Showflat"},"geometry":{"type":"Polygon","coordinates":[[[103.843499,1.2905085],[103.8431313,1.2899316],[103.8433542,1.2897897],[103.8437218,1.2903666],[103.843499,1.2905085]]]}},{"type":"Feature","id":"osm-way-986973996","properties":{"kind":"building","name":"OUE Tower"},"geometry":{"type":"Polygon","coordinates":[[[103.853169,1.2835386],[103.8531543,1.2835641],[103.8531367,1.2835843],[103.8531157,1.2836008],[103.8530893,1.2836144],[103.8530606,1.2836221],[103.8530335,1.283624],[103.8530066,1.2836207],[103.8529791,1.2836118],[103.852954,1.2835975],[103.8529322,1.2835786],[103.8529146,1.2835556],[103.8529026,1.2835314],[103.8528954,1.2835053],[103.8528932,1.2834755],[103.8528972,1.2834458],[103.8529057,1.2834211],[103.8529184,1.2833983],[103.8529357,1.2833776],[103.8529565,1.2833605],[103.8529826,1.2833465],[103.853011,1.2833381],[103.8530376,1.2833357],[103.8530642,1.2833383],[103.8530932,1.283347],[103.8531198,1.2833617],[103.8531397,1.2833784],[103.8531564,1.2833986],[103.853171,1.283426],[103.8531795,1.2834559],[103.8531814,1.2834834],[103.8531781,1.2835108],[103.853169,1.2835386]]]}},{"type":"Feature","id":"osm-way-996698201","properties":{"kind":"primaryRoad","name":"Upper Cross Street"},"geometry":{"type":"LineString","coordinates":[[103.8424675,1.287234],[103.8424945,1.2873148]]}},{"type":"Feature","id":"osm-way-996698202","properties":{"kind":"primaryRoad","name":"Upper Cross Street"},"geometry":{"type":"LineString","coordinates":[[103.8424945,1.2873148],[103.8424941,1.2873355],[103.8424909,1.2873862]]}},{"type":"Feature","id":"osm-way-996698203","properties":{"kind":"primaryRoad","name":"Upper Cross Street"},"geometry":{"type":"LineString","coordinates":[[103.8421769,1.2876636],[103.8419393,1.2877898]]}},{"type":"Feature","id":"osm-way-996698204","properties":{"kind":"primaryRoad","name":"Upper Cross Street"},"geometry":{"type":"LineString","coordinates":[[103.8424945,1.2873148],[103.8425945,1.287394]]}},{"type":"Feature","id":"osm-way-998652984","properties":{"kind":"road","name":"Trengganu Street"},"geometry":{"type":"LineString","coordinates":[[103.8438943,1.2824685],[103.8437582,1.2822232],[103.8436555,1.282038]]}},{"type":"Feature","id":"osm-way-998652985","properties":{"kind":"road","name":"Trengganu Street"},"geometry":{"type":"LineString","coordinates":[[103.8442549,1.2831185],[103.8441283,1.2828903]]}},{"type":"Feature","id":"osm-way-1001575699","properties":{"kind":"road","name":"Commerce Street"},"geometry":{"type":"LineString","coordinates":[[103.852019,1.2790254],[103.8521023,1.2789703],[103.8526529,1.2786212],[103.852748,1.2785577]]}},{"type":"Feature","id":"osm-way-1015224188","properties":{"kind":"water","name":""},"geometry":{"type":"Polygon","coordinates":[[[103.8476571,1.281446],[103.8476663,1.2814544],[103.8476723,1.2814652],[103.8476745,1.2814775],[103.8476728,1.2814898],[103.8476671,1.2815008],[103.8476582,1.2815095],[103.847647,1.2815149],[103.8476343,1.2815164],[103.8476218,1.2815136],[103.847611,1.2815069],[103.8476029,1.2814969],[103.8475986,1.2814849],[103.8475985,1.2814721],[103.8476026,1.28146],[103.8476105,1.2814499],[103.8476212,1.281443],[103.8476333,1.28144],[103.8476457,1.2814411],[103.8476571,1.281446]]]}},{"type":"Feature","id":"osm-way-1015882722","properties":{"kind":"road","name":"Connaught Drive"},"geometry":{"type":"LineString","coordinates":[[103.8523418,1.2884014],[103.8522876,1.288464],[103.8522399,1.2885016],[103.8520792,1.2886362]]}},{"type":"Feature","id":"osm-way-1015882723","properties":{"kind":"road","name":"Connaught Drive"},"geometry":{"type":"LineString","coordinates":[[103.8520374,1.2886636],[103.8520792,1.2886362]]}},{"type":"Feature","id":"osm-way-1015882724","properties":{"kind":"road","name":"Connaught Drive"},"geometry":{"type":"LineString","coordinates":[[103.8512854,1.2892183],[103.8514513,1.289092]]}},{"type":"Feature","id":"osm-way-1015882729","properties":{"kind":"road","name":""},"geometry":{"type":"LineString","coordinates":[[103.8541616,1.2914922],[103.8541486,1.2915427],[103.854157,1.2916366],[103.853648,1.2906866],[103.8531559,1.2897793],[103.8528229,1.2891491],[103.8529216,1.289104],[103.8528459,1.2889423],[103.8527511,1.2888069],[103.8525634,1.2886146],[103.852675,1.2885369],[103.8528822,1.2888056],[103.8535998,1.2903466],[103.8540855,1.2913608],[103.8541616,1.2914922]]}},{"type":"Feature","id":"osm-way-1029272262","properties":{"kind":"road","name":"McCallum Street"},"geometry":{"type":"LineString","coordinates":[[103.8496182,1.2783984],[103.849581,1.2783814],[103.8495561,1.2783795],[103.8495315,1.2783873]]}},{"type":"Feature","id":"osm-way-1029272263","properties":{"kind":"primaryRoad","name":"Shenton Way"},"geometry":{"type":"LineString","coordinates":[[103.8496182,1.2783984],[103.8495895,1.2783516]]}},{"type":"Feature","id":"osm-way-1030320617","properties":{"kind":"road","name":"Marina View"},"geometry":{"type":"LineString","coordinates":[[103.8523638,1.2795399],[103.8523896,1.2795788],[103.8524635,1.2796915]]}},{"type":"Feature","id":"osm-way-1030320618","properties":{"kind":"road","name":"Marina View"},"geometry":{"type":"LineString","coordinates":[[103.851237,1.2777872],[103.8513823,1.2780194]]}},{"type":"Feature","id":"osm-way-1039374422","properties":{"kind":"building","name":"Starbucks"},"geometry":{"type":"Polygon","coordinates":[[[103.8619795,1.2855721],[103.8619158,1.2855557],[103.8618737,1.2855176],[103.8618558,1.2854691],[103.861857,1.2854211],[103.8618742,1.2853646],[103.861907,1.2853265],[103.861946,1.2853598],[103.8619718,1.2853859],[103.8619514,1.2854102],[103.8619427,1.2854316],[103.8619413,1.2854602],[103.8619521,1.2854832],[103.8619818,1.2854948],[103.8619795,1.2855721]]]}},{"type":"Feature","id":"osm-way-1042664275","properties":{"kind":"road","name":"Alkaff Quay"},"geometry":{"type":"LineString","coordinates":[[103.8417766,1.2904532],[103.8417804,1.2904131],[103.8420726,1.2904089]]}},{"type":"Feature","id":"osm-way-1042664278","properties":{"kind":"road","name":"North Boat Quay"},"geometry":{"type":"LineString","coordinates":[[103.8484695,1.2899487],[103.8484438,1.2899501],[103.8484221,1.2899452],[103.8483582,1.2898967]]}},{"type":"Feature","id":"osm-way-1057491646","properties":{"kind":"building","name":"Canninghill Piers Skybridge"},"geometry":{"type":"Polygon","coordinates":[[[103.8445067,1.2914338],[103.8445187,1.2914364],[103.8445328,1.2914438],[103.844805,1.2914833],[103.8448217,1.29148],[103.8448275,1.2914907],[103.8448231,1.2915034],[103.8448258,1.2915192],[103.8448138,1.2915229],[103.844797,1.2915168],[103.8445288,1.2914773],[103.8445151,1.2914811],[103.844502,1.291478],[103.844506,1.2914719],[103.8445103,1.2914655],[103.8445127,1.2914555],[103.8445127,1.2914428],[103.8445067,1.2914338]]]}},{"type":"Feature","id":"osm-way-1060408379","properties":{"kind":"road","name":"Kreta Ayer Square"},"geometry":{"type":"LineString","coordinates":[[103.8439153,1.2817048],[103.8438631,1.28161],[103.8435647,1.2817743],[103.843617,1.2818692],[103.8439153,1.2817048]]}},{"type":"Feature","id":"osm-way-1061063331","properties":{"kind":"building","name":"Visual Arts Centre"},"geometry":{"type":"Polygon","coordinates":[[[103.8458469,1.298544],[103.8458373,1.2985143],[103.8463597,1.298345],[103.8463776,1.2984002],[103.8463942,1.2984515],[103.8458719,1.2986208],[103.8458591,1.2985814],[103.8458469,1.298544]]]}},{"type":"Feature","id":"osm-way-1062533111","properties":{"kind":"primaryRoad","name":"Raffles Avenue"},"geometry":{"type":"LineString","coordinates":[[103.8617904,1.2895164],[103.8616793,1.2895223]]}},{"type":"Feature","id":"osm-way-1065044406","properties":{"kind":"road","name":""},"geometry":{"type":"LineString","coordinates":[[103.8489092,1.2828236],[103.8494334,1.282509],[103.8498391,1.2822655],[103.8498504,1.2822587],[103.8498919,1.2822338]]}},{"type":"Feature","id":"osm-way-1075237479","properties":{"kind":"building","name":"Clarke Quay Central"},"geometry":{"type":"Polygon","coordinates":[[[103.8473989,1.289369],[103.8474222,1.2894165],[103.8474141,1.289462],[103.8473989,1.2894995],[103.8472769,1.2895831],[103.8472573,1.289548],[103.8471896,1.2895632],[103.8470793,1.2895713],[103.8469497,1.2895616],[103.8468531,1.2895375],[103.8467646,1.2895],[103.8465235,1.2893868],[103.8458339,1.2890629],[103.845858,1.2890039],[103.8458947,1.2889673],[103.8459975,1.2888695],[103.8460807,1.28891],[103.8461034,1.2888911],[103.8462364,1.2887802],[103.8462902,1.2887354],[103.846306,1.2887223],[103.8462952,1.2886741],[103.8463543,1.2886151],[103.8464435,1.2885825],[103.8464256,1.2885596],[103.8464489,1.2885389],[103.8464627,1.2885266],[103.8464965,1.2884967],[103.8465642,1.2884366],[103.8466102,1.2883958],[103.846754,1.2885646],[103.8469171,1.2887563],[103.8469281,1.2887692],[103.8468794,1.2887769],[103.8468501,1.2888021],[103.8468369,1.2888327],[103.8468394,1.2888741],[103.8468608,1.2889075],[103.8468919,1.2889255],[103.8469341,1.288927],[103.8469673,1.2889104],[103.8469897,1.2888805],[103.8469959,1.2888556],[103.8470311,1.2888977],[103.8472948,1.2892137],[103.847313,1.2892355],[103.8473726,1.2893296],[103.8473774,1.2893368],[103.8473989,1.289369]]]}},{"type":"Feature","id":"osm-way-1080928723","properties":{"kind":"building","name":"The Pavilion"},"geometry":{"type":"Polygon","coordinates":[[[103.848066,1.2835076],[103.848056,1.283492],[103.8480356,1.2835054],[103.8479974,1.2834459],[103.8480152,1.2834342],[103.8478961,1.2832487],[103.8480641,1.2831409],[103.848215,1.283376],[103.848066,1.2835076]]]}},{"type":"Feature","id":"osm-way-1081680267","properties":{"kind":"road","name":"Park Street"},"geometry":{"type":"LineString","coordinates":[[103.8510019,1.2773965],[103.8509648,1.2774201],[103.8500487,1.2780048],[103.8500268,1.2780187]]}},{"type":"Feature","id":"osm-way-1083770146","properties":{"kind":"primaryRoad","name":""},"geometry":{"type":"LineString","coordinates":[[103.8534574,1.2856009],[103.8535661,1.2856947],[103.8537139,1.2857465]]}},{"type":"Feature","id":"osm-way-1091165191","properties":{"kind":"road","name":"Marina View Link"},"geometry":{"type":"LineString","coordinates":[[103.8522386,1.2806383],[103.852226,1.2806518],[103.8521994,1.280688],[103.8521921,1.2807052],[103.8521781,1.280738],[103.8521664,1.2807773],[103.8521589,1.2808348]]}},{"type":"Feature","id":"osm-way-1094096441","properties":{"kind":"building","name":"School of Economics & School of Computing"},"geometry":{"type":"Polygon","coordinates":[[[103.8489466,1.2977919],[103.8487487,1.2979476],[103.8486961,1.2978782],[103.8488887,1.297715],[103.8489003,1.2977319],[103.8488855,1.297754],[103.8489171,1.2977866],[103.8489329,1.2977677],[103.8489466,1.2977919]]]}},{"type":"Feature","id":"osm-way-1101905279","properties":{"kind":"building","name":"Garden Pod"},"geometry":{"type":"Polygon","coordinates":[[[103.8616457,1.2782994],[103.8616517,1.2782725],[103.8617258,1.278289],[103.861731,1.2782656],[103.8617549,1.2781576],[103.8617824,1.2781637],[103.8617637,1.2782483],[103.8618816,1.2782742],[103.8618748,1.2783055],[103.8618019,1.2782895],[103.8617762,1.2784046],[103.8617464,1.278398],[103.8617626,1.2783255],[103.8616457,1.2782994]]]}},{"type":"Feature","id":"osm-way-1111001747","properties":{"kind":"road","name":""},"geometry":{"type":"LineString","coordinates":[[103.8623287,1.2806848],[103.8622678,1.2806501],[103.8622622,1.2806136],[103.8622562,1.2805747],[103.8622486,1.2802428],[103.862177,1.2800658],[103.8620578,1.2799129],[103.862169,1.2799314],[103.8623074,1.2799248],[103.8624026,1.2798971],[103.86235,1.2799678],[103.8624173,1.2801688],[103.8624605,1.2802319],[103.8628508,1.2806636],[103.8628241,1.2806994],[103.8627966,1.2807362],[103.862538,1.2806845],[103.8623862,1.2806904],[103.8623287,1.2806848]]}},{"type":"Feature","id":"osm-way-1112431504","properties":{"kind":"primaryRoad","name":"Shenton Way"},"geometry":{"type":"LineString","coordinates":[[103.8495351,1.2782591],[103.8495062,1.2782142]]}},{"type":"Feature","id":"osm-way-1116761329","properties":{"kind":"road","name":"McCallum Street"},"geometry":{"type":"LineString","coordinates":[[103.8495315,1.2783873],[103.8495155,1.2783968],[103.8493717,1.2784801],[103.8491711,1.2785999]]}},{"type":"Feature","id":"osm-way-1120987160","properties":{"kind":"road","name":"Tanjong Pagar Road"},"geometry":{"type":"LineString","coordinates":[[103.8440389,1.2804057],[103.8440864,1.2804272],[103.8441355,1.2804263],[103.8441945,1.2803997]]}},{"type":"Feature","id":"osm-way-1121759130","properties":{"kind":"road","name":"Connaught Drive"},"geometry":{"type":"LineString","coordinates":[[103.8524101,1.288339],[103.8523788,1.2883511],[103.8523538,1.2883751],[103.8523418,1.2884014]]}},{"type":"Feature","id":"osm-way-1121865329","properties":{"kind":"road","name":""},"geometry":{"type":"LineString","coordinates":[[103.862263,1.2781439],[103.8621352,1.2783066],[103.862015,1.2782274],[103.861955,1.2781879]]}},{"type":"Feature","id":"osm-way-1124074831","properties":{"kind":"primaryRoad","name":"Fullerton Road"},"geometry":{"type":"LineString","coordinates":[[103.8536934,1.2863268],[103.8537113,1.2863939]]}},{"type":"Feature","id":"osm-way-1135080884","properties":{"kind":"building","name":"Milieu @ Middle Road"},"geometry":{"type":"Polygon","coordinates":[[[103.8554609,1.2975782],[103.8554659,1.297538],[103.8561111,1.2970354],[103.856145,1.2970389],[103.8564763,1.2974775],[103.8564779,1.2975179],[103.8559282,1.2981651],[103.8558935,1.2981638],[103.8557746,1.2980176],[103.8556146,1.2977975],[103.8555839,1.2977553],[103.8555794,1.2977492],[103.8555529,1.2977127],[103.8554609,1.2975782]]]}},{"type":"Feature","id":"osm-way-1136604475","properties":{"kind":"road","name":"Sago Street"},"geometry":{"type":"LineString","coordinates":[[103.8436555,1.282038],[103.8439839,1.2818506]]}},{"type":"Feature","id":"osm-way-1146475883","properties":{"kind":"road","name":"Duxton Hill"},"geometry":{"type":"LineString","coordinates":[[103.8428217,1.2791616],[103.8427405,1.2791128],[103.8426536,1.2790554]]}},{"type":"Feature","id":"osm-way-1146477390","properties":{"kind":"road","name":"Fullerton Promenade"},"geometry":{"type":"LineString","coordinates":[[103.8536768,1.2866731],[103.8536274,1.2867062],[103.8536044,1.2867524],[103.8534272,1.2869841],[103.8533814,1.2870899],[103.8533324,1.287148]]}},{"type":"Feature","id":"osm-way-1148389250","properties":{"kind":"primaryRoad","name":"Victoria Street"},"geometry":{"type":"LineString","coordinates":[[103.8534083,1.2978206],[103.8534389,1.297859]]}},{"type":"Feature","id":"osm-way-1149827304","properties":{"kind":"building","name":"The CO Building"},"geometry":{"type":"Polygon","coordinates":[[[103.849583,1.2904378],[103.8494218,1.2902406],[103.8495055,1.2901719],[103.8496661,1.2903735],[103.849583,1.2904378]]]}},{"type":"Feature","id":"osm-way-1160850806","properties":{"kind":"road","name":"Jubilee Bridge"},"geometry":{"type":"LineString","coordinates":[[103.8547604,1.2888758],[103.8547768,1.2888977],[103.8548427,1.289008]]}},{"type":"Feature","id":"osm-way-1168513595","properties":{"kind":"water","name":""},"geometry":{"type":"Polygon","coordinates":[[[103.8489911,1.2855404],[103.848961,1.2854808],[103.8490483,1.2854368],[103.8490784,1.2854964],[103.8489911,1.2855404]]]}},{"type":"Feature","id":"osm-way-1169313728","properties":{"kind":"road","name":"Clarke Quay"},"geometry":{"type":"LineString","coordinates":[[103.8448339,1.2907028],[103.8447958,1.2907073],[103.8447703,1.290716],[103.844733,1.2907303]]}},{"type":"Feature","id":"osm-way-1169313729","properties":{"kind":"road","name":"Clarke Quay"},"geometry":{"type":"LineString","coordinates":[[103.8440207,1.2915835],[103.8442252,1.2919038]]}},{"type":"Feature","id":"osm-way-1197588159","properties":{"kind":"road","name":"Parliament Place"},"geometry":{"type":"LineString","coordinates":[[103.85081,1.289554],[103.8510463,1.2893652]]}},{"type":"Feature","id":"osm-way-1200991649","properties":{"kind":"road","name":"Chulia Street"},"geometry":{"type":"LineString","coordinates":[[103.8513781,1.2849516],[103.8512097,1.2849732],[103.8506707,1.2850421]]}},{"type":"Feature","id":"osm-way-1201007627","properties":{"kind":"road","name":"Ann Siang Road"},"geometry":{"type":"LineString","coordinates":[[103.8462169,1.2803886],[103.8461912,1.2804265]]}},{"type":"Feature","id":"osm-way-1201220123","properties":{"kind":"building","name":"The Sail"},"geometry":{"type":"Polygon","coordinates":[[[103.8527274,1.2813605],[103.8527428,1.2813528],[103.8527397,1.281379],[103.8527274,1.2813605]]]}},{"type":"Feature","id":"osm-way-1206694672","properties":{"kind":"building","name":"IOI Central Boulevard Towers"},"geometry":{"type":"Polygon","coordinates":[[[103.8508139,1.2798955],[103.8508761,1.2798552],[103.8511131,1.2797017],[103.8511601,1.2796712],[103.8512365,1.2796217],[103.8519324,1.2791708],[103.8519986,1.2792732],[103.852018,1.2792606],[103.8520446,1.2792433],[103.852248,1.2795558],[103.852261,1.2795758],[103.8516573,1.2799683],[103.8514974,1.2800722],[103.8514455,1.280106],[103.8514514,1.280115],[103.8514287,1.2801296],[103.8514029,1.2801462],[103.8514129,1.280161],[103.8512877,1.280293],[103.8512569,1.2803251],[103.851228,1.280354],[103.8511161,1.2804547],[103.8510003,1.2802738],[103.8510244,1.2802193],[103.8508139,1.2798955]]]}},{"type":"Feature","id":"osm-way-1206760204","properties":{"kind":"road","name":"Connaught Drive"},"geometry":{"type":"LineString","coordinates":[[103.8523917,1.2885026],[103.8524216,1.2885091],[103.852452,1.2885046],[103.8524787,1.2884898],[103.8524986,1.2884665],[103.852509,1.2884375],[103.8525085,1.288407],[103.8524978,1.2883742],[103.8524744,1.2883539],[103.8524438,1.28834],[103.8524101,1.288339]]}},{"type":"Feature","id":"osm-way-1209238703","properties":{"kind":"primaryRoad","name":"Hill Street"},"geometry":{"type":"LineString","coordinates":[[103.850161,1.2936023],[103.8501578,1.2935921],[103.850061,1.2934243]]}},{"type":"Feature","id":"osm-way-1215229386","properties":{"kind":"primaryRoad","name":""},"geometry":{"type":"LineString","coordinates":[[103.8538808,1.286353],[103.8537113,1.2863939]]}},{"type":"Feature","id":"osm-way-1225155469","properties":{"kind":"building","name":"TMW Maxwell"},"geometry":{"type":"Polygon","coordinates":[[[103.8445161,1.2787827],[103.8445449,1.2787413],[103.8445223,1.2786112],[103.8445115,1.2785495],[103.8447215,1.2785134],[103.8448623,1.2793235],[103.8446105,1.2793662],[103.8445616,1.279083],[103.8445592,1.2790327],[103.8445161,1.2787827]]]}},{"type":"Feature","id":"osm-way-1225204616","properties":{"kind":"park","name":""},"geometry":{"type":"Polygon","coordinates":[[[103.8506308,1.2825733],[103.8506281,1.2823631],[103.8507448,1.2823616],[103.8508864,1.2824592],[103.8508878,1.28257],[103.8506308,1.2825733]]]}},{"type":"Feature","id":"osm-way-1226401483","properties":{"kind":"primaryRoad","name":"River Valley Road"},"geometry":{"type":"LineString","coordinates":[[103.844113,1.2926738],[103.8440505,1.2927149]]}},{"type":"Feature","id":"osm-way-1228813828","properties":{"kind":"water","name":""},"geometry":{"type":"Polygon","coordinates":[[[103.8542919,1.2946354],[103.8542993,1.2946421],[103.854304,1.2946509],[103.8543056,1.2946606],[103.854304,1.2946703],[103.8542993,1.294679],[103.8542921,1.2946857],[103.854283,1.2946897],[103.8542732,1.2946906],[103.8542636,1.2946883],[103.8542553,1.2946829],[103.8542491,1.2946751],[103.8542458,1.2946657],[103.8542458,1.2946558],[103.854249,1.2946464],[103.854255,1.2946385],[103.8542633,1.2946331],[103.8542729,1.2946306],[103.8542828,1.2946314],[103.8542919,1.2946354]]]}},{"type":"Feature","id":"osm-way-1229470019","properties":{"kind":"building","name":"IR2"},"geometry":{"type":"Polygon","coordinates":[[[103.8583517,1.2801104],[103.8586486,1.2799119],[103.8592009,1.2795857],[103.8603922,1.2815765],[103.8603238,1.2816615],[103.859466,1.2821837],[103.8590673,1.2815488],[103.8591247,1.2815162],[103.858748,1.280911],[103.8586582,1.2809517],[103.8581827,1.2802207],[103.8583517,1.2801104]]]}},{"type":"Feature","id":"osm-way-1229857586","properties":{"kind":"road","name":"Clifford Square"},"geometry":{"type":"LineString","coordinates":[[103.8535033,1.2841739],[103.8534277,1.2841734],[103.8532654,1.2841838],[103.8532687,1.284198],[103.8533404,1.2847756],[103.8533754,1.2848733],[103.853405,1.2848625],[103.8534411,1.2848493],[103.8534472,1.2848678],[103.8535011,1.2850323],[103.8535428,1.2850476],[103.8535428,1.2850039],[103.8535428,1.2849296],[103.8535859,1.2849267],[103.8536347,1.2849229],[103.8536299,1.2848545],[103.853591,1.2848525],[103.8535879,1.2847661],[103.8536907,1.2847596],[103.8536741,1.2846185],[103.853569,1.2846206],[103.8535662,1.28458],[103.8536075,1.284578],[103.853598,1.284399],[103.8535552,1.2843949],[103.8535525,1.2842877],[103.8534895,1.2842878],[103.8534929,1.2842675],[103.8535076,1.2842643],[103.8535033,1.2841739]]}},{"type":"Feature","id":"osm-way-1234505971","properties":{"kind":"primaryRoad","name":""},"geometry":{"type":"LineString","coordinates":[[103.844113,1.2926738],[103.8441493,1.2927274],[103.8442043,1.2927595]]}},{"type":"Feature","id":"osm-way-1235143547","properties":{"kind":"road","name":"Marina South Avenue"},"geometry":{"type":"LineString","coordinates":[[103.8632222,1.2749276],[103.8632928,1.2750408],[103.8638185,1.275828],[103.863969,1.276064],[103.8650193,1.2776926],[103.8654681,1.2783721],[103.8655475,1.2784924],[103.8655934,1.278561],[103.865664,1.278675],[103.8660925,1.2793668]]}},{"type":"Feature","id":"osm-way-1235143548","properties":{"kind":"road","name":"Marina South Avenue"},"geometry":{"type":"LineString","coordinates":[[103.8660925,1.2793668],[103.8661289,1.279568],[103.8661313,1.2797188],[103.8661148,1.2798365],[103.8660836,1.2800101],[103.8660517,1.2802294],[103.8660268,1.2803891]]}},{"type":"Feature","id":"osm-way-1235143549","properties":{"kind":"road","name":"Marina South Avenue"},"geometry":{"type":"LineString","coordinates":[[103.8656603,1.2784988],[103.8656135,1.278437],[103.8655302,1.2783126],[103.865293,1.2779581],[103.8644647,1.2766223],[103.8639651,1.275817],[103.863673,1.2753278],[103.8634308,1.274949],[103.8633596,1.2748376]]}},{"type":"Feature","id":"osm-way-1235143550","properties":{"kind":"road","name":"Marina South Avenue"},"geometry":{"type":"LineString","coordinates":[[103.8661115,1.2804131],[103.866138,1.2802497],[103.8661955,1.2799117],[103.8662158,1.2797451],[103.8662201,1.2796022],[103.8662027,1.27946],[103.8661669,1.2793355],[103.8660159,1.279079],[103.8657312,1.2786144],[103.8656603,1.2784988]]}},{"type":"Feature","id":"osm-way-1239178503","properties":{"kind":"water","name":""},"geometry":{"type":"Polygon","coordinates":[[[103.8699278,1.2922966],[103.8700128,1.2922959],[103.8700781,1.292294],[103.8701235,1.292296],[103.8702185,1.2923314],[103.8702962,1.2923534],[103.8703717,1.2923422],[103.8704457,1.292298],[103.8704868,1.292185],[103.8705522,1.2920629],[103.8705683,1.2920121],[103.8706241,1.2918897],[103.8706577,1.2918503],[103.870676,1.2918588],[103.8705866,1.2920411],[103.8704945,1.2922373],[103.8704581,1.2923313],[103.8704004,1.2923759],[103.87031,1.2923877],[103.8702364,1.2923773],[103.8701616,1.292345],[103.8701133,1.2923251],[103.8700651,1.2923244],[103.8699143,1.2923248],[103.8699278,1.2922966]]]}},{"type":"Feature","id":"osm-way-1243713719","properties":{"kind":"building","name":"Old Married Soldiers Quarters"},"geometry":{"type":"Polygon","coordinates":[[[103.8460005,1.294711],[103.8460595,1.2947192],[103.8460547,1.2947538],[103.8459957,1.2947456],[103.8460005,1.294711]]]}},{"type":"Feature","id":"osm-way-1248991474","properties":{"kind":"road","name":"Tanjong Rhu Road"},"geometry":{"type":"LineString","coordinates":[[103.8679895,1.2958252],[103.8680892,1.2958579],[103.8682048,1.2959553]]}},{"type":"Feature","id":"osm-way-1248991476","properties":{"kind":"road","name":"Rhu Cross"},"geometry":{"type":"LineString","coordinates":[[103.8680233,1.295618],[103.8680071,1.2957292]]}},{"type":"Feature","id":"osm-way-1270616366","properties":{"kind":"road","name":""},"geometry":{"type":"LineString","coordinates":[[103.8487607,1.2844936],[103.8491111,1.2842527],[103.8492574,1.2841371],[103.8494231,1.2839922]]}},{"type":"Feature","id":"osm-way-1272549846","properties":{"kind":"road","name":"The Courtyard"},"geometry":{"type":"LineString","coordinates":[[103.8559682,1.2893539],[103.8559501,1.2893648],[103.8559331,1.2893852],[103.8559268,1.2894001],[103.8559211,1.2894144],[103.855918,1.2894303],[103.8559193,1.2894503],[103.8559222,1.2894688],[103.8559298,1.2894878],[103.8559369,1.2895022],[103.855946,1.2895134],[103.8559551,1.2895227],[103.8559663,1.2895299],[103.8559789,1.2895374],[103.8559941,1.2895435],[103.8560124,1.289548],[103.8560285,1.2895488],[103.8560451,1.289546],[103.856061,1.2895424],[103.8560738,1.2895374],[103.8560877,1.2895289],[103.8561004,1.2895168],[103.8561101,1.2895052],[103.8561166,1.2894965],[103.856122,1.2894868],[103.8561271,1.2894717],[103.8561302,1.2894499],[103.8561307,1.2894367],[103.8561291,1.2894236],[103.8561239,1.2894029],[103.8561146,1.2893874],[103.8561007,1.289367],[103.8560845,1.2893537],[103.8560714,1.2893466],[103.8561369,1.2892427],[103.8560333,1.2892539],[103.8558947,1.289269],[103.8559682,1.2893539]]}},{"type":"Feature","id":"osm-way-1272549847","properties":{"kind":"road","name":"The Lawn"},"geometry":{"type":"LineString","coordinates":[[103.8558947,1.289269],[103.8557952,1.2892752],[103.855791,1.2892384],[103.8557827,1.2892077],[103.855772,1.2891759],[103.8557599,1.2891485],[103.8557447,1.2891274],[103.8557276,1.2891073],[103.8556937,1.2890726],[103.855677,1.2890606],[103.8556602,1.2890505],[103.8557452,1.2889882],[103.8557848,1.2889703],[103.8558522,1.2890173],[103.8559122,1.2890347],[103.8559739,1.2890427],[103.8560289,1.2890427],[103.8560879,1.2890347],[103.8561429,1.2890186],[103.8562005,1.2889864],[103.85623,1.2889516],[103.8562831,1.288962],[103.8564855,1.2889523],[103.8568215,1.2889373],[103.856836,1.2891617],[103.8566092,1.2891739],[103.8565907,1.2891384],[103.8565351,1.2890942],[103.8564936,1.2890857],[103.8564728,1.2890815],[103.8563976,1.2891148],[103.8563553,1.2891868],[103.8563507,1.2892255],[103.8561369,1.2892427],[103.8560333,1.2892539],[103.8558947,1.289269]]}},{"type":"Feature","id":"osm-way-1280340515","properties":{"kind":"road","name":""},"geometry":{"type":"LineString","coordinates":[[103.8538916,1.2839976],[103.8538815,1.2837987],[103.8538283,1.2837996]]}},{"type":"Feature","id":"osm-way-1284607334","properties":{"kind":"road","name":"North Boat Quay"},"geometry":{"type":"LineString","coordinates":[[103.8498255,1.2888893],[103.8497416,1.2890346],[103.8496529,1.2891387],[103.8495522,1.289202]]}},{"type":"Feature","id":"osm-way-1284607341","properties":{"kind":"road","name":"North Boat Quay"},"geometry":{"type":"LineString","coordinates":[[103.8490135,1.2896156],[103.8489964,1.2895717],[103.8493348,1.289358]]}},{"type":"Feature","id":"osm-way-1284607344","properties":{"kind":"road","name":"Boat Quay"},"geometry":{"type":"LineString","coordinates":[[103.8491187,1.2889164],[103.8488811,1.2891285],[103.8488677,1.2891139]]}},{"type":"Feature","id":"osm-way-1284607345","properties":{"kind":"road","name":"Boat Quay"},"geometry":{"type":"LineString","coordinates":[[103.8488677,1.2891139],[103.8490344,1.288961]]}},{"type":"Feature","id":"osm-way-1303467108","properties":{"kind":"primaryRoad","name":""},"geometry":{"type":"LineString","coordinates":[[103.8547634,1.2911466],[103.8548005,1.2913461],[103.8548025,1.2914212],[103.8547844,1.2914936],[103.8547543,1.2915628]]}},{"type":"Feature","id":"osm-way-1303467716","properties":{"kind":"primaryRoad","name":"Stamford Road"},"geometry":{"type":"LineString","coordinates":[[103.8547543,1.2915628],[103.854655,1.291663]]}},{"type":"Feature","id":"osm-way-1308736143","properties":{"kind":"primaryRoad","name":"Republic Boulevard"},"geometry":{"type":"LineString","coordinates":[[103.8623329,1.2968761],[103.8618205,1.2962695]]}},{"type":"Feature","id":"osm-way-1308762995","properties":{"kind":"road","name":"Mohamed Ali Lane"},"geometry":{"type":"LineString","coordinates":[[103.8462681,1.2826428],[103.8462423,1.2826721]]}},{"type":"Feature","id":"osm-way-1308762997","properties":{"kind":"road","name":"Mohamed Ali Lane"},"geometry":{"type":"LineString","coordinates":[[103.8462423,1.2826721],[103.8462147,1.2826816]]}},{"type":"Feature","id":"osm-way-1308762998","properties":{"kind":"road","name":"Club Street"},"geometry":{"type":"LineString","coordinates":[[103.8462579,1.2824382],[103.846323,1.2824666]]}},{"type":"Feature","id":"osm-way-1313321640","properties":{"kind":"primaryRoad","name":"Esplanade Drive"},"geometry":{"type":"LineString","coordinates":[[103.8544324,1.2892532],[103.85437,1.2889292]]}},{"type":"Feature","id":"osm-way-1313402466","properties":{"kind":"road","name":"Handy Road"},"geometry":{"type":"LineString","coordinates":[[103.8472157,1.2992469],[103.8471405,1.2992768]]}},{"type":"Feature","id":"osm-way-1313410360","properties":{"kind":"primaryRoad","name":"Marina Boulevard"},"geometry":{"type":"LineString","coordinates":[[103.85198,1.282188],[103.8520704,1.2821298]]}},{"type":"Feature","id":"osm-way-1319754234","properties":{"kind":"primaryRoad","name":"Bencoolen Street"},"geometry":{"type":"LineString","coordinates":[[103.8500678,1.2985252],[103.8498774,1.298302]]}},{"type":"Feature","id":"osm-way-1319754235","properties":{"kind":"primaryRoad","name":"Bencoolen Street"},"geometry":{"type":"LineString","coordinates":[[103.8501484,1.2986196],[103.8500779,1.298537]]}},{"type":"Feature","id":"osm-way-1330109052","properties":{"kind":"road","name":"Temasek Boulevard"},"geometry":{"type":"LineString","coordinates":[[103.858309,1.2936018],[103.8580944,1.2932475]]}},{"type":"Feature","id":"osm-way-1331871985","properties":{"kind":"road","name":"Commerce Street"},"geometry":{"type":"LineString","coordinates":[[103.851829,1.2791444],[103.8519344,1.2790784],[103.852019,1.2790254]]}},{"type":"Feature","id":"osm-way-1339778652","properties":{"kind":"road","name":"Handy Road"},"geometry":{"type":"LineString","coordinates":[[103.8472065,1.2993238],[103.847275,1.2992878]]}},{"type":"Feature","id":"osm-way-1339778653","properties":{"kind":"road","name":"Handy Road"},"geometry":{"type":"LineString","coordinates":[[103.8464481,1.2996439],[103.8465501,1.2995763],[103.846656,1.2995213],[103.846739,1.2994847]]}},{"type":"Feature","id":"osm-way-1339778654","properties":{"kind":"road","name":"Handy Road"},"geometry":{"type":"LineString","coordinates":[[103.846739,1.2994847],[103.8469584,1.2994042]]}},{"type":"Feature","id":"osm-way-1347285037","properties":{"kind":"water","name":""},"geometry":{"type":"Polygon","coordinates":[[[103.844309,1.2992204],[103.844254,1.2991815],[103.8442433,1.2991507],[103.8442849,1.2991145],[103.8443506,1.2991051],[103.8444109,1.2991091],[103.8444445,1.2991373],[103.8444136,1.2991869],[103.8443774,1.2992043],[103.844309,1.2992204]]]}},{"type":"Feature","id":"osm-way-1359074611","properties":{"kind":"building","name":"Dhoby Ghaut MRT Station"},"geometry":{"type":"Polygon","coordinates":[[[103.8459063,1.3007704],[103.8457426,1.3009876],[103.8457011,1.3009111],[103.8455549,1.3006416],[103.8452766,1.3000991],[103.845107,1.3001911],[103.845056,1.3000866],[103.8450104,1.2999713],[103.8449675,1.2998801],[103.8449997,1.2998506],[103.8449362,1.2996517],[103.8447947,1.2996942],[103.8447464,1.2995337],[103.8448899,1.2994906],[103.8448674,1.2994157],[103.8449246,1.2993961],[103.844887,1.2992848],[103.8453362,1.2991266],[103.8452371,1.2988028],[103.8455254,1.2987163],[103.8455361,1.2986573],[103.8460273,1.298513],[103.8459563,1.2982713],[103.8462154,1.2981952],[103.8462423,1.2982864],[103.8461106,1.2983251],[103.8461599,1.2984927],[103.8467097,1.298331],[103.8467255,1.2983844],[103.8471273,1.2982661],[103.8472059,1.2985327],[103.8465527,1.2987297],[103.8465656,1.2987719],[103.846595,1.2988676],[103.8466117,1.2989214],[103.8466117,1.2989221],[103.8459101,1.2991493],[103.8457346,1.2995744],[103.8457725,1.2997004],[103.8457325,1.2997125],[103.8456682,1.2997319],[103.8454641,1.2997931],[103.8457561,1.3004593],[103.8459063,1.3007704]]]}},{"type":"Feature","id":"osm-way-1369958494","properties":{"kind":"primaryRoad","name":"Ophir Road"},"geometry":{"type":"LineString","coordinates":[[103.8606625,1.2962789],[103.8608743,1.2958257]]}},{"type":"Feature","id":"osm-way-1369963424","properties":{"kind":"primaryRoad","name":"Republic Avenue"},"geometry":{"type":"LineString","coordinates":[[103.8633223,1.2992534],[103.8632728,1.2991708],[103.8631851,1.2990106],[103.8631013,1.2988195]]}},{"type":"Feature","id":"osm-way-1371627094","properties":{"kind":"road","name":""},"geometry":{"type":"LineString","coordinates":[[103.8678803,1.2952869],[103.8679347,1.2952956],[103.8679949,1.2953157],[103.8680895,1.2953356]]}},{"type":"Feature","id":"osm-way-1371627095","properties":{"kind":"road","name":""},"geometry":{"type":"LineString","coordinates":[[103.8680895,1.2953356],[103.868172,1.2953407],[103.8682445,1.2953515]]}},{"type":"Feature","id":"osm-way-1376076507","properties":{"kind":"primaryRoad","name":"Republic Boulevard"},"geometry":{"type":"LineString","coordinates":[[103.8613771,1.2958526],[103.861328,1.2957998],[103.8612958,1.2957609],[103.8612522,1.2957077],[103.8611895,1.2956126],[103.8611825,1.2955809],[103.8611822,1.2955469],[103.8611951,1.295461]]}},{"type":"Feature","id":"osm-way-1376076508","properties":{"kind":"primaryRoad","name":"Ophir Road"},"geometry":{"type":"LineString","coordinates":[[103.8609169,1.2957401],[103.8609127,1.2956881],[103.86093,1.295638],[103.8609633,1.2955866],[103.861096,1.2954599]]}},{"type":"Feature","id":"osm-way-1376076511","properties":{"kind":"primaryRoad","name":"Ophir Road"},"geometry":{"type":"LineString","coordinates":[[103.8610965,1.295556],[103.8611951,1.295461]]}},{"type":"Feature","id":"osm-way-1376076512","properties":{"kind":"primaryRoad","name":"Ophir Road"},"geometry":{"type":"LineString","coordinates":[[103.861096,1.2954599],[103.8611588,1.2954014],[103.8611975,1.2953407],[103.8612364,1.2952528],[103.8612905,1.2950886],[103.8614881,1.2947134],[103.8616466,1.2943795],[103.8621039,1.2937252],[103.8623392,1.2933218],[103.862525,1.2929039],[103.8626465,1.292493],[103.8626513,1.2924134],[103.8626137,1.2921498]]}},{"type":"Feature","id":"osm-way-1376076513","properties":{"kind":"primaryRoad","name":"Ophir Road"},"geometry":{"type":"LineString","coordinates":[[103.8608743,1.2958257],[103.8609169,1.2957401]]}},{"type":"Feature","id":"osm-way-1385348545","properties":{"kind":"primaryRoad","name":"Central Expressway"},"geometry":{"type":"LineString","coordinates":[[103.8422391,1.2894506],[103.8420379,1.2891269]]}},{"type":"Feature","id":"osm-way-1391960351","properties":{"kind":"road","name":"Marina Grove"},"geometry":{"type":"LineString","coordinates":[[103.8655475,1.2784924],[103.8655134,1.2785222],[103.8654696,1.2785566],[103.8653776,1.2786485],[103.8651176,1.2788327],[103.8645208,1.2791946],[103.8645547,1.279244],[103.8646276,1.279274],[103.8646346,1.2792058],[103.8646514,1.2791438],[103.8647038,1.2791119],[103.8649055,1.2789838],[103.8650164,1.2789269],[103.865046,1.2789118],[103.8652127,1.2788461],[103.8654193,1.2787226]]}},{"type":"Feature","id":"osm-way-1392512181","properties":{"kind":"primaryRoad","name":"Stamford Road"},"geometry":{"type":"LineString","coordinates":[[103.8539328,1.2923967],[103.8539248,1.2924047]]}},{"type":"Feature","id":"osm-way-1393269252","properties":{"kind":"road","name":"Bonham Street"},"geometry":{"type":"LineString","coordinates":[[103.8508109,1.285674],[103.8510118,1.2856398],[103.8512465,1.285617],[103.851471,1.2856331]]}},{"type":"Feature","id":"osm-way-1415079998","properties":{"kind":"primaryRoad","name":"Raffles Boulevard"},"geometry":{"type":"LineString","coordinates":[[103.860022,1.2914054],[103.8600553,1.2914033]]}},{"type":"Feature","id":"osm-way-1415079999","properties":{"kind":"primaryRoad","name":"Raffles Boulevard"},"geometry":{"type":"LineString","coordinates":[[103.8599232,1.2914117],[103.860022,1.2914054]]}},{"type":"Feature","id":"osm-way-1419179267","properties":{"kind":"building","name":"Shaw Towers"},"geometry":{"type":"Polygon","coordinates":[[[103.8565993,1.2965619],[103.8565529,1.2965068],[103.8565443,1.2964783],[103.8565464,1.296429],[103.8565537,1.2964054],[103.8565699,1.2963848],[103.8567343,1.2962597],[103.8567775,1.2962269],[103.856772,1.2962197],[103.8568607,1.2961522],[103.8569626,1.2960746],[103.8569866,1.2960564],[103.85706,1.2960005],[103.8572026,1.295892],[103.8572056,1.2958897],[103.8572588,1.2959579],[103.8572518,1.2959629],[103.8572449,1.2959679],[103.8572598,1.2959885],[103.8572453,1.2959989],[103.8571228,1.2960875],[103.8570237,1.2961591],[103.8569199,1.2962341],[103.8568076,1.2963153],[103.8568196,1.2963296],[103.8571938,1.2967736],[103.8572513,1.296842],[103.8572553,1.2968521],[103.8572571,1.2968587],[103.8572574,1.2968674],[103.857256,1.2968754],[103.8572527,1.2968824],[103.8572472,1.2968915],[103.8572184,1.2969162],[103.8571913,1.2969396],[103.8570584,1.2970515],[103.8570334,1.2970726],[103.8570247,1.297077],[103.8570165,1.2970789],[103.8570097,1.2970791],[103.8570032,1.2970785],[103.8569961,1.2970764],[103.8569906,1.2970738],[103.856983,1.2970684],[103.8567918,1.2968419],[103.8568171,1.2968205],[103.8567132,1.2966971],[103.8566616,1.2966359],[103.8565993,1.2965619]]]}},{"type":"Feature","id":"osm-way-1435945524","properties":{"kind":"road","name":"Tanjong Rhu Road"},"geometry":{"type":"LineString","coordinates":[[103.8680476,1.2957462],[103.8680071,1.2957292]]}},{"type":"Feature","id":"osm-way-1436148780","properties":{"kind":"road","name":"Rhu Cross"},"geometry":{"type":"LineString","coordinates":[[103.8671655,1.2978026],[103.8671274,1.2978354],[103.8671129,1.297886],[103.8671247,1.2979373],[103.8671598,1.2979766],[103.8672095,1.297994],[103.8672739,1.2979786],[103.8673165,1.2979279],[103.8673213,1.2978859],[103.8673101,1.2978481],[103.8672957,1.2978036],[103.8672838,1.2977515],[103.8672854,1.2976483],[103.8672645,1.2976061]]}},{"type":"Feature","id":"osm-way-1436150213","properties":{"kind":"road","name":"Rhu Cross"},"geometry":{"type":"LineString","coordinates":[[103.8680071,1.2957292],[103.8679895,1.2958252]]}},{"type":"Feature","id":"osm-way-1447712292","properties":{"kind":"road","name":"Temasek Boulevard"},"geometry":{"type":"LineString","coordinates":[[103.8596319,1.2961357],[103.8596632,1.2962058],[103.8597075,1.2963068]]}},{"type":"Feature","id":"osm-way-1451530375","properties":{"kind":"road","name":""},"geometry":{"type":"LineString","coordinates":[[103.8687431,1.2941532],[103.8687554,1.294056]]}},{"type":"Feature","id":"osm-way-1454878072","properties":{"kind":"road","name":"Loke Yew Street"},"geometry":{"type":"LineString","coordinates":[[103.8498101,1.2937144],[103.8497598,1.29372],[103.8493382,1.293961],[103.849292,1.2939744],[103.8492496,1.2939811]]}},{"type":"Feature","id":"osm-way-1459790377","properties":{"kind":"primaryRoad","name":"Penang Road"},"geometry":{"type":"LineString","coordinates":[[103.8425042,1.2995482],[103.8423939,1.2996002]]}},{"type":"Feature","id":"osm-way-1459790378","properties":{"kind":"primaryRoad","name":"Penang Road"},"geometry":{"type":"LineString","coordinates":[[103.8427006,1.2994319],[103.8425245,1.2995386],[103.8425042,1.2995482]]}},{"type":"Feature","id":"osm-way-1467038016","properties":{"kind":"building","name":"IMBA Theatre"},"geometry":{"type":"Polygon","coordinates":[[[103.8618042,1.2836964],[103.861603,1.2829559],[103.8621452,1.2828135],[103.8621994,1.2829988],[103.8620879,1.2830354],[103.8620957,1.2830727],[103.8621141,1.2831481],[103.8620462,1.2831681],[103.8620548,1.2832033],[103.862167,1.2831701],[103.8621988,1.2832842],[103.862048,1.2833249],[103.8621199,1.2836118],[103.8618042,1.2836964]]]}},{"type":"Feature","id":"osm-way-1492514975","properties":{"kind":"building","name":"NS Square"},"geometry":{"type":"Polygon","coordinates":[[[103.85785,1.2893624],[103.8576878,1.2892176],[103.857895,1.2890566],[103.8579263,1.2890498],[103.8579406,1.2888135],[103.8579494,1.2887631],[103.8579787,1.2887438],[103.8588177,1.2887598],[103.8596698,1.2884046],[103.8597788,1.2879482],[103.8598318,1.2877557],[103.8598423,1.2877576],[103.85986,1.2876949],[103.8601298,1.2877128],[103.8601287,1.2877207],[103.8601407,1.2877244],[103.8601418,1.2877162],[103.8601556,1.287718],[103.8601411,1.2877666],[103.8601489,1.2877688],[103.8601269,1.2878391],[103.8601343,1.2878387],[103.8600024,1.2882882],[103.8601831,1.2885772],[103.8600409,1.2886676],[103.8599416,1.2885071],[103.8598958,1.2886834],[103.8600024,1.2888698],[103.8601355,1.2889688],[103.8601412,1.288973],[103.8600956,1.2890301],[103.8601421,1.28912],[103.8601166,1.289163],[103.8601967,1.2892951],[103.8599302,1.2894821],[103.859361,1.2895163],[103.8593318,1.2895491],[103.8590984,1.289572],[103.8590631,1.2896144],[103.8589438,1.2896212],[103.858891,1.2895749],[103.8588353,1.2895732],[103.858807,1.2895469],[103.8578071,1.2896041],[103.8578041,1.2895646],[103.857756,1.2895447],[103.85785,1.2893624]]]}},{"type":"Feature","id":"osm-way-1498422587","properties":{"kind":"primaryRoad","name":"Raffles Avenue"},"geometry":{"type":"LineString","coordinates":[[103.8630284,1.2910803],[103.8630066,1.2909718]]}},{"type":"Feature","id":"osm-way-1498693105","properties":{"kind":"primaryRoad","name":"Raffles Boulevard"},"geometry":{"type":"LineString","coordinates":[[103.8568682,1.2925727],[103.8569856,1.2925027]]}},{"type":"Feature","id":"osm-way-1515202201","properties":{"kind":"park","name":""},"geometry":{"type":"Polygon","coordinates":[[[103.8428052,1.2787118],[103.8427866,1.2787589],[103.8425173,1.2787474],[103.8425895,1.2786856],[103.8428052,1.2787118]]]}},{"type":"Feature","id":"osm-way-1516603921","properties":{"kind":"road","name":""},"geometry":{"type":"LineString","coordinates":[[103.8588679,1.2985199],[103.8590232,1.2986759],[103.8591788,1.298832],[103.8595364,1.2984756],[103.8592217,1.2981633],[103.8588679,1.2985199]]}},{"type":"Feature","id":"osm-way-1527215097","properties":{"kind":"road","name":"Merchant Road"},"geometry":{"type":"LineString","coordinates":[[103.8427625,1.2898136],[103.8427981,1.2897762],[103.8428098,1.2897414],[103.8428033,1.289697],[103.8427868,1.2896448],[103.8427726,1.2896225]]}},{"type":"Feature","id":"osm-way-1527215098","properties":{"kind":"road","name":""},"geometry":{"type":"LineString","coordinates":[[103.8429114,1.2895355],[103.8428579,1.2896067],[103.8428583,1.2896617],[103.8428854,1.2897043],[103.8429305,1.289744],[103.8430291,1.2897563]]}},{"type":"Feature","id":"osm-way-1527215099","properties":{"kind":"road","name":"Merchant Road"},"geometry":{"type":"LineString","coordinates":[[103.8426545,1.2898783],[103.8427625,1.2898136]]}},{"type":"Feature","id":"osm-way-1527215100","properties":{"kind":"road","name":"Merchant Road"},"geometry":{"type":"LineString","coordinates":[[103.8430291,1.2897563],[103.8430774,1.2897451],[103.8431234,1.2897304]]}},{"type":"Feature","id":"osm-way-1528417555","properties":{"kind":"road","name":"North Bridge Road"},"geometry":{"type":"LineString","coordinates":[[103.8512937,1.2923809],[103.8511193,1.292075]]}},{"type":"Feature","id":"osm-way-1531626773","properties":{"kind":"road","name":"Gardens by the Bay Drop Off"},"geometry":{"type":"LineString","coordinates":[[103.865935,1.2819842],[103.8660201,1.2819869],[103.8660998,1.2819581]]}},{"type":"Feature","id":"osm-way-1534818568","properties":{"kind":"road","name":"Cecil Street"},"geometry":{"type":"LineString","coordinates":[[103.8493235,1.2813345],[103.8494772,1.2815934],[103.8495242,1.2816724]]}},{"type":"Feature","id":"osm-way-1547718964","properties":{"kind":"building","name":"lyf Chinatown Singapore"},"geometry":{"type":"Polygon","coordinates":[[[103.8448761,1.2836766],[103.8447756,1.2834954],[103.8449886,1.2833774],[103.845089,1.2835587],[103.8448761,1.2836766]]]}},{"type":"Feature","id":"osm-way-1551538490","properties":{"kind":"building","name":"Temasek Shophouse"},"geometry":{"type":"Polygon","coordinates":[[[103.8463762,1.2992871],[103.8462906,1.2990274],[103.8465565,1.2989414],[103.8466251,1.2989186],[103.8466489,1.2989138],[103.8467324,1.2991701],[103.8466004,1.2992153],[103.8465701,1.2991243],[103.8465142,1.2991428],[103.8464383,1.2991681],[103.8464673,1.2992553],[103.8463762,1.2992871]]]}},{"type":"Feature","id":"osm-way-1554674871","properties":{"kind":"road","name":"Handy Road"},"geometry":{"type":"LineString","coordinates":[[103.8469705,1.2993334],[103.846789,1.2993929],[103.846691,1.2994298],[103.8465822,1.2994793],[103.8465015,1.2995213],[103.846407,1.299587]]}},{"type":"Feature","id":"osm-way-1554674872","properties":{"kind":"road","name":"Handy Road"},"geometry":{"type":"LineString","coordinates":[[103.8471405,1.2992768],[103.8470689,1.2993007],[103.8469705,1.2993334]]}},{"type":"Feature","id":"osm-way-1554674874","properties":{"kind":"road","name":"Handy Road"},"geometry":{"type":"LineString","coordinates":[[103.8471619,1.299339],[103.8472065,1.2993238]]}},{"type":"Feature","id":"osm-way-1554674877","properties":{"kind":"road","name":"Handy Road"},"geometry":{"type":"LineString","coordinates":[[103.846407,1.299587],[103.8463332,1.2996501],[103.8462428,1.2997428]]}},{"type":"Feature","id":"osm-way-1554674878","properties":{"kind":"road","name":"Handy Road"},"geometry":{"type":"LineString","coordinates":[[103.8462428,1.2997428],[103.8461661,1.2998311]]}},{"type":"Feature","id":"osm-way-1554802883","properties":{"kind":"road","name":"Queen Street"},"geometry":{"type":"LineString","coordinates":[[103.8510935,1.2966816],[103.851137,1.2967447]]}},{"type":"Feature","id":"osm-way-1557256909","properties":{"kind":"building","name":"UE Square Residences"},"geometry":{"type":"Polygon","coordinates":[[[103.8419003,1.2924435],[103.8419355,1.2923784],[103.8419918,1.2922712],[103.8420942,1.2922115],[103.842684,1.2931929],[103.8424192,1.293352],[103.8424081,1.2933335],[103.8423451,1.2933713],[103.8422383,1.2931935],[103.8423459,1.2931269],[103.8421543,1.2927803],[103.8421083,1.2928071],[103.8419518,1.2925467],[103.8419109,1.2925713],[103.841895,1.2925796],[103.8418467,1.2924911],[103.8419003,1.2924435]]]}},{"type":"Feature","id":"osm-way-1564283725","properties":{"kind":"primaryRoad","name":""},"geometry":{"type":"LineString","coordinates":[[103.8567243,1.2943125],[103.8565824,1.2943972]]}},{"type":"Feature","id":"osm-way-1564283726","properties":{"kind":"primaryRoad","name":"Nicoll Highway"},"geometry":{"type":"LineString","coordinates":[[103.8567243,1.2943125],[103.8566525,1.2941832]]}},{"type":"Feature","id":"osm-way-1565062888","properties":{"kind":"road","name":""},"geometry":{"type":"LineString","coordinates":[[103.8441251,1.2881561],[103.8440655,1.2882122]]}},{"type":"Feature","id":"osm-way-1565062889","properties":{"kind":"road","name":"Keng Cheow Street"},"geometry":{"type":"LineString","coordinates":[[103.8441251,1.2881561],[103.8440069,1.2880289]]}},{"type":"Feature","id":"osm-way-1565062890","properties":{"kind":"road","name":"Keng Cheow Street"},"geometry":{"type":"LineString","coordinates":[[103.8440655,1.2882122],[103.8442071,1.288364]]}},{"type":"Feature","id":"osm-way-1565062891","properties":{"kind":"road","name":""},"geometry":{"type":"LineString","coordinates":[[103.8440655,1.2882122],[103.8438475,1.2884143]]}}]}
